timestamp,project_name,run_id,experiment_id,duration,emissions,emissions_rate,cpu_power,gpu_power,ram_power,cpu_energy,gpu_energy,ram_energy,energy_consumed,water_consumed,country_name,country_iso_code,region,cloud_provider,cloud_region,os,python_version,codecarbon_version,cpu_count,cpu_model,gpu_count,gpu_model,longitude,latitude,ram_total_size,tracking_mode,cpu_utilization_percent,gpu_utilization_percent,ram_utilization_percent,ram_used_gb,on_cloud,pue,wue
2026-09-26T01:49:59,codecarbon,7b39bea9-b149-4954-8f6f-093764bed48b,5b0fa12a-3dd7-45bb-9766-cc326314d9f1,18.28184506800244,3.713804003172753e-06,2.0314164075664278e-07,3.5683219027199997,0.0,10.0,1.5550152603494167e-05,0.0,4.183040297499853e-05,5.738055557849269e-05,0.0,Canada,CAN,ontario,,,macOS-15.7.9-x86_64-i386-64bit,3.11.15,3.3.0,8,Intel(R) Core(TM) i7-1060NG7 CPU @ 1.20GHz,0,,-79.4057,43.709,16.0,machine,0.0,0,63.849999999999994,8.654218461778429,N,1.0,0.0
2026-09-26T01:50:14,codecarbon,7b39bea9-b149-4954-8f6f-093764bed48b,5b0fa12a-3dd7-45bb-9766-cc326314d9f1,33.37227136600268,8.37870151106732e-06,2.5106776278952806e-07,3.78606294848,0.0,10.0,3.677346094974106e-05,0.0,9.268262971111956e-05,0.00012945609066086062,0.0,Canada,CAN,ontario,,,macOS-15.7.9-x86_64-i386-64bit,3.11.15,3.3.0,8,Intel(R) Core(TM) i7-1060NG7 CPU @ 1.20GHz,0,,-79.4057,43.709,16.0,machine,0.0,0,64.05151515151518,8.686450958251953,N,1.0,0.0
2026-09-26T01:50:29,codecarbon,7b39bea9-b149-4954-8f6f-093764bed48b,5b0fa12a-3dd7-45bb-9766-cc326314d9f1,48.38996387500083,1.2401685068270028e-05,2.5628630557165954e-07,4.107858865074285,0.0,10.0,5.722542298677778e-05,0.0,0.00013438823748611968,0.00019161366047289744,0.0,Canada,CAN,ontario,,,macOS-15.7.9-x86_64-i386-64bit,3.11.15,3.3.0,8,Intel(R) Core(TM) i7-1060NG7 CPU @ 1.20GHz,0,,-79.4057,43.709,16.0,machine,2.0833333333333335,0,64.05833333333332,8.688921531041464,N,1.0,0.0
2026-09-26T01:50:44,codecarbon,7b39bea9-b149-4954-8f6f-093764bed48b,5b0fa12a-3dd7-45bb-9766-cc326314d9f1,63.40701420500045,1.6570145039809104e-05,2.613298425665711e-07,4.37921400528,0.0,10.0,7.992193098033549e-05,0.0,0.00017609699936390623,0.00025601893034424175,0.0,Canada,CAN,ontario,,,macOS-15.7.9-x86_64-i386-64bit,3.11.15,3.3.0,8,Intel(R) Core(TM) i7-1060NG7 CPU @ 1.20GHz,0,,-79.4057,43.709,16.0,machine,4.838709677419355,0,64.06290322580644,8.694885315433625,N,1.0,0.0
2026-09-26T01:50:59,codecarbon,7b39bea9-b149-4954-8f6f-093764bed48b,5b0fa12a-3dd7-45bb-9766-cc326314d9f1,78.42029086100229,2.07152115170563e-05,2.641562698839439e-07,4.577190788308811,0.0,10.0,0.00010227399857394578,0.0,0.00021778875776946936,0.00032006275634341517,0.0,Canada,CAN,ontario,,,macOS-15.7.9-x86_64-i386-64bit,3.11.15,3.3.0,8,Intel(R) Core(TM) i7-1060NG7 CPU @ 1.20GHz,0,,-79.4057,43.709,16.0,machine,3.896103896103896,0,64.07012987012989,8.69486395105139,N,1.0,0.0
2026-09-26T01:51:14,codecarbon,7b39bea9-b149-4954-8f6f-093764bed48b,5b0fa12a-3dd7-45bb-9766-cc326314d9f1,93.43393960600224,2.492435280302612e-05,2.667590910554409e-07,4.753117805534675,0.0,10.0,0.000125606645586081,0.0,0.00025948993195279397,0.00038509657753887493,0.0,Canada,CAN,ontario,,,macOS-15.7.9-x86_64-i386-64bit,3.11.15,3.3.0,8,Intel(R) Core(TM) i7-1060NG7 CPU @ 1.20GHz,0,,-79.4057,43.709,16.0,machine,5.434782608695652,0,64.1021739130435,8.687008318693742,N,1.0,0.0
2026-09-26T01:51:29,codecarbon,7b39bea9-b149-4954-8f6f-093764bed48b,5b0fa12a-3dd7-45bb-9766-cc326314d9f1,108.44796825900266,2.9043486581655596e-05,2.6781033382102655e-07,4.785973306946461,0.0,10.0,0.00014754722360592763,0.0,0.0003011925037916828,0.00044873972739761043,0.0,Canada,CAN,ontario,,,macOS-15.7.9-x86_64-i386-64bit,3.11.15,3.3.0,8,Intel(R) Core(TM) i7-1060NG7 CPU @ 1.20GHz,0,,-79.4057,43.709,16.0,machine,4.672897196261682,0,64.16261682242994,8.676303328754745,N,1.0,0.0
2026-09-26T01:51:44,codecarbon,7b39bea9-b149-4954-8f6f-093764bed48b,5b0fa12a-3dd7-45bb-9766-cc326314d9f1,123.49528112600092,3.313774233958048e-05,2.683320531557023e-07,4.817674401524706,0.0,10.0,0.00016905991441321574,0.0,0.00034293858212500303,0.0005119984965382188,0.0,Canada,CAN,ontario,,,macOS-15.7.9-x86_64-i386-64bit,3.11.15,3.3.0,8,Intel(R) Core(TM) i7-1060NG7 CPU @ 1.20GHz,0,,-79.4057,43.709,16.0,machine,4.918032786885246,0,64.20655737704922,8.665935641429463,N,1.0,0.0
2026-09-26T01:51:59,codecarbon,7b39bea9-b149-4954-8f6f-093764bed48b,5b0fa12a-3dd7-45bb-9766-cc326314d9f1,138.52330119800172,3.7085999633511805e-05,2.6772390863326317e-07,4.7950211841690695,0.0,10.0,0.00018832375125629484,0.0,0.00038467774837499743,0.0005730014996312922,0.0,Canada,CAN,ontario,,,macOS-15.7.9-x86_64-i386-64bit,3.11.15,3.3.0,8,Intel(R) Core(TM) i7-1060NG7 CPU @ 1.20GHz,0,,-79.4057,43.709,16.0,machine,5.109489051094891,0,64.25036496350371,8.659240499900205,N,1.0,0.0
2026-09-26T01:52:15,codecarbon,7b39bea9-b149-4954-8f6f-093764bed48b,5b0fa12a-3dd7-45bb-9766-cc326314d9f1,153.53561512799934,4.1088197203200333e-05,2.6761346003626577e-07,4.794699276564396,0.0,10.0,0.00020846356060708662,0.0,0.0004263743525472212,0.0006348379131543078,0.0,Canada,CAN,ontario,,,macOS-15.7.9-x86_64-i386-64bit,3.11.15,3.3.0,8,Intel(R) Core(TM) i7-1060NG7 CPU @ 1.20GHz,0,,-79.4057,43.709,16.0,machine,5.2631578947368425,0,64.28355263157903,8.651908372577868,N,1.0,0.0
2026-09-26T01:52:30,codecarbon,7b39bea9-b149-4954-8f6f-093764bed48b,5b0fa12a-3dd7-45bb-9766-cc326314d9f1,168.54663028700088,4.51387704821669e-05,2.678117646452183e-07,4.8205088081744485,0.0,10.0,0.00022936858826112412,0.0,0.00046805317287221943,0.0006974217611333437,0.0,Canada,CAN,ontario,,,macOS-15.7.9-x86_64-i386-64bit,3.11.15,3.3.0,8,Intel(R) Core(TM) i7-1060NG7 CPU @ 1.20GHz,0,,-79.4057,43.709,16.0,machine,4.790419161676646,0,64.3257485029941,8.644740532972142,N,1.0,0.0
2026-09-26T01:52:45,codecarbon,7b39bea9-b149-4954-8f6f-093764bed48b,5b0fa12a-3dd7-45bb-9766-cc326314d9f1,183.56230020600196,4.916838355060225e-05,2.6785665409195274e-07,4.828154545408492,0.0,10.0,0.00024992387838450075,0.0,0.0005097578825861092,0.0007596817609706102,0.0,Canada,CAN,ontario,,,macOS-15.7.9-x86_64-i386-64bit,3.11.15,3.3.0,8,Intel(R) Core(TM) i7-1060NG7 CPU @ 1.20GHz,0,,-79.4057,43.709,16.0,machine,4.419889502762431,0,64.35966850828737,8.637825749855674,N,1.0,0.0
2026-09-26T01:53:00,codecarbon,7b39bea9-b149-4954-8f6f-093764bed48b,5b0fa12a-3dd7-45bb-9766-cc326314d9f1,198.57324956500088,5.3315733912505394e-05,2.684940395007891e-07,4.835509867120685,0.0,10.0,0.00027230825059214255,0.0,0.0005514526238000044,0.0008237608743921472,0.0,Canada,CAN,ontario,,,macOS-15.7.9-x86_64-i386-64bit,3.11.15,3.3.0,8,Intel(R) Core(TM) i7-1060NG7 CPU @ 1.20GHz,0,,-79.4057,43.709,16.0,machine,5.1020408163265305,0,64.40000000000005,8.630477496555873,N,1.0,0.0
2026-09-26T01:53:27,codecarbon,7b39bea9-b149-4954-8f6f-093764bed48b,5b0fa12a-3dd7-45bb-9766-cc326314d9f1,213.58956266099995,5.738294746390915e-05,2.686598855721469e-07,4.955367179981326,0.0,10.0,0.00029344003962404884,0.0,0.000593161785188891,0.0008866018248129403,0.0,Canada,CAN,ontario,,,macOS-15.7.9-x86_64-i386-64bit,3.11.15,3.3.0,8,Intel(R) Core(TM) i7-1060NG7 CPU @ 1.20GHz,0,,-79.4057,43.709,16.0,machine,4.761904761904762,0,64.43619047619052,8.622948819115049,N,1.0,0.0
2026-09-26T01:53:42,codecarbon,7b39bea9-b149-4954-8f6f-093764bed48b,5b0fa12a-3dd7-45bb-9766-cc326314d9f1,228.6040644200002,6.25155975619121e-05,2.73466693256407e-07,5.169963274997915,0.0,10.0,0.00033104017552258887,0.0,0.0006348642495249908,0.0009659044250475801,0.0,Canada,CAN,ontario,,,macOS-15.7.9-x86_64-i386-64bit,3.11.15,3.3.0,8,Intel(R) Core(TM) i7-1060NG7 CPU @ 1.20GHz,0,,-79.4057,43.709,16.0,machine,4.444444444444445,0,64.60177777777783,8.62233152601454,N,1.0,0.0
2026-09-26T01:53:57,codecarbon,7b39bea9-b149-4954-8f6f-093764bed48b,5b0fa12a-3dd7-45bb-9766-cc326314d9f1,243.63317343800009,6.740792497256364e-05,2.766779417652566e-07,5.345282003118322,0.0,10.0,0.0003648999923976723,0.0,0.0006765938995833394,0.0010414938919810122,0.0,Canada,CAN,ontario,,,macOS-15.7.9-x86_64-i386-64bit,3.11.15,3.3.0,8,Intel(R) Core(TM) i7-1060NG7 CPU @ 1.20GHz,0,,-79.4057,43.709,16.0,machine,4.880833333333333,0,64.72166666666672,8.613744401931763,N,1.0,0.0
2026-09-26T01:54:12,codecarbon,7b39bea9-b149-4954-8f6f-093764bed48b,5b0fa12a-3dd7-45bb-9766-cc326314d9f1,258.65126546600004,7.216086209495993e-05,2.7898901621436505e-07,5.468989139114197,0.0,10.0,0.00039662262910951515,0.0,0.0007183070641361155,0.0011149296932456312,0.0,Canada,CAN,ontario,,,macOS-15.7.9-x86_64-i386-64bit,3.11.15,3.3.0,8,Intel(R) Core(TM) i7-1060NG7 CPU @ 1.20GHz,0,,-79.4057,43.709,16.0,machine,5.378039215686275,0,64.81921568627456,8.601993336397058,N,1.0,0.0
2026-09-26T01:54:27,codecarbon,7b39bea9-b149-4954-8f6f-093764bed48b,5b0fa12a-3dd7-45bb-9766-cc326314d9f1,273.6643489050002,7.647178578823894e-05,2.7943641944674836e-07,5.4940747226172135,0.0,10.0,0.0004215299579063937,0.0,0.000760006157316679,0.0011815361152230732,0.0,Canada,CAN,ontario,,,macOS-15.7.9-x86_64-i386-64bit,3.11.15,3.3.0,8,Intel(R) Core(TM) i7-1060NG7 CPU @ 1.20GHz,0,,-79.4057,43.709,16.0,machine,5.07925925925926,0,64.86074074074078,8.584876816361039,N,1.0,0.0
2026-09-26T01:54:42,codecarbon,7b39bea9-b149-4954-8f6f-093764bed48b,5b0fa12a-3dd7-45bb-9766-cc326314d9f1,288.679274438,8.060847796740925e-05,2.7923195430062516e-07,5.4776562697609466,0.0,10.0,0.0004437413006478977,0.0,0.0008017092525194534,0.0012454505531673517,0.0,Canada,CAN,ontario,,,macOS-15.7.9-x86_64-i386-64bit,3.11.15,3.3.0,8,Intel(R) Core(TM) i7-1060NG7 CPU @ 1.20GHz,0,,-79.4057,43.709,16.0,machine,4.811929824561404,0,64.88280701754393,8.567487656442742,N,1.0,0.0
2026-09-26T01:54:57,codecarbon,7b39bea9-b149-4954-8f6f-093764bed48b,5b0fa12a-3dd7-45bb-9766-cc326314d9f1,303.6965157980012,8.49934789219159e-05,2.7986320059874486e-07,5.517773431860413,0.0,10.0,0.00046978062784418657,0.0,0.0008434208865389035,0.0013132015143830903,0.0,Canada,CAN,ontario,,,macOS-15.7.9-x86_64-i386-64bit,3.11.15,3.3.0,8,Intel(R) Core(TM) i7-1060NG7 CPU @ 1.20GHz,0,,-79.4057,43.709,16.0,machine,4.809698996655519,0,64.92876254180612,8.557517762965581,N,1.0,0.0
2026-09-26T01:55:12,codecarbon,7b39bea9-b149-4954-8f6f-093764bed48b,5b0fa12a-3dd7-45bb-9766-cc326314d9f1,318.7111667579993,8.94975653092297e-05,2.8081088660814363e-07,5.573013325637209,0.0,10.0,0.0004976685201760025,0.0,0.0008851238985889017,0.0013827924187649041,0.0,Canada,CAN,ontario,,,macOS-15.7.9-x86_64-i386-64bit,3.11.15,3.3.0,8,Intel(R) Core(TM) i7-1060NG7 CPU @ 1.20GHz,0,,-79.4057,43.709,16.0,machine,4.739171974522294,0,64.97643312101921,8.54907390570185,N,1.0,0.0
2026-09-26T01:55:28,codecarbon,7b39bea9-b149-4954-8f6f-093764bed48b,5b0fa12a-3dd7-45bb-9766-cc326314d9f1,333.7287228310015,9.427611992520818e-05,2.8249327515315224e-07,5.66808035168,0.0,10.0,0.0005297910551388725,0.0,0.0009268329709194608,0.0014566240260583333,0.0,Canada,CAN,ontario,,,macOS-15.7.9-x86_64-i386-64bit,3.11.15,3.3.0,8,Intel(R) Core(TM) i7-1060NG7 CPU @ 1.20GHz,0,,-79.4057,43.709,16.0,machine,4.523100303951368,0,65.01580547112474,8.541913678943205,N,1.0,0.0
2026-09-26T01:55:43,codecarbon,7b39bea9-b149-4954-8f6f-093764bed48b,5b0fa12a-3dd7-45bb-9766-cc326314d9f1,348.7422796659994,9.889027088435837e-05,2.8356260955530963e-07,5.730662839163338,0.0,10.0,0.0005593847547014501,0.0,0.0009685307410555754,0.0015279154957570256,0.0,Canada,CAN,ontario,,,macOS-15.7.9-x86_64-i386-64bit,3.11.15,3.3.0,8,Intel(R) Core(TM) i7-1060NG7 CPU @ 1.20GHz,0,,-79.4057,43.709,16.0,machine,4.325872093023256,0,65.04767441860477,8.534795616948328,N,1.0,0.0
2026-09-26T01:55:58,codecarbon,7b39bea9-b149-4954-8f6f-093764bed48b,5b0fa12a-3dd7-45bb-9766-cc326314d9f1,363.86589760900097,0.00010351115471649705,2.8447610890902155e-07,5.776702398888539,0.0,10.0,0.0005887764184141702,0.0,0.0010105345740694654,0.0015993109924836357,0.0,Canada,CAN,ontario,,,macOS-15.7.9-x86_64-i386-64bit,3.11.15,3.3.0,8,Intel(R) Core(TM) i7-1060NG7 CPU @ 1.20GHz,0,,-79.4057,43.709,16.0,machine,4.423676880222842,0,65.08774373259064,8.528127696852831,N,1.0,0.0
2026-09-26T01:56:13,codecarbon,7b39bea9-b149-4954-8f6f-093764bed48b,5b0fa12a-3dd7-45bb-9766-cc326314d9f1,378.9121743470023,0.00010809232082432434,2.852701183608182e-07,5.827653084061537,0.0,10.0,0.0006177687914321017,0.0,0.001052324034513913,0.0016700928259460147,0.0,Canada,CAN,ontario,,,macOS-15.7.9-x86_64-i386-64bit,3.11.15,3.3.0,8,Intel(R) Core(TM) i7-1060NG7 CPU @ 1.20GHz,0,,-79.4057,43.709,16.0,machine,4.246256684491979,0,65.1227272727274,8.52153271149824,N,1.0,0.0
2026-09-26T01:56:28,codecarbon,7b39bea9-b149-4954-8f6f-093764bed48b,5b0fa12a-3dd7-45bb-9766-cc326314d9f1,393.94604031199924,0.00011317683678457951,2.872902001881912e-07,5.96223286513695,0.0,10.0,0.0006545731282477488,0.0,0.0010940785959055778,0.0017486517241533264,0.0,Canada,CAN,ontario,,,macOS-15.7.9-x86_64-i386-64bit,3.11.15,3.3.0,8,Intel(R) Core(TM) i7-1060NG7 CPU @ 1.20GHz,0,,-79.4057,43.709,16.0,machine,4.082519280205656,0,65.18868894601556,8.514159038318153,N,1.0,0.0
2026-09-26T01:56:43,codecarbon,7b39bea9-b149-4954-8f6f-093764bed48b,5b0fa12a-3dd7-45bb-9766-cc326314d9f1,408.9849645860013,0.00011855863053113449,2.898850588582065e-07,6.093822632982152,0.0,10.0,0.0006959639081306347,0.0,0.0011358398388333628,0.0018318037469639975,0.0,Canada,CAN,ontario,,,macOS-15.7.9-x86_64-i386-64bit,3.11.15,3.3.0,8,Intel(R) Core(TM) i7-1060NG7 CPU @ 1.20GHz,0,,-79.4057,43.709,16.0,machine,5.488366336633664,0,65.25000000000011,8.50613793288127,N,1.0,0.0
2026-09-26T01:56:58,codecarbon,7b39bea9-b149-4954-8f6f-093764bed48b,5b0fa12a-3dd7-45bb-9766-cc326314d9f1,424.02466389300025,0.00012424702768006548,2.930183978906906e-07,6.282262634783479,0.0,10.0,0.000742083793825424,0.0,0.0011776091870555826,0.0019196929808810064,0.0,Canada,CAN,ontario,,,macOS-15.7.9-x86_64-i386-64bit,3.11.15,3.3.0,8,Intel(R) Core(TM) i7-1060NG7 CPU @ 1.20GHz,0,,-79.4057,43.709,16.0,machine,5.291885441527446,0,65.31885441527457,8.499155249402175,N,1.0,0.0
2026-09-26T01:57:13,codecarbon,7b39bea9-b149-4954-8f6f-093764bed48b,5b0fa12a-3dd7-45bb-9766-cc326314d9f1,439.1121853120021,0.00012914682634528854,2.941089559004743e-07,6.330157130903362,0.0,10.0,0.0007758865141946172,0.0,0.00121951136909725,0.001995397883291867,0.0,Canada,CAN,ontario,,,macOS-15.7.9-x86_64-i386-64bit,3.11.15,3.3.0,8,Intel(R) Core(TM) i7-1060NG7 CPU @ 1.20GHz,0,,-79.4057,43.709,16.0,machine,5.339400921658987,0,65.37949308755769,8.492001001735986,N,1.0,0.0
2026-09-26T01:57:28,codecarbon,7b39bea9-b149-4954-8f6f-093764bed48b,5b0fa12a-3dd7-45bb-9766-cc326314d9f1,454.13806975199986,0.0001334159814600136,2.9377845713941293e-07,6.299867072625874,0.0,10.0,0.0008001127770958649,0.0,0.0012612461779500338,0.002061358955045899,0.0,Canada,CAN,ontario,,,macOS-15.7.9-x86_64-i386-64bit,3.11.15,3.3.0,8,Intel(R) Core(TM) i7-1060NG7 CPU @ 1.20GHz,0,,-79.4057,43.709,16.0,machine,5.383741648106905,0,65.42249443207136,8.484524767223604,N,1.0,0.0
2026-09-26T01:57:43,codecarbon,7b39bea9-b149-4954-8f6f-093764bed48b,5b0fa12a-3dd7-45bb-9766-cc326314d9f1,469.1557031859993,0.00013761882798774417,2.9333295333124077e-07,6.2776988853069575,0.0,10.0,0.0008233423052029104,0.0,0.001302953213152816,0.0021262955183557262,0.0,Canada,CAN,ontario,,,macOS-15.7.9-x86_64-i386-64bit,3.11.15,3.3.0,8,Intel(R) Core(TM) i7-1060NG7 CPU @ 1.20GHz,0,,-79.4057,43.709,16.0,machine,5.20969827586207,0,65.47025862068976,8.479666422153342,N,1.0,0.0
2026-09-26T01:57:58,codecarbon,7b39bea9-b149-4954-8f6f-093764bed48b,5b0fa12a-3dd7-45bb-9766-cc326314d9f1,484.17400952800017,0.00014188691481675602,2.9304942443126034e-07,6.259703655632282,0.0,10.0,0.0008475753078607448,0.0,0.0013446647765778229,0.0021922400844385675,0.0,Canada,CAN,ontario,,,macOS-15.7.9-x86_64-i386-64bit,3.11.15,3.3.0,8,Intel(R) Core(TM) i7-1060NG7 CPU @ 1.20GHz,0,,-79.4057,43.709,16.0,machine,5.255323590814196,0,65.51106471816297,8.473692191169755,N,1.0,0.0
2026-09-26T01:58:13,codecarbon,7b39bea9-b149-4954-8f6f-093764bed48b,5b0fa12a-3dd7-45bb-9766-cc326314d9f1,499.2046709360002,0.00014604283798815598,2.925510246415126e-07,6.233955450205646,0.0,10.0,0.00087005407135791,0.0,0.0013863975816805982,0.0022564516530385083,0.0,Canada,CAN,ontario,,,macOS-15.7.9-x86_64-i386-64bit,3.11.15,3.3.0,8,Intel(R) Core(TM) i7-1060NG7 CPU @ 1.20GHz,0,,-79.4057,43.709,16.0,machine,5.095748987854251,0,65.54696356275313,8.467147356102824,N,1.0,0.0
2026-09-26T01:58:28,codecarbon,7b39bea9-b149-4954-8f6f-093764bed48b,5b0fa12a-3dd7-45bb-9766-cc326314d9f1,514.2197873120022,0.0001503268901146396,2.923397617591658e-07,6.225706201318526,0.0,10.0,0.000894542850795899,0.0,0.00142810004198893,0.002322642892784829,0.0,Canada,CAN,ontario,,,macOS-15.7.9-x86_64-i386-64bit,3.11.15,3.3.0,8,Intel(R) Core(TM) i7-1060NG7 CPU @ 1.20GHz,0,,-79.4057,43.709,16.0,machine,4.945579567779961,0,65.587622789784,8.461009769402224,N,1.0,0.0
2026-09-26T01:58:43,codecarbon,7b39bea9-b149-4954-8f6f-093764bed48b,5b0fa12a-3dd7-45bb-9766-cc326314d9f1,529.2436569199999,0.0001545185323246413,2.9196104724973243e-07,6.206100808008145,0.0,10.0,0.0009175774726624969,0.0,0.0014698288698333777,0.0023874063424958744,0.0,Canada,CAN,ontario,,,macOS-15.7.9-x86_64-i386-64bit,3.11.15,3.3.0,8,Intel(R) Core(TM) i7-1060NG7 CPU @ 1.20GHz,0,,-79.4057,43.709,16.0,machine,5.004397705544934,0,65.62409177820281,8.455149641456385,N,1.0,0.0
2026-09-26T01:58:58,codecarbon,7b39bea9-b149-4954-8f6f-093764bed48b,5b0fa12a-3dd7-45bb-9766-cc326314d9f1,544.2611613420013,0.00015867895264616268,2.91549285374145e-07,6.183228115046067,0.0,10.0,0.0009401471993389121,0.0,0.001511540195491711,0.0024516873948306236,0.0,Canada,CAN,ontario,,,macOS-15.7.9-x86_64-i386-64bit,3.11.15,3.3.0,8,Intel(R) Core(TM) i7-1060NG7 CPU @ 1.20GHz,0,,-79.4057,43.709,16.0,machine,4.864869888475837,0,65.65985130111541,8.448930499278923,N,1.0,0.0
2026-09-26T01:59:13,codecarbon,7b39bea9-b149-4954-8f6f-093764bed48b,5b0fa12a-3dd7-45bb-9766-cc326314d9f1,559.2740316630006,0.00016306442917845,2.915644566824927e-07,6.186325583327505,0.0,10.0,0.0009662117376793699,0.0,0.00155323396633615,0.0025194457040155207,0.0,Canada,CAN,ontario,,,macOS-15.7.9-x86_64-i386-64bit,3.11.15,3.3.0,8,Intel(R) Core(TM) i7-1060NG7 CPU @ 1.20GHz,0,,-79.4057,43.709,16.0,machine,4.732911392405064,0,65.69294755877056,8.443087862370026,N,1.0,0.0
2026-09-26T01:59:28,codecarbon,7b39bea9-b149-4954-8f6f-093764bed48b,5b0fa12a-3dd7-45bb-9766-cc326314d9f1,574.28958126,0.00016727768671270728,2.912775926488123e-07,6.167459013240037,0.0,10.0,0.0009896057707365175,0.0,0.0015949373530417081,0.0025845431237782263,0.0,Canada,CAN,ontario,,,macOS-15.7.9-x86_64-i386-64bit,3.11.15,3.3.0,8,Intel(R) Core(TM) i7-1060NG7 CPU @ 1.20GHz,0,,-79.4057,43.709,16.0,machine,4.783978873239437,0,65.72517605633826,8.437898736604502,N,1.0,0.0
2026-09-26T01:59:43,codecarbon,7b39bea9-b149-4954-8f6f-093764bed48b,5b0fa12a-3dd7-45bb-9766-cc326314d9f1,589.3014442460008,0.00017148263987687418,2.9099307587186173e-07,6.159581201684593,0.0,10.0,0.0010128796712469434,0.0,0.0016366325646694855,0.0026495122359164293,0.0,Canada,CAN,ontario,,,macOS-15.7.9-x86_64-i386-64bit,3.11.15,3.3.0,8,Intel(R) Core(TM) i7-1060NG7 CPU @ 1.20GHz,0,,-79.4057,43.709,16.0,machine,4.832418524871356,0,65.75454545454573,8.432796995185866,N,1.0,0.0
2026-09-26T01:59:58,codecarbon,7b39bea9-b149-4954-8f6f-093764bed48b,5b0fa12a-3dd7-45bb-9766-cc326314d9f1,604.3168221590022,0.00017570603459355627,2.907515199822224e-07,6.14635379816843,0.0,10.0,0.0010364303085478868,0.0,0.0016783359728333683,0.0027147662813812555,0.0,Canada,CAN,ontario,,,macOS-15.7.9-x86_64-i386-64bit,3.11.15,3.3.0,8,Intel(R) Core(TM) i7-1060NG7 CPU @ 1.20GHz,0,,-79.4057,43.709,16.0,machine,4.711204013377927,0,65.78227424749196,8.427829008836012,N,1.0,0.0
2026-09-26T02:00:13,codecarbon,7b39bea9-b149-4954-8f6f-093764bed48b,5b0fa12a-3dd7-45bb-9766-cc326314d9f1,619.3253892300017,0.00017980333461323675,2.9032127172564913e-07,6.120574530096902,0.0,10.0,0.0010580488640712917,0.0,0.001720023222166704,0.002778072086237996,0.0,Canada,CAN,ontario,,,macOS-15.7.9-x86_64-i386-64bit,3.11.15,3.3.0,8,Intel(R) Core(TM) i7-1060NG7 CPU @ 1.20GHz,0,,-79.4057,43.709,16.0,machine,4.60343137254902,0,65.81045751634018,8.423111834557227,N,1.0,0.0
2026-09-26T02:00:28,codecarbon,7b39bea9-b149-4954-8f6f-093764bed48b,5b0fa12a-3dd7-45bb-9766-cc326314d9f1,634.336067258002,0.00018414047215065837,2.9028851054714404e-07,6.11852942714874,0.0,10.0,0.001083368796018756,0.0,0.0017617147322083635,0.00284508352822712,0.0,Canada,CAN,ontario,,,macOS-15.7.9-x86_64-i386-64bit,3.11.15,3.3.0,8,Intel(R) Core(TM) i7-1060NG7 CPU @ 1.20GHz,0,,-79.4057,43.709,16.0,machine,4.652791068580543,0,65.85023923445009,8.419362313059148,N,1.0,0.0
2026-09-26T02:00:43,codecarbon,7b39bea9-b149-4954-8f6f-093764bed48b,5b0fa12a-3dd7-45bb-9766-cc326314d9f1,649.3534828880001,0.00018840502837308117,2.90142477615042e-07,6.099762049776126,0.0,10.0,0.0011075453777503823,0.0,0.0018034281665167025,0.002910973544267085,0.0,Canada,CAN,ontario,,,macOS-15.7.9-x86_64-i386-64bit,3.11.15,3.3.0,8,Intel(R) Core(TM) i7-1060NG7 CPU @ 1.20GHz,0,,-79.4057,43.709,16.0,machine,4.699844236760125,0,65.88862928348941,8.41618757752986,N,1.0,0.0
2026-09-26T02:00:58,codecarbon,7b39bea9-b149-4954-8f6f-093764bed48b,5b0fa12a-3dd7-45bb-9766-cc326314d9f1,664.363374798002,0.00019232459363091969,2.8948705019959217e-07,6.0711272529991325,0.0,10.0,0.0011264134003033464,0.0,0.0018451198374555841,0.0029715332377589303,0.0,Canada,CAN,ontario,,,macOS-15.7.9-x86_64-i386-64bit,3.11.15,3.3.0,8,Intel(R) Core(TM) i7-1060NG7 CPU @ 1.20GHz,0,,-79.4057,43.709,16.0,machine,4.592541856925419,0,65.90837138508398,8.41090006371067,N,1.0,0.0
2026-09-26T02:01:13,codecarbon,7b39bea9-b149-4954-8f6f-093764bed48b,5b0fa12a-3dd7-45bb-9766-cc326314d9f1,679.3732720940025,0.00019619598222349885,2.887896687763011e-07,6.032483047720031,0.0,10.0,0.0011445378266610956,0.0,0.0018868107454861477,0.003031348572147243,0.0,Canada,CAN,ontario,,,macOS-15.7.9-x86_64-i386-64bit,3.11.15,3.3.0,8,Intel(R) Core(TM) i7-1060NG7 CPU @ 1.20GHz,0,,-79.4057,43.709,16.0,machine,4.490029761904762,0,65.92678571428598,8.406354438690911,N,1.0,0.0
2026-09-26T02:01:28,codecarbon,7b39bea9-b149-4954-8f6f-093764bed48b,5b0fa12a-3dd7-45bb-9766-cc326314d9f1,694.4048398800005,0.00019999487148215556,2.880090402548411e-07,5.9915611937596,0.0,10.0,0.0011614826273221757,0.0,0.0019285611199222634,0.0030900437472444384,0.0,Canada,CAN,ontario,,,macOS-15.7.9-x86_64-i386-64bit,3.11.15,3.3.0,8,Intel(R) Core(TM) i7-1060NG7 CPU @ 1.20GHz,0,,-79.4057,43.709,16.0,machine,4.537554585152838,0,65.94264919941797,8.40140207504428,N,1.0,0.0
2026-09-26T02:01:43,codecarbon,7b39bea9-b149-4954-8f6f-093764bed48b,5b0fa12a-3dd7-45bb-9766-cc326314d9f1,709.4141528860018,0.00020380765205672775,2.8729008468129376e-07,5.950113794421503,0.0,10.0,0.0011787041369396795,0.0,0.0019702494147750362,0.003148953551714715,0.0,Canada,CAN,ontario,,,macOS-15.7.9-x86_64-i386-64bit,3.11.15,3.3.0,8,Intel(R) Core(TM) i7-1060NG7 CPU @ 1.20GHz,0,,-79.4057,43.709,16.0,machine,4.440598290598291,0,65.95726495726515,8.39675267537435,N,1.0,0.0
2026-09-26T02:01:58,codecarbon,7b39bea9-b149-4954-8f6f-093764bed48b,5b0fa12a-3dd7-45bb-9766-cc326314d9f1,724.4232041840005,0.00020761499512394823,2.8659351871232287e-07,5.911650759125389,0.0,10.0,0.0011958403825110123,0.0,0.00201193896084171,0.0032077793433527213,0.0,Canada,CAN,ontario,,,macOS-15.7.9-x86_64-i386-64bit,3.11.15,3.3.0,8,Intel(R) Core(TM) i7-1060NG7 CPU @ 1.20GHz,0,,-79.4057,43.709,16.0,machine,4.4871687587168765,0,65.97126917712708,8.392556928690507,N,1.0,0.0
2026-09-26T02:02:13,codecarbon,7b39bea9-b149-4954-8f6f-093764bed48b,5b0fa12a-3dd7-45bb-9766-cc326314d9f1,739.4332854810018,0.00021144375445686733,2.859537954385202e-07,5.876944560857806,0.0,10.0,0.0012133058280513526,0.0,0.0020536302014139236,0.003266936029465275,0.0,Canada,CAN,ontario,,,macOS-15.7.9-x86_64-i386-64bit,3.11.15,3.3.0,8,Intel(R) Core(TM) i7-1060NG7 CPU @ 1.20GHz,0,,-79.4057,43.709,16.0,machine,4.395218579234973,0,65.98196721311491,8.388249162767755,N,1.0,0.0
2026-09-26T02:02:28,codecarbon,7b39bea9-b149-4954-8f6f-093764bed48b,5b0fa12a-3dd7-45bb-9766-cc326314d9f1,754.4450433230013,0.000215309329674731,2.8538769202642953e-07,5.847455752040387,0.0,10.0,0.001231334463583825,0.0,0.0020953270800555908,0.0033266615436394146,0.0,Canada,CAN,ontario,,,macOS-15.7.9-x86_64-i386-64bit,3.11.15,3.3.0,8,Intel(R) Core(TM) i7-1060NG7 CPU @ 1.20GHz,0,,-79.4057,43.709,16.0,machine,4.312734584450403,0,65.9910187667562,8.384398007840318,N,1.0,0.0
2026-09-26T02:02:43,codecarbon,7b39bea9-b149-4954-8f6f-093764bed48b,5b0fa12a-3dd7-45bb-9766-cc326314d9f1,769.4535889770013,0.0002192056902549972,2.848848759629987e-07,5.821499848625235,0.0,10.0,0.0012498488280240376,0.0,0.0021370138825694794,0.003386862710593516,0.0,Canada,CAN,ontario,,,macOS-15.7.9-x86_64-i386-64bit,3.11.15,3.3.0,8,Intel(R) Core(TM) i7-1060NG7 CPU @ 1.20GHz,0,,-79.4057,43.709,16.0,machine,4.2277266754270695,0,65.99973718791082,8.380404558820887,N,1.0,0.0
2026-09-26T02:02:58,codecarbon,7b39bea9-b149-4954-8f6f-093764bed48b,5b0fa12a-3dd7-45bb-9766-cc326314d9f1,784.4607127290001,0.00022308086508021434,2.843748086556884e-07,5.794777921393516,0.0,10.0,0.0012680405645098727,0.0,0.0021786959800944817,0.0034467365446043535,0.0,Canada,CAN,ontario,,,macOS-15.7.9-x86_64-i386-64bit,3.11.15,3.3.0,8,Intel(R) Core(TM) i7-1060NG7 CPU @ 1.20GHz,0,,-79.4057,43.709,16.0,machine,4.146005154639176,0,66.00876288659813,8.376694492458068,N,1.0,0.0
2026-09-26T02:03:13,codecarbon,7b39bea9-b149-4954-8f6f-093764bed48b,5b0fa12a-3dd7-45bb-9766-cc326314d9f1,799.473203769001,0.00022698659883504832,2.839202086635959e-07,5.7695719446422356,0.0,10.0,0.0012866877399776702,0.0,0.0022203947928917033,0.003507082532869373,0.0,Canada,CAN,ontario,,,macOS-15.7.9-x86_64-i386-64bit,3.11.15,3.3.0,8,Intel(R) Core(TM) i7-1060NG7 CPU @ 1.20GHz,0,,-79.4057,43.709,16.0,machine,4.067383059418458,0,66.01934260429853,8.373416553405685,N,1.0,0.0
2026-09-26T02:03:28,codecarbon,7b39bea9-b149-4954-8f6f-093764bed48b,5b0fa12a-3dd7-45bb-9766-cc326314d9f1,814.4837582220025,0.00023082806674291277,2.834041371761723e-07,5.744299984634854,0.0,10.0,0.0013043472125657926,0.0,0.0022620883617139246,0.003566435574279717,0.0,Canada,CAN,ontario,,,macOS-15.7.9-x86_64-i386-64bit,3.11.15,3.3.0,8,Intel(R) Core(TM) i7-1060NG7 CPU @ 1.20GHz,0,,-79.4057,43.709,16.0,machine,3.9916873449131516,0,66.02828784119123,8.369993011058117,N,1.0,0.0
2026-09-26T02:03:43,codecarbon,7b39bea9-b149-4954-8f6f-093764bed48b,5b0fa12a-3dd7-45bb-9766-cc326314d9f1,829.4915834420026,0.0002347060996977916,2.8295175548842936e-07,5.718980659809001,0.0,10.0,0.0013225792439652386,0.0,0.0023037743241861386,0.0036263535681513768,0.0,Canada,CAN,ontario,,,macOS-15.7.9-x86_64-i386-64bit,3.11.15,3.3.0,8,Intel(R) Core(TM) i7-1060NG7 CPU @ 1.20GHz,0,,-79.4057,43.709,16.0,machine,3.918757612667479,0,66.03690621193682,8.36664313665987,N,1.0,0.0
2026-09-26T02:03:58,codecarbon,7b39bea9-b149-4954-8f6f-093764bed48b,5b0fa12a-3dd7-45bb-9766-cc326314d9f1,844.5028551800024,0.00023843274308211823,2.823350348901985e-07,5.685391828533089,0.0,10.0,0.0013384652972195483,0.0,0.0023454672028444695,0.0036839325000640175,0.0,Canada,CAN,ontario,,,macOS-15.7.9-x86_64-i386-64bit,3.11.15,3.3.0,8,Intel(R) Core(TM) i7-1060NG7 CPU @ 1.20GHz,0,,-79.4057,43.709,16.0,machine,3.8484449760765553,0,66.04557416267959,8.363621638722396,N,1.0,0.0
2026-09-26T02:04:13,codecarbon,7b39bea9-b149-4954-8f6f-093764bed48b,5b0fa12a-3dd7-45bb-9766-cc326314d9f1,859.5163919549996,0.00024256509265150326,2.822111304937194e-07,5.681319721542254,0.0,10.0,0.0013606132587250198,0.0,0.002387166583291693,0.0037477798420167126,0.0,Canada,CAN,ontario,,,macOS-15.7.9-x86_64-i386-64bit,3.11.15,3.3.0,8,Intel(R) Core(TM) i7-1060NG7 CPU @ 1.20GHz,0,,-79.4057,43.709,16.0,machine,3.7806110458284374,0,66.06063454759123,8.361837398291474,N,1.0,0.0
2026-09-26T02:04:28,codecarbon,7b39bea9-b149-4954-8f6f-093764bed48b,5b0fa12a-3dd7-45bb-9766-cc326314d9f1,874.5335262890003,0.0002463321612411053,2.816726332795866e-07,5.650277515524904,0.0,10.0,0.0013771090459928313,0.0,0.0024288743222166983,0.0038059833682095295,0.0,Canada,CAN,ontario,,,macOS-15.7.9-x86_64-i386-64bit,3.11.15,3.3.0,8,Intel(R) Core(TM) i7-1060NG7 CPU @ 1.20GHz,0,,-79.4057,43.709,16.0,machine,3.8306004618937646,0,66.08140877598169,8.359328285375863,N,1.0,0.0
2026-09-26T02:04:43,codecarbon,7b39bea9-b149-4954-8f6f-093764bed48b,5b0fa12a-3dd7-45bb-9766-cc326314d9f1,889.5490767770025,0.00025041790729224026,2.815110642344206e-07,5.652274220550091,0.0,10.0,0.0013985297734862053,0.0,0.0024705808836611542,0.0038691106571473594,0.0,Canada,CAN,ontario,,,macOS-15.7.9-x86_64-i386-64bit,3.11.15,3.3.0,8,Intel(R) Core(TM) i7-1060NG7 CPU @ 1.20GHz,0,,-79.4057,43.709,16.0,machine,3.7696590909090912,0,66.10284090909109,8.35669456395236,N,1.0,0.0
2026-09-26T02:04:58,codecarbon,7b39bea9-b149-4954-8f6f-093764bed48b,5b0fa12a-3dd7-45bb-9766-cc326314d9f1,904.5639736840021,0.0002548355115035054,2.817219333483305e-07,5.660685780563478,0.0,10.0,0.001425078940934248,0.0,0.0025122864177944894,0.003937365358728738,0.0,Canada,CAN,ontario,,,macOS-15.7.9-x86_64-i386-64bit,3.11.15,3.3.0,8,Intel(R) Core(TM) i7-1060NG7 CPU @ 1.20GHz,0,,-79.4057,43.709,16.0,machine,3.8182122905027933,0,66.12335195530746,8.353472930226246,N,1.0,0.0
2026-09-26T02:05:13,codecarbon,7b39bea9-b149-4954-8f6f-093764bed48b,5b0fa12a-3dd7-45bb-9766-cc326314d9f1,919.5717342259995,0.0002589481958026101,2.8159651516536216e-07,5.65526009344147,0.0,10.0,0.0014469388080850217,0.0,0.0025539700520778143,0.004000908860162836,0.0,Canada,CAN,ontario,,,macOS-15.7.9-x86_64-i386-64bit,3.11.15,3.3.0,8,Intel(R) Core(TM) i7-1060NG7 CPU @ 1.20GHz,0,,-79.4057,43.709,16.0,machine,3.7552747252747256,0,66.1407692307694,8.350153287950453,N,1.0,0.0
2026-09-26T02:05:28,codecarbon,7b39bea9-b149-4954-8f6f-093764bed48b,5b0fa12a-3dd7-45bb-9766-cc326314d9f1,934.5861083349992,0.00026316570694751907,2.815852970641291e-07,5.652295953652647,0.0,10.0,0.0014704010987229665,0.0,0.0025956709021028165,0.0040660720008257835,0.0,Canada,CAN,ontario,,,macOS-15.7.9-x86_64-i386-64bit,3.11.15,3.3.0,8,Intel(R) Core(TM) i7-1060NG7 CPU @ 1.20GHz,0,,-79.4057,43.709,16.0,machine,3.8024864864864867,0,66.1554594594596,8.346728214573217,N,1.0,0.0
2026-09-26T02:05:43,codecarbon,7b39bea9-b149-4954-8f6f-093764bed48b,5b0fa12a-3dd7-45bb-9766-cc326314d9f1,949.5998134450019,0.0002670799797756487,2.812552993315402e-07,5.632965970484573,0.0,10.0,0.0014891832410241109,0.0,0.0026373666820000423,0.004126549923024154,0.0,Canada,CAN,ontario,,,macOS-15.7.9-x86_64-i386-64bit,3.11.15,3.3.0,8,Intel(R) Core(TM) i7-1060NG7 CPU @ 1.20GHz,0,,-79.4057,43.709,16.0,machine,3.777234042553192,0,66.16851063829802,8.343225820013817,N,1.0,0.0
2026-09-26T02:05:58,codecarbon,7b39bea9-b149-4954-8f6f-093764bed48b,5b0fa12a-3dd7-45bb-9766-cc326314d9f1,964.6114528530015,0.0002708010997393359,2.807359366700404e-07,5.606432707770704,0.0,10.0,0.0015049820752552382,0.0,0.0026790614394361597,0.004184043514691398,0.0,Canada,CAN,ontario,,,macOS-15.7.9-x86_64-i386-64bit,3.11.15,3.3.0,8,Intel(R) Core(TM) i7-1060NG7 CPU @ 1.20GHz,0,,-79.4057,43.709,16.0,machine,3.9796858638743458,0,66.18335078534048,8.340197210661405,N,1.0,0.0
2026-09-26T02:06:13,codecarbon,7b39bea9-b149-4954-8f6f-093764bed48b,5b0fa12a-3dd7-45bb-9766-cc326314d9f1,979.6238573640003,0.000274505253190731,2.8021495304266834e-07,5.578556142975427,0.0,10.0,0.001520517743116026,0.0,0.0027207572201944853,0.004241274963310512,0.0,Canada,CAN,ontario,,,macOS-15.7.9-x86_64-i386-64bit,3.11.15,3.3.0,8,Intel(R) Core(TM) i7-1060NG7 CPU @ 1.20GHz,0,,-79.4057,43.709,16.0,machine,3.9181443298969074,0,66.20618556701046,8.338740921020507,N,1.0,0.0
2026-09-26T02:06:28,codecarbon,7b39bea9-b149-4954-8f6f-093764bed48b,5b0fa12a-3dd7-45bb-9766-cc326314d9f1,994.6391040279996,0.00027819240856384315,2.7969180724671357e-07,5.549920853511134,0.0,10.0,0.0015357858289174846,0.0,0.0027624579522500417,0.004298243781167527,0.0,Canada,CAN,ontario,,,macOS-15.7.9-x86_64-i386-64bit,3.11.15,3.3.0,8,Intel(R) Core(TM) i7-1060NG7 CPU @ 1.20GHz,0,,-79.4057,43.709,16.0,machine,3.8584771573604066,0,66.22395939086312,8.336508670555153,N,1.0,0.0
2026-09-26T02:06:43,codecarbon,7b39bea9-b149-4954-8f6f-093764bed48b,5b0fa12a-3dd7-45bb-9766-cc326314d9f1,1009.653612514001,0.0002819021830742146,2.7920682854022417e-07,5.52334580105734,0.0,10.0,0.0015514073971210182,0.0,0.0028041546814833655,0.004355562078604383,0.0,Canada,CAN,ontario,,,macOS-15.7.9-x86_64-i386-64bit,3.11.15,3.3.0,8,Intel(R) Core(TM) i7-1060NG7 CPU @ 1.20GHz,0,,-79.4057,43.709,16.0,machine,3.8006,0,66.23300000000016,8.333099361419677,N,1.0,0.0
2026-09-26T02:06:58,codecarbon,7b39bea9-b149-4954-8f6f-093764bed48b,5b0fa12a-3dd7-45bb-9766-cc326314d9f1,1024.6697123910017,0.00028557251248789657,2.786971343395437e-07,5.494852775634605,0.0,10.0,0.001566410069958051,0.0,0.0028458608550833656,0.004412270925041414,0.0,Canada,CAN,ontario,,,macOS-15.7.9-x86_64-i386-64bit,3.11.15,3.3.0,8,Intel(R) Core(TM) i7-1060NG7 CPU @ 1.20GHz,0,,-79.4057,43.709,16.0,machine,3.744433497536946,0,66.24275862068978,8.329933226637065,N,1.0,0.0
2026-09-26T02:07:13,codecarbon,7b39bea9-b149-4954-8f6f-093764bed48b,5b0fa12a-3dd7-45bb-9766-cc326314d9f1,1039.6825602860008,0.00028915360045925946,2.7811719798369774e-07,5.462560963334827,0.0,10.0,0.001580043247631231,0.0,0.002887557688686148,0.0044676009363173765,0.0,Canada,CAN,ontario,,,macOS-15.7.9-x86_64-i386-64bit,3.11.15,3.3.0,8,Intel(R) Core(TM) i7-1060NG7 CPU @ 1.20GHz,0,,-79.4057,43.709,16.0,machine,3.7869902912621365,0,66.24864077669916,8.326304882012524,N,1.0,0.0
2026-09-26T02:07:28,codecarbon,7b39bea9-b149-4954-8f6f-093764bed48b,5b0fa12a-3dd7-45bb-9766-cc326314d9f1,1054.6969825730012,0.0002927537839063658,2.775714624613546e-07,5.432989139691496,0.0,10.0,0.0015939662673664843,0.0,0.0029292597170694733,0.004523225984435955,0.0,Canada,CAN,ontario,,,macOS-15.7.9-x86_64-i386-64bit,3.11.15,3.3.0,8,Intel(R) Core(TM) i7-1060NG7 CPU @ 1.20GHz,0,,-79.4057,43.709,16.0,machine,3.7326315789473687,0,66.2482296650719,8.321842974795109,N,1.0,0.0
2026-09-26T02:07:43,codecarbon,7b39bea9-b149-4954-8f6f-093764bed48b,5b0fa12a-3dd7-45bb-9766-cc326314d9f1,1069.7076907180017,0.00029637188027803615,2.770587543211057e-07,5.404847590441545,0.0,10.0,0.0016081748320736669,0.0,0.002970952966180579,0.004579127798254243,0.0,Canada,CAN,ontario,,,macOS-15.7.9-x86_64-i386-64bit,3.11.15,3.3.0,8,Intel(R) Core(TM) i7-1060NG7 CPU @ 1.20GHz,0,,-79.4057,43.709,16.0,machine,3.8684905660377362,0,66.24962264150959,8.317835217601848,N,1.0,0.0
2026-09-26T02:07:58,codecarbon,7b39bea9-b149-4954-8f6f-093764bed48b,5b0fa12a-3dd7-45bb-9766-cc326314d9f1,1084.7154630740006,0.00029999318954738373,2.7656394673053336e-07,5.377231712325661,0.0,10.0,0.0016224429524228767,0.0,0.003012636300894478,0.004635079253317351,0.0,Canada,CAN,ontario,,,macOS-15.7.9-x86_64-i386-64bit,3.11.15,3.3.0,8,Intel(R) Core(TM) i7-1060NG7 CPU @ 1.20GHz,0,,-79.4057,43.709,16.0,machine,3.814511627906977,0,66.26037209302339,8.315406969647075,N,1.0,0.0
2026-09-26T02:08:13,codecarbon,7b39bea9-b149-4954-8f6f-093764bed48b,5b0fa12a-3dd7-45bb-9766-cc326314d9f1,1099.7274148140023,0.00030359322931356044,2.7606225435864706e-07,5.349681576464904,0.0,10.0,0.0016363734012549676,0.0,0.0030543286802222503,0.004690702081477214,0.0,Canada,CAN,ontario,,,macOS-15.7.9-x86_64-i386-64bit,3.11.15,3.3.0,8,Intel(R) Core(TM) i7-1060NG7 CPU @ 1.20GHz,0,,-79.4057,43.709,16.0,machine,3.7620183486238536,0,66.26385321100926,8.311917173753091,N,1.0,0.0
2026-09-26T02:08:29,codecarbon,7b39bea9-b149-4954-8f6f-093764bed48b,5b0fa12a-3dd7-45bb-9766-cc326314d9f1,1114.7403444299998,0.0003071785186655804,2.755606004577236e-07,5.321967455000409,0.0,10.0,0.0016500713687706376,0.0,0.0030960256378972486,0.004746097006667882,0.0,Canada,CAN,ontario,,,macOS-15.7.9-x86_64-i386-64bit,3.11.15,3.3.0,8,Intel(R) Core(TM) i7-1060NG7 CPU @ 1.20GHz,0,,-79.4057,43.709,16.0,machine,3.8014479638009053,0,66.26443438914032,8.308102727691512,N,1.0,0.0
2026-09-26T02:08:44,codecarbon,7b39bea9-b149-4954-8f6f-093764bed48b,5b0fa12a-3dd7-45bb-9766-cc326314d9f1,1129.7553747810016,0.00031077495778219247,2.7508163689191114e-07,5.2950714116759,0.0,10.0,0.0016639385819111317,0.0,0.0031377256206666965,0.004801664202577823,0.0,Canada,CAN,ontario,,,macOS-15.7.9-x86_64-i386-64bit,3.11.15,3.3.0,8,Intel(R) Core(TM) i7-1060NG7 CPU @ 1.20GHz,0,,-79.4057,43.709,16.0,machine,3.7505357142857148,0,66.27178571428573,8.305511137417385,N,1.0,0.0
2026-09-26T02:08:59,codecarbon,7b39bea9-b149-4954-8f6f-093764bed48b,5b0fa12a-3dd7-45bb-9766-cc326314d9f1,1144.7721626130005,0.0003143598155310428,2.7460469934340525e-07,5.269567853133731,0.0,10.0,0.0016776221303063102,0.0,0.00317943032892781,0.004857052459234115,0.0,Canada,CAN,ontario,,,macOS-15.7.9-x86_64-i386-64bit,3.11.15,3.3.0,8,Intel(R) Core(TM) i7-1060NG7 CPU @ 1.20GHz,0,,-79.4057,43.709,16.0,machine,3.700969162995595,0,66.27268722466958,8.30197506539097,N,1.0,0.0
2026-09-26T02:09:14,codecarbon,7b39bea9-b149-4954-8f6f-093764bed48b,5b0fa12a-3dd7-45bb-9766-cc326314d9f1,1159.7884269909991,0.0003179811673902188,2.7417170234678207e-07,5.245398259151243,0.0,10.0,0.0016918673538445764,0.0,0.00322113721849169,0.004913004572336261,0.0,Canada,CAN,ontario,,,macOS-15.7.9-x86_64-i386-64bit,3.11.15,3.3.0,8,Intel(R) Core(TM) i7-1060NG7 CPU @ 1.20GHz,0,,-79.4057,43.709,16.0,machine,3.783130434782609,0,66.28591304347823,8.300517617930536,N,1.0,0.0
2026-09-26T02:09:29,codecarbon,7b39bea9-b149-4954-8f6f-093764bed48b,5b0fa12a-3dd7-45bb-9766-cc326314d9f1,1174.8007193080011,0.0003216655634589853,2.7380436372941414e-07,5.226435738391609,0.0,10.0,0.001707094736922105,0.0,0.0032628360203222546,0.004969930757244356,0.0,Canada,CAN,ontario,,,macOS-15.7.9-x86_64-i386-64bit,3.11.15,3.3.0,8,Intel(R) Core(TM) i7-1060NG7 CPU @ 1.20GHz,0,,-79.4057,43.709,16.0,machine,3.737628865979382,0,66.29965635738829,8.299489974975586,N,1.0,0.0
2026-09-26T02:09:44,codecarbon,7b39bea9-b149-4954-8f6f-093764bed48b,5b0fa12a-3dd7-45bb-9766-cc326314d9f1,1189.8099018370012,0.0003253763570166692,2.7346919580540214e-07,5.208157487936369,0.0,10.0,0.0017227385921582516,0.0,0.003304526207430585,0.005027264799588833,0.0,Canada,CAN,ontario,,,macOS-15.7.9-x86_64-i386-64bit,3.11.15,3.3.0,8,Intel(R) Core(TM) i7-1060NG7 CPU @ 1.20GHz,0,,-79.4057,43.709,16.0,machine,3.7748939779474133,0,66.31051738761661,8.297904402042871,N,1.0,0.0
2026-09-26T02:09:59,codecarbon,7b39bea9-b149-4954-8f6f-093764bed48b,5b0fa12a-3dd7-45bb-9766-cc326314d9f1,1204.816099693002,0.0003291658903983135,2.7320840955079196e-07,5.194653442718774,0.0,10.0,0.0017396086486718416,0.0,0.0033462067719611382,0.005085815420632976,0.0,Canada,CAN,ontario,,,macOS-15.7.9-x86_64-i386-64bit,3.11.15,3.3.0,8,Intel(R) Core(TM) i7-1060NG7 CPU @ 1.20GHz,0,,-79.4057,43.709,16.0,machine,3.9368509212730323,0,66.31825795644886,8.296062348076646,N,1.0,0.0
2026-09-26T02:10:14,codecarbon,7b39bea9-b149-4954-8f6f-093764bed48b,5b0fa12a-3dd7-45bb-9766-cc326314d9f1,1219.825577517,0.0003330189395212988,2.7300537524321396e-07,5.183188179965415,0.0,10.0,0.0017574515722885505,0.0,0.003387895826650027,0.005145347398938573,0.0,Canada,CAN,ontario,,,macOS-15.7.9-x86_64-i386-64bit,3.11.15,3.3.0,8,Intel(R) Core(TM) i7-1060NG7 CPU @ 1.20GHz,0,,-79.4057,43.709,16.0,machine,3.8880066170388754,0,66.32547559966903,8.294312593067254,N,1.0,0.0
2026-09-26T02:10:29,codecarbon,7b39bea9-b149-4954-8f6f-093764bed48b,5b0fa12a-3dd7-45bb-9766-cc326314d9f1,1234.8439567060013,0.0003368379818653451,2.7277777085606406e-07,5.170477272985956,0.0,10.0,0.001774742960025528,0.0,0.0034296109915722497,0.005204353951597775,0.0,Canada,CAN,ontario,,,macOS-15.7.9-x86_64-i386-64bit,3.11.15,3.3.0,8,Intel(R) Core(TM) i7-1060NG7 CPU @ 1.20GHz,0,,-79.4057,43.709,16.0,machine,3.840359477124183,0,66.33194444444433,8.292560119254917,N,1.0,0.0
2026-09-26T02:10:44,codecarbon,7b39bea9-b149-4954-8f6f-093764bed48b,5b0fa12a-3dd7-45bb-9766-cc326314d9f1,1249.8550926429998,0.0003405938470750709,2.7250666823690403e-07,5.153743129259657,0.0,10.0,0.0017910834020821891,0.0,0.003471300976600023,0.005262384378682209,0.0,Canada,CAN,ontario,,,macOS-15.7.9-x86_64-i386-64bit,3.11.15,3.3.0,8,Intel(R) Core(TM) i7-1060NG7 CPU @ 1.20GHz,0,,-79.4057,43.709,16.0,machine,3.7938660209846655,0,66.33292978208219,8.290334767733398,N,1.0,0.0
2026-09-26T02:10:59,codecarbon,7b39bea9-b149-4954-8f6f-093764bed48b,5b0fa12a-3dd7-45bb-9766-cc326314d9f1,1264.8679042170006,0.00034430443627874737,2.7220584468216416e-07,5.138239420591495,0.0,10.0,0.0018067156301343602,0.0,0.0035129996334972518,0.005319715263631608,0.0,Canada,CAN,ontario,,,macOS-15.7.9-x86_64-i386-64bit,3.11.15,3.3.0,8,Intel(R) Core(TM) i7-1060NG7 CPU @ 1.20GHz,0,,-79.4057,43.709,16.0,machine,3.748484848484849,0,66.33325358851658,8.288122648637641,N,1.0,0.0
2026-09-26T02:11:14,codecarbon,7b39bea9-b149-4954-8f6f-093764bed48b,5b0fa12a-3dd7-45bb-9766-cc326314d9f1,1279.875771649,0.00034802383289802517,2.719200102128889e-07,5.121051981593402,0.0,10.0,0.001822500466623518,0.0,0.0035546817619444776,0.005377182228567991,0.0,Canada,CAN,ontario,,,macOS-15.7.9-x86_64-i386-64bit,3.11.15,3.3.0,8,Intel(R) Core(TM) i7-1060NG7 CPU @ 1.20GHz,0,,-79.4057,43.709,16.0,machine,3.7041765169424745,0,66.33561859732059,8.28634982638889,N,1.0,0.0
2026-09-26T02:11:29,codecarbon,7b39bea9-b149-4954-8f6f-093764bed48b,5b0fa12a-3dd7-45bb-9766-cc326314d9f1,1294.8879161020013,0.0003516832852272106,2.715936111952316e-07,5.102639175226269,0.0,10.0,0.0018373496246497588,0.0,0.00359637339271115,0.005433723017360905,0.0,Canada,CAN,ontario,,,macOS-15.7.9-x86_64-i386-64bit,3.11.15,3.3.0,8,Intel(R) Core(TM) i7-1060NG7 CPU @ 1.20GHz,0,,-79.4057,43.709,16.0,machine,3.7387850467289723,0,66.33933021806843,8.28486585765613,N,1.0,0.0
2026-09-26T02:11:44,codecarbon,7b39bea9-b149-4954-8f6f-093764bed48b,5b0fa12a-3dd7-45bb-9766-cc326314d9f1,1309.9399791249998,0.00035525416069200495,2.711988078486649e-07,5.081010541400722,0.0,10.0,0.0018507658211137053,0.0,0.003638129418016705,0.005488895239130406,0.0,Canada,CAN,ontario,,,macOS-15.7.9-x86_64-i386-64bit,3.11.15,3.3.0,8,Intel(R) Core(TM) i7-1060NG7 CPU @ 1.20GHz,0,,-79.4057,43.709,16.0,machine,3.6956120092378755,0,66.33787528868348,8.282567177670474,N,1.0,0.0
2026-09-26T02:11:59,codecarbon,7b39bea9-b149-4954-8f6f-093764bed48b,5b0fa12a-3dd7-45bb-9766-cc326314d9f1,1324.9511872910007,0.00035885407483341966,2.7084324183076797e-07,5.06123922333415,0.0,10.0,0.0018646936038492913,0.0,0.003679822522461158,0.005544516126310445,0.0,Canada,CAN,ontario,,,macOS-15.7.9-x86_64-i386-64bit,3.11.15,3.3.0,8,Intel(R) Core(TM) i7-1060NG7 CPU @ 1.20GHz,0,,-79.4057,43.709,16.0,machine,3.729528158295282,0,66.3394977168949,8.28082966042436,N,1.0,0.0
2026-09-26T02:12:14,codecarbon,7b39bea9-b149-4954-8f6f-093764bed48b,5b0fa12a-3dd7-45bb-9766-cc326314d9f1,1339.961076538002,0.0003625172661411662,2.705431318033401e-07,5.045266643173789,0.0,10.0,0.001879603134635186,0.0,0.003721511549986158,0.005601114684621339,0.0,Canada,CAN,ontario,,,macOS-15.7.9-x86_64-i386-64bit,3.11.15,3.3.0,8,Intel(R) Core(TM) i7-1060NG7 CPU @ 1.20GHz,0,,-79.4057,43.709,16.0,machine,3.687434161023326,0,66.34559819413089,8.279856894947336,N,1.0,0.0
2026-09-26T02:12:29,codecarbon,7b39bea9-b149-4954-8f6f-093764bed48b,5b0fa12a-3dd7-45bb-9766-cc326314d9f1,1354.971285943,0.0003661462677488855,2.702243741601239e-07,5.028113745469447,0.0,10.0,0.0018939831707063808,0.0,0.003763201820336163,0.005657184991042539,0.0,Canada,CAN,ontario,,,macOS-15.7.9-x86_64-i386-64bit,3.11.15,3.3.0,8,Intel(R) Core(TM) i7-1060NG7 CPU @ 1.20GHz,0,,-79.4057,43.709,16.0,machine,3.6489947877885336,0,66.34921816827993,8.27869551907878,N,1.0,0.0
2026-09-26T02:12:44,codecarbon,7b39bea9-b149-4954-8f6f-093764bed48b,5b0fa12a-3dd7-45bb-9766-cc326314d9f1,1369.9855896080007,0.00036972877928702396,2.698778600969196e-07,5.008765573366831,0.0,10.0,0.0019076325719588662,0.0,0.0038049044253417163,0.005712536997300577,0.0,Canada,CAN,ontario,,,macOS-15.7.9-x86_64-i386-64bit,3.11.15,3.3.0,8,Intel(R) Core(TM) i7-1060NG7 CPU @ 1.20GHz,0,,-79.4057,43.709,16.0,machine,3.6823269513991166,0,66.34985272459495,8.27695278847516,N,1.0,0.0
2026-09-26T02:12:59,codecarbon,7b39bea9-b149-4954-8f6f-093764bed48b,5b0fa12a-3dd7-45bb-9766-cc326314d9f1,1384.9947829330013,0.0003733662795991161,2.6957955668861e-07,4.991870808276163,0.0,10.0,0.0019221513054026164,0.0,0.0038465873085278355,0.005768738613930445,0.0,Canada,CAN,ontario,,,macOS-15.7.9-x86_64-i386-64bit,3.11.15,3.3.0,8,Intel(R) Core(TM) i7-1060NG7 CPU @ 1.20GHz,0,,-79.4057,43.709,16.0,machine,3.7149308084486528,0,66.35542607428984,8.276005722012558,N,1.0,0.0
2026-09-26T02:13:14,codecarbon,7b39bea9-b149-4954-8f6f-093764bed48b,5b0fa12a-3dd7-45bb-9766-cc326314d9f1,1400.0070893670018,0.00037698288949916046,2.6927212895015356e-07,4.974757713668716,0.0,10.0,0.0019363349670952028,0.0,0.00388828249375284,0.005824617460848036,0.0,Canada,CAN,ontario,,,macOS-15.7.9-x86_64-i386-64bit,3.11.15,3.3.0,8,Intel(R) Core(TM) i7-1060NG7 CPU @ 1.20GHz,0,,-79.4057,43.709,16.0,machine,3.67478386167147,0,66.35770893371753,8.274592111021366,N,1.0,0.0
2026-09-26T02:13:29,codecarbon,7b39bea9-b149-4954-8f6f-093764bed48b,5b0fa12a-3dd7-45bb-9766-cc326314d9f1,1415.0177045890014,0.0003805991289791264,2.6897128406578715e-07,4.9581436944739155,0.0,10.0,0.0019505157072753569,0.0,0.003929974877272281,0.005880490584547631,0.0,Canada,CAN,ontario,,,macOS-15.7.9-x86_64-i386-64bit,3.11.15,3.3.0,8,Intel(R) Core(TM) i7-1060NG7 CPU @ 1.20GHz,0,,-79.4057,43.709,16.0,machine,3.6354953670705634,0,66.3595866001425,8.273173519142679,N,1.0,0.0
2026-09-26T02:13:44,codecarbon,7b39bea9-b149-4954-8f6f-093764bed48b,5b0fa12a-3dd7-45bb-9766-cc326314d9f1,1430.0246366760002,0.00038433816459232357,2.6876331689340175e-07,4.945614059754817,0.0,10.0,0.001966605179974962,0.0,0.00397165580404172,0.005938260984016675,0.0,Canada,CAN,ontario,,,macOS-15.7.9-x86_64-i386-64bit,3.11.15,3.3.0,8,Intel(R) Core(TM) i7-1060NG7 CPU @ 1.20GHz,0,,-79.4057,43.709,16.0,machine,3.5970380818053598,0,66.36636107193226,8.272383621280385,N,1.0,0.0
2026-09-26T02:13:59,codecarbon,7b39bea9-b149-4954-8f6f-093764bed48b,5b0fa12a-3dd7-45bb-9766-cc326314d9f1,1445.0370693840014,0.0003879832056745345,2.6849360054128314e-07,4.931149735030311,0.0,10.0,0.0019812262859929828,0.0,0.004013352824188949,0.005994579110181925,0.0,Canada,CAN,ontario,,,macOS-15.7.9-x86_64-i386-64bit,3.11.15,3.3.0,8,Intel(R) Core(TM) i7-1060NG7 CPU @ 1.20GHz,0,,-79.4057,43.709,16.0,machine,3.698953244940684,0,66.37711095603625,8.272218245022462,N,1.0,0.0
2026-09-26T02:14:14,codecarbon,7b39bea9-b149-4954-8f6f-093764bed48b,5b0fa12a-3dd7-45bb-9766-cc326314d9f1,1460.0479071240006,0.0003916838769045769,2.682678253182219e-07,4.918495511899334,0.0,10.0,0.001996713078198099,0.0,0.004055043678141725,0.006051756756339817,0.0,Canada,CAN,ontario,,,macOS-15.7.9-x86_64-i386-64bit,3.11.15,3.3.0,8,Intel(R) Core(TM) i7-1060NG7 CPU @ 1.20GHz,0,,-79.4057,43.709,16.0,machine,3.6606353591160223,0,66.38701657458562,8.271872109471104,N,1.0,0.0
2026-09-26T02:14:29,codecarbon,7b39bea9-b149-4954-8f6f-093764bed48b,5b0fa12a-3dd7-45bb-9766-cc326314d9f1,1475.0629402550003,0.0003953705582479207,2.6803639862280815e-07,4.906249679355381,0.0,10.0,0.0020119733759731374,0.0,0.004096744874172285,0.006108718250145416,0.0,Canada,CAN,ontario,,,macOS-15.7.9-x86_64-i386-64bit,3.11.15,3.3.0,8,Intel(R) Core(TM) i7-1060NG7 CPU @ 1.20GHz,0,,-79.4057,43.709,16.0,machine,3.691455912508544,0,66.39384825700613,8.270877324467396,N,1.0,0.0
2026-09-26T02:14:44,codecarbon,7b39bea9-b149-4954-8f6f-093764bed48b,5b0fa12a-3dd7-45bb-9766-cc326314d9f1,1490.0824070330018,0.00039906007610730385,2.6781074269704173e-07,4.89357387505392,0.0,10.0,0.0020272617595374584,0.0,0.004138461810330629,0.006165723569868081,0.0,Canada,CAN,ontario,,,macOS-15.7.9-x86_64-i386-64bit,3.11.15,3.3.0,8,Intel(R) Core(TM) i7-1060NG7 CPU @ 1.20GHz,0,,-79.4057,43.709,16.0,machine,3.6539918809201626,0,66.40175913396476,8.270139686470909,N,1.0,0.0
2026-09-26T02:14:59,codecarbon,7b39bea9-b149-4954-8f6f-093764bed48b,5b0fa12a-3dd7-45bb-9766-cc326314d9f1,1505.0949105479995,0.0004028190149059577,2.676369523828187e-07,4.883957254524428,0.0,10.0,0.0020436423913775432,0.0,0.004180159094413959,0.006223801485791497,0.0,Canada,CAN,ontario,,,macOS-15.7.9-x86_64-i386-64bit,3.11.15,3.3.0,8,Intel(R) Core(TM) i7-1060NG7 CPU @ 1.20GHz,0,,-79.4057,43.709,16.0,machine,3.684259879437375,0,66.41272605492291,8.269672996791831,N,1.0,0.0
2026-09-26T02:15:14,codecarbon,7b39bea9-b149-4954-8f6f-093764bed48b,5b0fa12a-3dd7-45bb-9766-cc326314d9f1,1520.1052564590027,0.0004064704268567279,2.6739623794445474e-07,4.8699965672711825,0.0,10.0,0.002058370176613011,0.0,0.00422184786918062,0.006280218045793625,0.0,Canada,CAN,ontario,,,macOS-15.7.9-x86_64-i386-64bit,3.11.15,3.3.0,8,Intel(R) Core(TM) i7-1060NG7 CPU @ 1.20GHz,0,,-79.4057,43.709,16.0,machine,3.647612732095491,0,66.41724137931028,8.268167217467129,N,1.0,0.0
2026-09-26T02:15:29,codecarbon,7b39bea9-b149-4954-8f6f-093764bed48b,5b0fa12a-3dd7-45bb-9766-cc326314d9f1,1535.1198799630001,0.00041010748551628727,2.6715013652625736e-07,4.855994701346231,0.0,10.0,0.0020728624302479856,0.0,0.0042635504083722965,0.006336412838620277,0.0,Canada,CAN,ontario,,,macOS-15.7.9-x86_64-i386-64bit,3.11.15,3.3.0,8,Intel(R) Core(TM) i7-1060NG7 CPU @ 1.20GHz,0,,-79.4057,43.709,16.0,machine,3.6445173998686804,0,66.42363755745234,8.266980970837299,N,1.0,0.0
2026-09-26T02:15:44,codecarbon,7b39bea9-b149-4954-8f6f-093764bed48b,5b0fa12a-3dd7-45bb-9766-cc326314d9f1,1550.1361603950027,0.0004137736220280079,2.669272755514399e-07,4.84313169816625,0.0,10.0,0.0020878030286158146,0.0,0.004305253873527855,0.006393056902143665,0.0,Canada,CAN,ontario,,,macOS-15.7.9-x86_64-i386-64bit,3.11.15,3.3.0,8,Intel(R) Core(TM) i7-1060NG7 CPU @ 1.20GHz,0,,-79.4057,43.709,16.0,machine,3.7390117035110535,0,66.42522756827043,8.265103837448537,N,1.0,0.0
2026-09-26T02:15:59,codecarbon,7b39bea9-b149-4954-8f6f-093764bed48b,5b0fa12a-3dd7-45bb-9766-cc326314d9f1,1565.148064088,0.0004174559572481451,2.667197863426382e-07,4.832214795710723,0.0,10.0,0.002103003849389753,0.0,0.004346947396283412,0.0064499512456731595,0.0,Canada,CAN,ontario,,,macOS-15.7.9-x86_64-i386-64bit,3.11.15,3.3.0,8,Intel(R) Core(TM) i7-1060NG7 CPU @ 1.20GHz,0,,-79.4057,43.709,16.0,machine,3.767289117836446,0,66.43374114616866,8.264328526130278,N,1.0,0.0
2026-09-26T02:16:14,codecarbon,7b39bea9-b149-4954-8f6f-093764bed48b,5b0fa12a-3dd7-45bb-9766-cc326314d9f1,1580.1607483860025,0.00042123075198378804,2.665746205973277e-07,4.822657970723547,0.0,10.0,0.002119632288448282,0.0,0.004388641857125071,0.006508274145573347,0.0,Canada,CAN,ontario,,,macOS-15.7.9-x86_64-i386-64bit,3.11.15,3.3.0,8,Intel(R) Core(TM) i7-1060NG7 CPU @ 1.20GHz,0,,-79.4057,43.709,16.0,machine,3.795025510204082,0,66.44183673469384,8.263340249353526,N,1.0,0.0
2026-09-26T02:16:29,codecarbon,7b39bea9-b149-4954-8f6f-093764bed48b,5b0fa12a-3dd7-45bb-9766-cc326314d9f1,1595.1752239230009,0.0004249229538971248,2.6638011142883437e-07,4.811754040257342,0.0,10.0,0.0021349769759411415,0.0,0.004430343959638964,0.006565320935580101,0.0,Canada,CAN,ontario,,,macOS-15.7.9-x86_64-i386-64bit,3.11.15,3.3.0,8,Intel(R) Core(TM) i7-1060NG7 CPU @ 1.20GHz,0,,-79.4057,43.709,16.0,machine,3.759065066329754,0,66.45205306380286,8.262742590166237,N,1.0,0.0
2026-09-26T02:16:44,codecarbon,7b39bea9-b149-4954-8f6f-093764bed48b,5b0fa12a-3dd7-45bb-9766-cc326314d9f1,1610.1901780890003,0.00042858106855875674,2.66167980894905e-07,4.800001946779092,0.0,10.0,0.0021497948455311117,0.0,0.004472046211055634,0.006621841056586741,0.0,Canada,CAN,ontario,,,macOS-15.7.9-x86_64-i386-64bit,3.11.15,3.3.0,8,Intel(R) Core(TM) i7-1060NG7 CPU @ 1.20GHz,0,,-79.4057,43.709,16.0,machine,3.786357947434293,0,66.45851063829784,8.261582798295384,N,1.0,0.0
2026-09-26T02:16:59,codecarbon,7b39bea9-b149-4954-8f6f-093764bed48b,5b0fa12a-3dd7-45bb-9766-cc326314d9f1,1625.2032197770022,0.0004322672687677621,2.6597736425053013e-07,4.789980357656001,0.0,10.0,0.002165049898215316,0.0,0.004513745218355634,0.006678795116570946,0.0,Canada,CAN,ontario,,,macOS-15.7.9-x86_64-i386-64bit,3.11.15,3.3.0,8,Intel(R) Core(TM) i7-1060NG7 CPU @ 1.20GHz,0,,-79.4057,43.709,16.0,machine,3.7844913151364765,0,66.46501240694784,8.260630458519417,N,1.0,0.0
2026-09-26T02:17:14,codecarbon,7b39bea9-b149-4954-8f6f-093764bed48b,5b0fa12a-3dd7-45bb-9766-cc326314d9f1,1640.2122339300004,0.0004360427706944334,2.658453349355047e-07,4.783070309941151,0.0,10.0,0.00218169399512954,0.0,0.004555434947877859,0.0067371289430073955,0.0,Canada,CAN,ontario,,,macOS-15.7.9-x86_64-i386-64bit,3.11.15,3.3.0,8,Intel(R) Core(TM) i7-1060NG7 CPU @ 1.20GHz,0,,-79.4057,43.709,16.0,machine,3.811063306699447,0,66.47178856791633,8.25944476839803,N,1.0,0.0
2026-09-26T02:17:45,codecarbon,7b39bea9-b149-4954-8f6f-093764bed48b,5b0fa12a-3dd7-45bb-9766-cc326314d9f1,1655.2244803390022,0.00044015401364716424,2.6591801829623585e-07,4.783877641432264,0.0,10.0,0.0022035199875397276,0.0,0.004597130187213968,0.006800650174753692,0.0,Canada,CAN,ontario,,,macOS-15.7.9-x86_64-i386-64bit,3.11.15,3.3.0,8,Intel(R) Core(TM) i7-1060NG7 CPU @ 1.20GHz,0,,-79.4057,43.709,16.0,machine,3.8394881170018285,0,66.48500914076773,8.259962943179952,N,1.0,0.0
2026-09-26T02:18:00,codecarbon,7b39bea9-b149-4954-8f6f-093764bed48b,5b0fa12a-3dd7-45bb-9766-cc326314d9f1,1670.242644328002,0.00044387390670923456,2.6575414549292676e-07,4.7740435265473105,0.0,10.0,0.002219284476419738,0.0,0.004638840333616762,0.006858124810036496,0.0,Canada,CAN,ontario,,,macOS-15.7.9-x86_64-i386-64bit,3.11.15,3.3.0,8,Intel(R) Core(TM) i7-1060NG7 CPU @ 1.20GHz,0,,-79.4057,43.709,16.0,machine,3.8047101449275362,0,66.48677536231872,8.258314826062335,N,1.0,0.0
2026-09-26T02:18:15,codecarbon,7b39bea9-b149-4954-8f6f-093764bed48b,5b0fa12a-3dd7-45bb-9766-cc326314d9f1,1685.2561274830005,0.0004476079918777156,2.656023524128861e-07,4.765557525361291,0.0,10.0,0.00223527857784874,0.0,0.004680540144241761,0.006915818722090498,0.0,Canada,CAN,ontario,,,macOS-15.7.9-x86_64-i386-64bit,3.11.15,3.3.0,8,Intel(R) Core(TM) i7-1060NG7 CPU @ 1.20GHz,0,,-79.4057,43.709,16.0,machine,3.8902453620586477,0,66.48294434470365,8.255817490948095,N,1.0,0.0
2026-09-26T02:18:30,codecarbon,7b39bea9-b149-4954-8f6f-093764bed48b,5b0fa12a-3dd7-45bb-9766-cc326314d9f1,1700.2697789550002,0.0004513506539212783,2.6545825815870356e-07,4.758436577323217,0.0,10.0,0.0022514030489274852,0.0,0.0047222421032112084,0.00697364515213869,0.0,Canada,CAN,ontario,,,macOS-15.7.9-x86_64-i386-64bit,3.11.15,3.3.0,8,Intel(R) Core(TM) i7-1060NG7 CPU @ 1.20GHz,0,,-79.4057,43.709,16.0,machine,3.914946619217082,0,66.48001186239608,8.253505899105773,N,1.0,0.0
2026-09-26T02:18:45,codecarbon,7b39bea9-b149-4954-8f6f-093764bed48b,5b0fa12a-3dd7-45bb-9766-cc326314d9f1,1715.27913137,0.00045528247688449207,2.65427631315526e-07,4.756808444459259,0.0,10.0,0.0022704625803105644,0.0,0.004763931654405654,0.007034394234716215,0.0,Canada,CAN,ontario,,,macOS-15.7.9-x86_64-i386-64bit,3.11.15,3.3.0,8,Intel(R) Core(TM) i7-1060NG7 CPU @ 1.20GHz,0,,-79.4057,43.709,16.0,machine,3.8804232804232806,0,66.47689594356247,8.251363057938834,N,1.0,0.0
2026-09-26T02:19:00,codecarbon,7b39bea9-b149-4954-8f6f-093764bed48b,5b0fa12a-3dd7-45bb-9766-cc326314d9f1,1730.2905519250016,0.000458937419145369,2.652371988246638e-07,4.745630269195024,0.0,10.0,0.002285240042491404,0.0,0.004805625297688985,0.007090865340180386,0.0,Canada,CAN,ontario,,,macOS-15.7.9-x86_64-i386-64bit,3.11.15,3.3.0,8,Intel(R) Core(TM) i7-1060NG7 CPU @ 1.20GHz,0,,-79.4057,43.709,16.0,machine,3.8465034965034968,0,66.47342657342644,8.249305536141206,N,1.0,0.0
2026-09-26T02:19:15,codecarbon,7b39bea9-b149-4954-8f6f-093764bed48b,5b0fa12a-3dd7-45bb-9766-cc326314d9f1,1745.2996373800015,0.00046260876092468485,2.6505979318206995e-07,4.73753879631953,0.0,10.0,0.002300276029008364,0.0,0.0048473137992806345,0.007147589828288995,0.0,Canada,CAN,ontario,,,macOS-15.7.9-x86_64-i386-64bit,3.11.15,3.3.0,8,Intel(R) Core(TM) i7-1060NG7 CPU @ 1.20GHz,0,,-79.4057,43.709,16.0,machine,3.8131715771230503,0,66.46828422876936,8.247022643108577,N,1.0,0.0
2026-09-26T02:19:30,codecarbon,7b39bea9-b149-4954-8f6f-093764bed48b,5b0fa12a-3dd7-45bb-9766-cc326314d9f1,1760.3056653820022,0.0004664928001675288,2.650067027230158e-07,4.734825091041143,0.0,10.0,0.002318608228514197,0.0,0.004888992394488969,0.007207600623003163,0.0,Canada,CAN,ontario,,,macOS-15.7.9-x86_64-i386-64bit,3.11.15,3.3.0,8,Intel(R) Core(TM) i7-1060NG7 CPU @ 1.20GHz,0,,-79.4057,43.709,16.0,machine,3.92766323024055,0,66.47164948453594,8.246167208047803,N,1.0,0.0
2026-09-26T02:19:45,codecarbon,7b39bea9-b149-4954-8f6f-093764bed48b,5b0fa12a-3dd7-45bb-9766-cc326314d9f1,1775.3145901930002,0.0004703167692071281,2.649202410689355e-07,4.728494662562238,0.0,10.0,0.0023360051909853716,0.0,0.004930678105152862,0.007266683296138231,0.0,Canada,CAN,ontario,,,macOS-15.7.9-x86_64-i386-64bit,3.11.15,3.3.0,8,Intel(R) Core(TM) i7-1060NG7 CPU @ 1.20GHz,0,,-79.4057,43.709,16.0,machine,4.007779670641681,0,66.47047132311175,8.24469067358551,N,1.0,0.0
2026-09-26T02:20:00,codecarbon,7b39bea9-b149-4954-8f6f-093764bed48b,5b0fa12a-3dd7-45bb-9766-cc326314d9f1,1790.3297153029998,0.00047395512046494046,2.647306339238899e-07,4.718561786772976,0.0,10.0,0.0023505159037637926,0.0,0.00497238215663896,0.007322898060402749,0.0,Canada,CAN,ontario,,,macOS-15.7.9-x86_64-i386-64bit,3.11.15,3.3.0,8,Intel(R) Core(TM) i7-1060NG7 CPU @ 1.20GHz,0,,-79.4057,43.709,16.0,machine,3.9739301801801807,0,66.46632882882871,8.24275558488863,N,1.0,0.0
2026-09-26T02:20:15,codecarbon,7b39bea9-b149-4954-8f6f-093764bed48b,5b0fa12a-3dd7-45bb-9766-cc326314d9f1,1805.3399515920028,0.0004775695879342318,2.6453166757490557e-07,4.7071672589105065,0.0,10.0,0.0023646724093393614,0.0,0.005014071396108401,0.00737874380544776,0.0,Canada,CAN,ontario,,,macOS-15.7.9-x86_64-i386-64bit,3.11.15,3.3.0,8,Intel(R) Core(TM) i7-1060NG7 CPU @ 1.20GHz,0,,-79.4057,43.709,16.0,machine,3.9964824120603017,0,66.46420993858167,8.241197619073422,N,1.0,0.0
2026-09-26T02:20:30,codecarbon,7b39bea9-b149-4954-8f6f-093764bed48b,5b0fa12a-3dd7-45bb-9766-cc326314d9f1,1820.3510160530022,0.0004811485060869175,2.6431633341253793e-07,4.695593583430958,0.0,10.0,0.0023782783211435837,0.0,0.0050557619705472925,0.007434040291690873,0.0,Canada,CAN,ontario,,,macOS-15.7.9-x86_64-i386-64bit,3.11.15,3.3.0,8,Intel(R) Core(TM) i7-1060NG7 CPU @ 1.20GHz,0,,-79.4057,43.709,16.0,machine,4.074031007751938,0,66.45791805094116,8.238998096250617,N,1.0,0.0
2026-09-26T02:20:45,codecarbon,7b39bea9-b149-4954-8f6f-093764bed48b,5b0fa12a-3dd7-45bb-9766-cc326314d9f1,1835.365701355,0.00048478526068208155,2.641355127886382e-07,4.685385862882876,0.0,10.0,0.0023927675434022295,0.0,0.0050974628431334126,0.007490230386535639,0.0,Canada,CAN,ontario,,,macOS-15.7.9-x86_64-i386-64bit,3.11.15,3.3.0,8,Intel(R) Core(TM) i7-1060NG7 CPU @ 1.20GHz,0,,-79.4057,43.709,16.0,machine,4.095387149917628,0,66.45606809445346,8.237538957255413,N,1.0,0.0
2026-09-26T02:21:00,codecarbon,7b39bea9-b149-4954-8f6f-093764bed48b,5b0fa12a-3dd7-45bb-9766-cc326314d9f1,1850.3786889420007,0.0004884577965928032,2.639772061318383e-07,4.67724217105475,0.0,10.0,0.0024078106140503746,0.0,0.005139162710658402,0.007546973324708774,0.0,Canada,CAN,ontario,,,macOS-15.7.9-x86_64-i386-64bit,3.11.15,3.3.0,8,Intel(R) Core(TM) i7-1060NG7 CPU @ 1.20GHz,0,,-79.4057,43.709,16.0,machine,4.170860566448802,0,66.45484749455325,8.236208678850161,N,1.0,0.0
2026-09-26T02:21:15,codecarbon,7b39bea9-b149-4954-8f6f-093764bed48b,5b0fa12a-3dd7-45bb-9766-cc326314d9f1,1865.3901518150014,0.0004925603018991756,2.6405216164560564e-07,4.677621873616675,0.0,10.0,0.0024295040992012846,0.0,0.005180855455244511,0.007610359554445793,0.0,Canada,CAN,ontario,,,macOS-15.7.9-x86_64-i386-64bit,3.11.15,3.3.0,8,Intel(R) Core(TM) i7-1060NG7 CPU @ 1.20GHz,0,,-79.4057,43.709,16.0,machine,4.139297297297298,0,66.45232432432417,8.234760837039431,N,1.0,0.0
2026-09-26T02:21:30,codecarbon,7b39bea9-b149-4954-8f6f-093764bed48b,5b0fa12a-3dd7-45bb-9766-cc326314d9f1,1880.4034155059999,0.0004963710796324291,2.6397052650473947e-07,4.673935216807617,0.0,10.0,0.0024466829162388013,0.0,0.005222555497547289,0.007669238413786088,0.0,Canada,CAN,ontario,,,macOS-15.7.9-x86_64-i386-64bit,3.11.15,3.3.0,8,Intel(R) Core(TM) i7-1060NG7 CPU @ 1.20GHz,0,,-79.4057,43.709,16.0,machine,4.106005361930295,0,66.45029490616606,8.233360505295822,N,1.0,0.0
2026-09-26T02:21:45,codecarbon,7b39bea9-b149-4954-8f6f-093764bed48b,5b0fa12a-3dd7-45bb-9766-cc326314d9f1,1895.411039349001,0.0005002778323136497,2.6394160523908073e-07,4.671933499409296,0.0,10.0,0.002465360869704174,0.0,0.005264239275386177,0.007729600145090348,0.0,Canada,CAN,ontario,,,macOS-15.7.9-x86_64-i386-64bit,3.11.15,3.3.0,8,Intel(R) Core(TM) i7-1060NG7 CPU @ 1.20GHz,0,,-79.4057,43.709,16.0,machine,4.073244680851064,0,66.45015957446792,8.23247234466228,N,1.0,0.0
2026-09-26T02:22:00,codecarbon,7b39bea9-b149-4954-8f6f-093764bed48b,5b0fa12a-3dd7-45bb-9766-cc326314d9f1,1910.4239354359997,0.0005040646575350842,2.638496347252087e-07,4.66634344346287,0.0,10.0,0.0024821715722299787,0.0,0.005305937351163948,0.007788108923393923,0.0,Canada,CAN,ontario,,,macOS-15.7.9-x86_64-i386-64bit,3.11.15,3.3.0,8,Intel(R) Core(TM) i7-1060NG7 CPU @ 1.20GHz,0,,-79.4057,43.709,16.0,machine,4.041002638522428,0,66.45007915567265,8.231612484813681,N,1.0,0.0
2026-09-26T02:22:15,codecarbon,7b39bea9-b149-4954-8f6f-093764bed48b,5b0fa12a-3dd7-45bb-9766-cc326314d9f1,1925.4385427680027,0.0005078321607240232,2.6374882887405266e-07,4.660880210394365,0.0,10.0,0.0024986787495109132,0.0,0.005347640414902834,0.007846319164413744,0.0,Canada,CAN,ontario,,,macOS-15.7.9-x86_64-i386-64bit,3.11.15,3.3.0,8,Intel(R) Core(TM) i7-1060NG7 CPU @ 1.20GHz,0,,-79.4057,43.709,16.0,machine,4.009267015706807,0,66.45361256544487,8.23135798389375,N,1.0,0.0
2026-09-26T02:22:30,codecarbon,7b39bea9-b149-4954-8f6f-093764bed48b,5b0fa12a-3dd7-45bb-9766-cc326314d9f1,1940.4483664719992,0.0005114107013398229,2.6355285210172206e-07,4.650038839815539,0.0,10.0,0.0025122812811103055,0.0,0.005389328536369507,0.007901609817479808,0.0,Canada,CAN,ontario,,,macOS-15.7.9-x86_64-i386-64bit,3.11.15,3.3.0,8,Intel(R) Core(TM) i7-1060NG7 CPU @ 1.20GHz,0,,-79.4057,43.709,16.0,machine,4.029974025974027,0,66.45283116883101,8.230476631065468,N,1.0,0.0
2026-09-26T02:22:45,codecarbon,7b39bea9-b149-4954-8f6f-093764bed48b,5b0fa12a-3dd7-45bb-9766-cc326314d9f1,1955.4611131480015,0.0005150724318416591,2.634020325837465e-07,4.642253058366587,0.0,10.0,0.002527158725199372,0.0,0.005431027080241726,0.007958185805441094,0.0,Canada,CAN,ontario,,,macOS-15.7.9-x86_64-i386-64bit,3.11.15,3.3.0,8,Intel(R) Core(TM) i7-1060NG7 CPU @ 1.20GHz,0,,-79.4057,43.709,16.0,machine,3.998814432989691,0,66.45118556701014,8.229464707915316,N,1.0,0.0
2026-09-26T02:23:00,codecarbon,7b39bea9-b149-4954-8f6f-093764bed48b,5b0fa12a-3dd7-45bb-9766-cc326314d9f1,1970.4756838730027,0.000519084863932218,2.634312456533075e-07,4.641810687651321,0.0,10.0,0.0025474491809105732,0.0,0.005472731167694499,0.00802018034860507,0.0,Canada,CAN,ontario,,,macOS-15.7.9-x86_64-i386-64bit,3.11.15,3.3.0,8,Intel(R) Core(TM) i7-1060NG7 CPU @ 1.20GHz,0,,-79.4057,43.709,16.0,machine,4.019283887468031,0,66.45207161125303,8.228881039826767,N,1.0,0.0
2026-09-26T02:23:15,codecarbon,7b39bea9-b149-4954-8f6f-093764bed48b,5b0fa12a-3dd7-45bb-9766-cc326314d9f1,1985.4870501090008,0.0005234505279973465,2.6363834907339725e-07,4.654783316390283,0.0,10.0,0.0025732112073584743,0.0,0.00551442133563061,0.008087632542989083,0.0,Canada,CAN,ontario,,,macOS-15.7.9-x86_64-i386-64bit,3.11.15,3.3.0,8,Intel(R) Core(TM) i7-1060NG7 CPU @ 1.20GHz,0,,-79.4057,43.709,16.0,machine,4.014060913705584,0,66.46989847715719,8.230164292621128,N,1.0,0.0
2026-09-26T02:23:30,codecarbon,7b39bea9-b149-4954-8f6f-093764bed48b,5b0fa12a-3dd7-45bb-9766-cc326314d9f1,2000.494375393002,0.000527225093410384,2.6354740103021255e-07,4.649431589838636,0.0,10.0,0.00258984744348617,0.0,0.005556104456227831,0.008145951899714,0.0,Canada,CAN,ontario,,,macOS-15.7.9-x86_64-i386-64bit,3.11.15,3.3.0,8,Intel(R) Core(TM) i7-1060NG7 CPU @ 1.20GHz,0,,-79.4057,43.709,16.0,machine,3.9837279596977333,0,66.48181360201494,8.229925075886532,N,1.0,0.0
2026-09-26T02:23:45,codecarbon,7b39bea9-b149-4954-8f6f-093764bed48b,5b0fa12a-3dd7-45bb-9766-cc326314d9f1,2015.4998984640006,0.000531226974074777,2.6357082651287734e-07,4.652574119247609,0.0,10.0,0.002610001953830274,0.0,0.005597781463025052,0.008207783416855324,0.0,Canada,CAN,ontario,,,macOS-15.7.9-x86_64-i386-64bit,3.11.15,3.3.0,8,Intel(R) Core(TM) i7-1060NG7 CPU @ 1.20GHz,0,,-79.4057,43.709,16.0,machine,3.9538500000000005,0,66.49334999999984,8.2296559009552,N,1.0,0.0
2026-09-26T02:24:00,codecarbon,7b39bea9-b149-4954-8f6f-093764bed48b,5b0fa12a-3dd7-45bb-9766-cc326314d9f1,2030.5210774920015,0.0005353213631531529,2.6363743232567437e-07,4.656429941503413,0.0,10.0,0.0026315473745454915,0.0,0.0056394968713333925,0.008271044245878883,0.0,Canada,CAN,ontario,,,macOS-15.7.9-x86_64-i386-64bit,3.11.15,3.3.0,8,Intel(R) Core(TM) i7-1060NG7 CPU @ 1.20GHz,0,,-79.4057,43.709,16.0,machine,3.924416873449132,0,66.51191066997504,8.230549752209381,N,1.0,0.0
2026-09-26T02:24:15,codecarbon,7b39bea9-b149-4954-8f6f-093764bed48b,5b0fa12a-3dd7-45bb-9766-cc326314d9f1,2045.657793071001,0.0005400103610605522,2.6397883501808624e-07,4.675372477241344,0.0,10.0,0.0026619558475008253,0.0,0.005681536299452833,0.008343492146953657,0.0,Canada,CAN,ontario,,,macOS-15.7.9-x86_64-i386-64bit,3.11.15,3.3.0,8,Intel(R) Core(TM) i7-1060NG7 CPU @ 1.20GHz,0,,-79.4057,43.709,16.0,machine,3.9466239526860525,0,66.52966978807281,8.229868913766138,N,1.0,0.0
2026-09-26T02:24:30,codecarbon,7b39bea9-b149-4954-8f6f-093764bed48b,5b0fa12a-3dd7-45bb-9766-cc326314d9f1,2060.684933312001,0.0005440016950224261,2.639907179541943e-07,4.67361773655857,0.0,10.0,0.002681893059008303,0.0,0.005723267652047277,0.008405160711055579,0.0,Canada,CAN,ontario,,,macOS-15.7.9-x86_64-i386-64bit,3.11.15,3.3.0,8,Intel(R) Core(TM) i7-1060NG7 CPU @ 1.20GHz,0,,-79.4057,43.709,16.0,machine,3.9176614481409007,0,66.54001956947147,8.227875345607092,N,1.0,0.0
2026-09-26T02:24:45,codecarbon,7b39bea9-b149-4954-8f6f-093764bed48b,5b0fa12a-3dd7-45bb-9766-cc326314d9f1,2075.6989377470018,0.000547601254403816,2.638153560931103e-07,4.664017032645801,0.0,10.0,0.002695807876038924,0.0,0.00576496824093616,0.008460776116975082,0.0,Canada,CAN,ontario,,,macOS-15.7.9-x86_64-i386-64bit,3.11.15,3.3.0,8,Intel(R) Core(TM) i7-1060NG7 CPU @ 1.20GHz,0,,-79.4057,43.709,16.0,machine,3.9862554638173875,0,66.54434191355016,8.224985875800838,N,1.0,0.0
2026-09-26T02:25:00,codecarbon,7b39bea9-b149-4954-8f6f-093764bed48b,5b0fa12a-3dd7-45bb-9766-cc326314d9f1,2090.7138226170027,0.0005514117411625898,2.637432895872726e-07,4.660155723389272,0.0,10.0,0.0027129805594168052,0.0,0.005806669921163933,0.008519650480580737,0.0,Canada,CAN,ontario,,,macOS-15.7.9-x86_64-i386-64bit,3.11.15,3.3.0,8,Intel(R) Core(TM) i7-1060NG7 CPU @ 1.20GHz,0,,-79.4057,43.709,16.0,machine,3.957425265188043,0,66.55236258437795,8.222768941748683,N,1.0,0.0
2026-09-26T02:25:15,codecarbon,7b39bea9-b149-4954-8f6f-093764bed48b,5b0fa12a-3dd7-45bb-9766-cc326314d9f1,2105.7271385750028,0.0005550621255991624,2.635964154286327e-07,4.6517587974907,0.0,10.0,0.0027276809979482784,0.0,0.005848370166908388,0.008576051164856664,0.0,Canada,CAN,ontario,,,macOS-15.7.9-x86_64-i386-64bit,3.11.15,3.3.0,8,Intel(R) Core(TM) i7-1060NG7 CPU @ 1.20GHz,0,,-79.4057,43.709,16.0,machine,3.976878889420776,0,66.56716132120627,8.221667100277285,N,1.0,0.0
2026-09-26T02:25:30,codecarbon,7b39bea9-b149-4954-8f6f-093764bed48b,5b0fa12a-3dd7-45bb-9766-cc326314d9f1,2120.7359139990003,0.000558682858599206,2.6343820317812063e-07,4.643079480677596,0.0,10.0,0.002741939048607377,0.0,0.0058900546675972835,0.008631993716204659,0.0,Canada,CAN,ontario,,,macOS-15.7.9-x86_64-i386-64bit,3.11.15,3.3.0,8,Intel(R) Core(TM) i7-1060NG7 CPU @ 1.20GHz,0,,-79.4057,43.709,16.0,machine,3.948526615969582,0,66.58203422053226,8.220584967290494,N,1.0,0.0
2026-09-26T02:25:45,codecarbon,7b39bea9-b149-4954-8f6f-093764bed48b,5b0fa12a-3dd7-45bb-9766-cc326314d9f1,2135.7437594879993,0.0005622973801318292,2.6327942087333006e-07,4.6343036868686935,0.0,10.0,0.002756100983741895,0.0,0.0059317393128195,0.008687840296561394,0.0,Canada,CAN,ontario,,,macOS-15.7.9-x86_64-i386-64bit,3.11.15,3.3.0,8,Intel(R) Core(TM) i7-1060NG7 CPU @ 1.20GHz,0,,-79.4057,43.709,16.0,machine,4.014959886739028,0,66.5961774421897,8.21944525242977,N,1.0,0.0
2026-09-26T02:26:00,codecarbon,7b39bea9-b149-4954-8f6f-093764bed48b,5b0fa12a-3dd7-45bb-9766-cc326314d9f1,2150.7536405200008,0.0005659199304295401,2.6312633849254543e-07,4.625869457417724,0.0,10.0,0.002770381864270256,0.0,0.005973429062005606,0.00874381092627586,0.0,Canada,CAN,ontario,,,macOS-15.7.9-x86_64-i386-64bit,3.11.15,3.3.0,8,Intel(R) Core(TM) i7-1060NG7 CPU @ 1.20GHz,0,,-79.4057,43.709,16.0,machine,3.9867385192127465,0,66.60960637300842,8.21826969136003,N,1.0,0.0
2026-09-26T02:26:15,codecarbon,7b39bea9-b149-4954-8f6f-093764bed48b,5b0fa12a-3dd7-45bb-9766-cc326314d9f1,2165.7640011930016,0.0005696848358535802,2.6304104950482687e-07,4.62263084817331,0.0,10.0,0.00278686053815828,0.0,0.006015120492072274,0.00880198103023055,0.0,Canada,CAN,ontario,,,macOS-15.7.9-x86_64-i386-64bit,3.11.15,3.3.0,8,Intel(R) Core(TM) i7-1060NG7 CPU @ 1.20GHz,0,,-79.4057,43.709,16.0,machine,3.9589111214518384,0,66.62415076779895,8.217268006975788,N,1.0,0.0
2026-09-26T02:26:30,codecarbon,7b39bea9-b149-4954-8f6f-093764bed48b,5b0fa12a-3dd7-45bb-9766-cc326314d9f1,2180.7758950720017,0.0005735262704259346,2.6299184236305893e-07,4.619333577078336,0.0,10.0,0.002804517256672841,0.0,0.006056816299913927,0.008861333556586762,0.0,Canada,CAN,ontario,,,macOS-15.7.9-x86_64-i386-64bit,3.11.15,3.3.0,8,Intel(R) Core(TM) i7-1060NG7 CPU @ 1.20GHz,0,,-79.4057,43.709,16.0,machine,3.931469500924215,0,66.64154343807763,8.216721132810807,N,1.0,0.0
2026-09-26T02:26:45,codecarbon,7b39bea9-b149-4954-8f6f-093764bed48b,5b0fa12a-3dd7-45bb-9766-cc326314d9f1,2195.785943925999,0.0005775425454963745,2.6302315446274595e-07,4.6194298535125515,0.0,10.0,0.0028248798500891477,0.0,0.0060985076260639225,0.008923387476153065,0.0,Canada,CAN,ontario,,,macOS-15.7.9-x86_64-i386-64bit,3.11.15,3.3.0,8,Intel(R) Core(TM) i7-1060NG7 CPU @ 1.20GHz,0,,-79.4057,43.709,16.0,machine,3.9044056906838,0,66.65883432767325,8.216227359430349,N,1.0,0.0
2026-09-26T02:27:00,codecarbon,7b39bea9-b149-4954-8f6f-093764bed48b,5b0fa12a-3dd7-45bb-9766-cc326314d9f1,2210.7947958100012,0.0005811744631789144,2.6288032895698085e-07,4.611602373932744,0.0,10.0,0.0028393103627400683,0.0,0.0061401924749833635,0.008979502837723426,0.0,Canada,CAN,ontario,,,macOS-15.7.9-x86_64-i386-64bit,3.11.15,3.3.0,8,Intel(R) Core(TM) i7-1060NG7 CPU @ 1.20GHz,0,,-79.4057,43.709,16.0,machine,3.8777119416590704,0,66.67128532360984,8.214992662288974,N,1.0,0.0
2026-09-26T02:27:15,codecarbon,7b39bea9-b149-4954-8f6f-093764bed48b,5b0fa12a-3dd7-45bb-9766-cc326314d9f1,2225.806862641002,0.0005847804743899386,2.6272741099201883e-07,4.6032097434242285,0.0,10.0,0.002853332086142064,0.0,0.0061818858422361435,0.0090352179283782,0.0,Canada,CAN,ontario,,,macOS-15.7.9-x86_64-i386-64bit,3.11.15,3.3.0,8,Intel(R) Core(TM) i7-1060NG7 CPU @ 1.20GHz,0,,-79.4057,43.709,16.0,machine,3.851380715255772,0,66.68035310095065,8.213307573656088,N,1.0,0.0
2026-09-26T02:27:30,codecarbon,7b39bea9-b149-4954-8f6f-093764bed48b,5b0fa12a-3dd7-45bb-9766-cc326314d9f1,2240.8226919200024,0.0005884142766261466,2.62588503208157e-07,4.595566189486091,0.0,10.0,0.00286777106332269,0.0,0.006223591344138917,0.009091362407461601,0.0,Canada,CAN,ontario,,,macOS-15.7.9-x86_64-i386-64bit,3.11.15,3.3.0,8,Intel(R) Core(TM) i7-1060NG7 CPU @ 1.20GHz,0,,-79.4057,43.709,16.0,machine,3.825404676258993,0,66.68826438848915,8.211485917619664,N,1.0,0.0
2026-09-26T02:27:45,codecarbon,7b39bea9-b149-4954-8f6f-093764bed48b,5b0fa12a-3dd7-45bb-9766-cc326314d9f1,2255.838110673001,0.0005920358592124387,2.6244607554564817e-07,4.587687346490774,0.0,10.0,0.0028820252898006525,0.0,0.0062652927956389284,0.009147318085439574,0.0,Canada,CAN,ontario,,,macOS-15.7.9-x86_64-i386-64bit,3.11.15,3.3.0,8,Intel(R) Core(TM) i7-1060NG7 CPU @ 1.20GHz,0,,-79.4057,43.709,16.0,machine,3.844439481911568,0,66.69477445288071,8.209468773402715,N,1.0,0.0
2026-09-26T02:28:00,codecarbon,7b39bea9-b149-4954-8f6f-093764bed48b,5b0fa12a-3dd7-45bb-9766-cc326314d9f1,2270.847301369002,0.0005956719283743062,2.623126301866267e-07,4.580302705592965,0.0,10.0,0.002896520468443391,0.0,0.006306977121475033,0.009203497589918416,0.0,Canada,CAN,ontario,,,macOS-15.7.9-x86_64-i386-64bit,3.11.15,3.3.0,8,Intel(R) Core(TM) i7-1060NG7 CPU @ 1.20GHz,0,,-79.4057,43.709,16.0,machine,3.8188553682342508,0,66.70106477373558,8.207458056066558,N,1.0,0.0
2026-09-26T02:28:16,codecarbon,7b39bea9-b149-4954-8f6f-093764bed48b,5b0fa12a-3dd7-45bb-9766-cc326314d9f1,2285.8582804750004,0.0005993050805037289,2.621794560156168e-07,4.572848398081118,0.0,10.0,0.0029109624289355156,0.0,0.006348669595516704,0.009259632024452213,0.0,Canada,CAN,ontario,,,macOS-15.7.9-x86_64-i386-64bit,3.11.15,3.3.0,8,Intel(R) Core(TM) i7-1060NG7 CPU @ 1.20GHz,0,,-79.4057,43.709,16.0,machine,3.7936095196121644,0,66.70740414279425,8.20549477433885,N,1.0,0.0
2026-09-26T02:28:31,codecarbon,7b39bea9-b149-4954-8f6f-093764bed48b,5b0fa12a-3dd7-45bb-9766-cc326314d9f1,2300.8683326980026,0.0006029357721987855,2.620470557269054e-07,4.565699710832263,0.0,10.0,0.0029253689760898056,0.0,0.006390359467672265,0.00931572844376206,0.0,Canada,CAN,ontario,,,macOS-15.7.9-x86_64-i386-64bit,3.11.15,3.3.0,8,Intel(R) Core(TM) i7-1060NG7 CPU @ 1.20GHz,0,,-79.4057,43.709,16.0,machine,3.7686952714535904,0,66.71978984238187,8.2045467413453,N,1.0,0.0
2026-09-26T02:28:46,codecarbon,7b39bea9-b149-4954-8f6f-093764bed48b,5b0fa12a-3dd7-45bb-9766-cc326314d9f1,2315.880925837002,0.0006066312234385097,2.619440475849431e-07,4.559719169576155,0.0,10.0,0.0029407706321206936,0.0,0.006432054805738925,0.00937282543785961,0.0,Canada,CAN,ontario,,,macOS-15.7.9-x86_64-i386-64bit,3.11.15,3.3.0,8,Intel(R) Core(TM) i7-1060NG7 CPU @ 1.20GHz,0,,-79.4057,43.709,16.0,machine,3.7441061331013485,0,66.73240539364949,8.203650620150638,N,1.0,0.0
2026-09-26T02:29:01,codecarbon,7b39bea9-b149-4954-8f6f-093764bed48b,5b0fa12a-3dd7-45bb-9766-cc326314d9f1,2330.895084115,0.0006102494607813652,2.618090642261002e-07,4.552388558547018,0.0,10.0,0.0029549738875443705,0.0,0.006473755542225034,0.009428729429769394,0.0,Canada,CAN,ontario,,,macOS-15.7.9-x86_64-i386-64bit,3.11.15,3.3.0,8,Intel(R) Core(TM) i7-1060NG7 CPU @ 1.20GHz,0,,-79.4057,43.709,16.0,machine,3.7630509939498706,0,66.74394987035444,8.202630390045245,N,1.0,0.0
2026-09-26T02:29:16,codecarbon,7b39bea9-b149-4954-8f6f-093764bed48b,5b0fa12a-3dd7-45bb-9766-cc326314d9f1,2345.906321593,0.0006138672702983523,2.6167595212476454e-07,4.545156675610872,0.0,10.0,0.002969178879545287,0.0,0.006515447931961155,0.009484626811506431,0.0,Canada,CAN,ontario,,,macOS-15.7.9-x86_64-i386-64bit,3.11.15,3.3.0,8,Intel(R) Core(TM) i7-1060NG7 CPU @ 1.20GHz,0,,-79.4057,43.709,16.0,machine,3.783376288659794,0,66.75339347079048,8.201517604880317,N,1.0,0.0
2026-09-26T02:29:31,codecarbon,7b39bea9-b149-4954-8f6f-093764bed48b,5b0fa12a-3dd7-45bb-9766-cc326314d9f1,2360.9232765849993,0.0006175402482120565,2.6156726664379746e-07,4.53911704498731,0.0,10.0,0.002984217829836291,0.0,0.006557158749061165,0.009541376578897446,0.0,Canada,CAN,ontario,,,macOS-15.7.9-x86_64-i386-64bit,3.11.15,3.3.0,8,Intel(R) Core(TM) i7-1060NG7 CPU @ 1.20GHz,0,,-79.4057,43.709,16.0,machine,3.8445155783183957,0,66.76530089628693,8.200652745662467,N,1.0,0.0
2026-09-26T02:29:46,codecarbon,7b39bea9-b149-4954-8f6f-093764bed48b,5b0fa12a-3dd7-45bb-9766-cc326314d9f1,2375.9345823790027,0.0006212339818416901,2.6146931251770994e-07,4.533579538506977,0.0,10.0,0.0029995954243100613,0.0,0.006598851610552834,0.009598447034862885,0.0,Canada,CAN,ontario,,,macOS-15.7.9-x86_64-i386-64bit,3.11.15,3.3.0,8,Intel(R) Core(TM) i7-1060NG7 CPU @ 1.20GHz,0,,-79.4057,43.709,16.0,machine,3.841263782866837,0,66.77620865139957,8.199650428778444,N,1.0,0.0
2026-09-26T02:30:01,codecarbon,7b39bea9-b149-4954-8f6f-093764bed48b,5b0fa12a-3dd7-45bb-9766-cc326314d9f1,2390.9418447630014,0.0006248926110119339,2.6135834812572594e-07,4.527308252000977,0.0,10.0,0.003014440036041145,0.0,0.006640535069302832,0.009654975105343966,0.0,Canada,CAN,ontario,,,macOS-15.7.9-x86_64-i386-64bit,3.11.15,3.3.0,8,Intel(R) Core(TM) i7-1060NG7 CPU @ 1.20GHz,0,,-79.4057,43.709,16.0,machine,3.859123472397809,0,66.78874841972197,8.198991154197696,N,1.0,0.0
2026-09-26T02:30:16,codecarbon,7b39bea9-b149-4954-8f6f-093764bed48b,5b0fa12a-3dd7-45bb-9766-cc326314d9f1,2405.9584294449996,0.0006285433218672336,2.612444646486367e-07,4.521148213977522,0.0,10.0,0.0030291391609065747,0.0,0.006682241672083387,0.00971138083298995,0.0,Canada,CAN,ontario,,,macOS-15.7.9-x86_64-i386-64bit,3.11.15,3.3.0,8,Intel(R) Core(TM) i7-1060NG7 CPU @ 1.20GHz,0,,-79.4057,43.709,16.0,machine,3.834882747068677,0,66.79932998324972,8.198061621967872,N,1.0,0.0
2026-09-26T02:30:31,codecarbon,7b39bea9-b149-4954-8f6f-093764bed48b,5b0fa12a-3dd7-45bb-9766-cc326314d9f1,2420.973953945002,0.000632194370574046,2.611322478475569e-07,4.515078578076282,0.0,10.0,0.003043844741624514,0.0,0.00672394703902506,0.009767791780649562,0.0,Canada,CAN,ontario,,,macOS-15.7.9-x86_64-i386-64bit,3.11.15,3.3.0,8,Intel(R) Core(TM) i7-1060NG7 CPU @ 1.20GHz,0,,-79.4057,43.709,16.0,machine,3.8109446525176867,0,66.80986267166058,8.197178145720965,N,1.0,0.0
2026-09-26T02:30:46,codecarbon,7b39bea9-b149-4954-8f6f-093764bed48b,5b0fa12a-3dd7-45bb-9766-cc326314d9f1,2435.9880152959995,0.0006358097259509684,2.6100691873630194e-07,4.508161332337072,0.0,10.0,0.003058005028393984,0.0,0.006765646216019501,0.009823651244413473,0.0,Canada,CAN,ontario,,,macOS-15.7.9-x86_64-i386-64bit,3.11.15,3.3.0,8,Intel(R) Core(TM) i7-1060NG7 CPU @ 1.20GHz,0,,-79.4057,43.709,16.0,machine,3.7873035566583955,0,66.82100909842863,8.196406429912356,N,1.0,0.0
2026-09-26T02:31:01,codecarbon,7b39bea9-b149-4954-8f6f-093764bed48b,5b0fa12a-3dd7-45bb-9766-cc326314d9f1,2450.998859036001,0.0006394203203199618,2.6088152508216645e-07,4.501272870434982,0.0,10.0,0.0030721003113438187,0.0,0.006807336836333386,0.009879437147677195,0.0,Canada,CAN,ontario,,,macOS-15.7.9-x86_64-i386-64bit,3.11.15,3.3.0,8,Intel(R) Core(TM) i7-1060NG7 CPU @ 1.20GHz,0,,-79.4057,43.709,16.0,machine,3.763953966296753,0,66.82996300863154,8.195325036917113,N,1.0,0.0
2026-09-26T02:31:16,codecarbon,7b39bea9-b149-4954-8f6f-093764bed48b,5b0fa12a-3dd7-45bb-9766-cc326314d9f1,2466.011207159001,0.0006430409774274041,2.607615794934799e-07,4.494803827368287,0.0,10.0,0.0030863456401738973,0.0,0.006849032886263945,0.009935378526437832,0.0,Canada,CAN,ontario,,,macOS-15.7.9-x86_64-i386-64bit,3.11.15,3.3.0,8,Intel(R) Core(TM) i7-1060NG7 CPU @ 1.20GHz,0,,-79.4057,43.709,16.0,machine,3.781740196078432,0,66.83786764705908,8.194120229459276,N,1.0,0.0
2026-09-26T02:31:31,codecarbon,7b39bea9-b149-4954-8f6f-093764bed48b,5b0fa12a-3dd7-45bb-9766-cc326314d9f1,2481.0239963970016,0.0006466650729442264,2.6064442499682706e-07,4.488359132368753,0.0,10.0,0.003100644423871069,0.0,0.0068907286068667145,0.009991373030737773,0.0,Canada,CAN,ontario,,,macOS-15.7.9-x86_64-i386-64bit,3.11.15,3.3.0,8,Intel(R) Core(TM) i7-1060NG7 CPU @ 1.20GHz,0,,-79.4057,43.709,16.0,machine,3.7587088915956155,0,66.84575720665886,8.192957106422613,N,1.0,0.0
2026-09-26T02:31:46,codecarbon,7b39bea9-b149-4954-8f6f-093764bed48b,5b0fa12a-3dd7-45bb-9766-cc326314d9f1,2496.036008465002,0.0006502846614249965,2.605269552280637e-07,4.481896841597661,0.0,10.0,0.0031148737921313807,0.0,0.006932424106427822,0.010047297898559193,0.0,Canada,CAN,ontario,,,macOS-15.7.9-x86_64-i386-64bit,3.11.15,3.3.0,8,Intel(R) Core(TM) i7-1060NG7 CPU @ 1.20GHz,0,,-79.4057,43.709,16.0,machine,3.7359564164648913,0,66.8531476997582,8.191716756812982,N,1.0,0.0
2026-09-26T02:32:01,codecarbon,7b39bea9-b149-4954-8f6f-093764bed48b,5b0fa12a-3dd7-45bb-9766-cc326314d9f1,2511.0469019039992,0.000653898708083455,2.6040879905016386e-07,4.475393719862206,0.0,10.0,0.003129019862984699,0.0,0.0069741172788333776,0.010103137141818068,0.0,Canada,CAN,ontario,,,macOS-15.7.9-x86_64-i386-64bit,3.11.15,3.3.0,8,Intel(R) Core(TM) i7-1060NG7 CPU @ 1.20GHz,0,,-79.4057,43.709,16.0,machine,3.7535900521460093,0,66.86073004412391,8.190543730575493,N,1.0,0.0
2026-09-26T02:32:16,codecarbon,7b39bea9-b149-4954-8f6f-093764bed48b,5b0fa12a-3dd7-45bb-9766-cc326314d9f1,2526.057647646001,0.0006575105204455575,2.602911778590178e-07,4.468910603111797,0.0,10.0,0.0031431337868603787,0.0,0.007015808076963936,0.010158941863824305,0.0,Canada,CAN,ontario,,,macOS-15.7.9-x86_64-i386-64bit,3.11.15,3.3.0,8,Intel(R) Core(TM) i7-1060NG7 CPU @ 1.20GHz,0,,-79.4057,43.709,16.0,machine,3.7311403508771934,0,66.8683413078154,8.189407745616858,N,1.0,0.0
2026-09-26T02:32:31,codecarbon,7b39bea9-b149-4954-8f6f-093764bed48b,5b0fa12a-3dd7-45bb-9766-cc326314d9f1,2541.0685276440017,0.0006611787819463427,2.6019714728408637e-07,4.4634770000414665,0.0,10.0,0.0031581202053632077,0.0,0.007057498554372264,0.010215618759735461,0.0,Canada,CAN,ontario,,,macOS-15.7.9-x86_64-i386-64bit,3.11.15,3.3.0,8,Intel(R) Core(TM) i7-1060NG7 CPU @ 1.20GHz,0,,-79.4057,43.709,16.0,machine,3.7089575901704324,0,66.87827982560486,8.18864286545955,N,1.0,0.0
2026-09-26T02:32:46,codecarbon,7b39bea9-b149-4954-8f6f-093764bed48b,5b0fa12a-3dd7-45bb-9766-cc326314d9f1,2556.0787955250016,0.0006648061967962406,2.6008830320885856e-07,4.457640399710218,0.0,10.0,0.0031724749680753206,0.0,0.0070991895816972655,0.010271664549772576,0.0,Canada,CAN,ontario,,,macOS-15.7.9-x86_64-i386-64bit,3.11.15,3.3.0,8,Intel(R) Core(TM) i7-1060NG7 CPU @ 1.20GHz,0,,-79.4057,43.709,16.0,machine,3.687037037037037,0,66.88624901497282,8.18759584389304,N,1.0,0.0
2026-09-26T02:33:01,codecarbon,7b39bea9-b149-4954-8f6f-093764bed48b,5b0fa12a-3dd7-45bb-9766-cc326314d9f1,2571.0882409490005,0.0006684212277941216,2.599759966026698e-07,4.451371384881481,0.0,10.0,0.0031866401835169075,0.0,0.007140878818163929,0.010327519001680826,0.0,Canada,CAN,ontario,,,macOS-15.7.9-x86_64-i386-64bit,3.11.15,3.3.0,8,Intel(R) Core(TM) i7-1060NG7 CPU @ 1.20GHz,0,,-79.4057,43.709,16.0,machine,3.665374069721896,0,66.89338033685902,8.186460522637852,N,1.0,0.0
2026-09-26T02:33:16,codecarbon,7b39bea9-b149-4954-8f6f-093764bed48b,5b0fa12a-3dd7-45bb-9766-cc326314d9f1,2586.1023807230013,0.0006720411482593758,2.5986641258629987e-07,4.445317119609442,0.0,10.0,0.0032008727836944327,0.0,0.007182576215172253,0.010383448998866675,0.0,Canada,CAN,ontario,,,macOS-15.7.9-x86_64-i386-64bit,3.11.15,3.3.0,8,Intel(R) Core(TM) i7-1060NG7 CPU @ 1.20GHz,0,,-79.4057,43.709,16.0,machine,3.721845794392524,0,66.89840342679177,8.185060683811937,N,1.0,0.0
2026-09-26T02:33:31,codecarbon,7b39bea9-b149-4954-8f6f-093764bed48b,5b0fa12a-3dd7-45bb-9766-cc326314d9f1,2601.1166374150016,0.0006756551740933766,2.597558157810428e-07,4.439221964366374,0.0,10.0,0.0032150091258776187,0.0,0.007224278794497263,0.010439287920374872,0.0,Canada,CAN,ontario,,,macOS-15.7.9-x86_64-i386-64bit,3.11.15,3.3.0,8,Intel(R) Core(TM) i7-1060NG7 CPU @ 1.20GHz,0,,-79.4057,43.709,16.0,machine,3.7002322880371663,0,66.90313588850228,8.183673204399106,N,1.0,0.0
2026-09-26T02:33:46,codecarbon,7b39bea9-b149-4954-8f6f-093764bed48b,5b0fa12a-3dd7-45bb-9766-cc326314d9f1,2616.134924787002,0.0006793456848306068,2.596753242327198e-07,4.434774115393272,0.0,10.0,0.003230325438345793,0.0,0.00726598314232504,0.010496308580670823,0.0,Canada,CAN,ontario,,,macOS-15.7.9-x86_64-i386-64bit,3.11.15,3.3.0,8,Intel(R) Core(TM) i7-1060NG7 CPU @ 1.20GHz,0,,-79.4057,43.709,16.0,machine,3.680284944166346,0,66.90758567578031,8.182419603220719,N,1.0,0.0
2026-09-26T02:34:01,codecarbon,7b39bea9-b149-4954-8f6f-093764bed48b,5b0fa12a-3dd7-45bb-9766-cc326314d9f1,2631.149272400002,0.0006829662849965733,2.595695699064637e-07,4.428897054087016,0.0,10.0,0.0032445672447089504,0.0,0.0073076818349417025,0.010552249079650645,0.0,Canada,CAN,ontario,,,macOS-15.7.9-x86_64-i386-64bit,3.11.15,3.3.0,8,Intel(R) Core(TM) i7-1060NG7 CPU @ 1.20GHz,0,,-79.4057,43.709,16.0,machine,3.6591500765696785,0,66.91228943338498,8.181089867128895,N,1.0,0.0
2026-09-26T02:34:16,codecarbon,7b39bea9-b149-4954-8f6f-093764bed48b,5b0fa12a-3dd7-45bb-9766-cc326314d9f1,2646.161698813001,0.0006865821566309278,2.5946341712182994e-07,4.4231074950637055,0.0,10.0,0.003258740857120438,0.0,0.007349375662788914,0.010608116519909344,0.0,Canada,CAN,ontario,,,macOS-15.7.9-x86_64-i386-64bit,3.11.15,3.3.0,8,Intel(R) Core(TM) i7-1060NG7 CPU @ 1.20GHz,0,,-79.4057,43.709,16.0,machine,3.6572896840502476,0,66.9168633422161,8.179769072371107,N,1.0,0.0
2026-09-26T02:34:31,codecarbon,7b39bea9-b149-4954-8f6f-093764bed48b,5b0fa12a-3dd7-45bb-9766-cc326314d9f1,2661.176193823001,0.0006901895434693109,2.593550720434622e-07,4.41717842441126,0.0,10.0,0.0032727743736832705,0.0,0.0073910784911694685,0.01066385286485273,0.0,Canada,CAN,ontario,,,macOS-15.7.9-x86_64-i386-64bit,3.11.15,3.3.0,8,Intel(R) Core(TM) i7-1060NG7 CPU @ 1.20GHz,0,,-79.4057,43.709,16.0,machine,3.636525359576079,0,66.92146101438371,8.178464758134448,N,1.0,0.0
2026-09-26T02:34:46,codecarbon,7b39bea9-b149-4954-8f6f-093764bed48b,5b0fa12a-3dd7-45bb-9766-cc326314d9f1,2676.1927151650016,0.00069381627350467,2.592549742673866e-07,4.4116026788977765,0.0,10.0,0.0032871067559035305,0.0,0.007432781318180587,0.010719888074084107,0.0,Canada,CAN,ontario,,,macOS-15.7.9-x86_64-i386-64bit,3.11.15,3.3.0,8,Intel(R) Core(TM) i7-1060NG7 CPU @ 1.20GHz,0,,-79.4057,43.709,16.0,machine,3.6724501317275124,0,66.92593150169435,8.177140080484628,N,1.0,0.0
2026-09-26T02:35:01,codecarbon,7b39bea9-b149-4954-8f6f-093764bed48b,5b0fa12a-3dd7-45bb-9766-cc326314d9f1,2691.2075335450027,0.0006974564430686633,2.5916115140698064e-07,4.406488303277075,0.0,10.0,0.003301644904466685,0.0,0.0074744860278305805,0.010776130932297253,0.0,Canada,CAN,ontario,,,macOS-15.7.9-x86_64-i386-64bit,3.11.15,3.3.0,8,Intel(R) Core(TM) i7-1060NG7 CPU @ 1.20GHz,0,,-79.4057,43.709,16.0,machine,3.6892589820359283,0,66.93027694610856,8.175839491233141,N,1.0,0.0
2026-09-26T02:35:16,codecarbon,7b39bea9-b149-4954-8f6f-093764bed48b,5b0fa12a-3dd7-45bb-9766-cc326314d9f1,2706.222598428001,0.0007010636294556599,2.59056158153027e-07,4.400685218345699,0.0,10.0,0.0033156741832267747,0.0,0.00751618999691669,0.010831864180143454,0.0,Canada,CAN,ontario,,,macOS-15.7.9-x86_64-i386-64bit,3.11.15,3.3.0,8,Intel(R) Core(TM) i7-1060NG7 CPU @ 1.20GHz,0,,-79.4057,43.709,16.0,machine,3.6686639374767402,0,66.93457387420999,8.1745625670887,N,1.0,0.0
2026-09-26T02:35:31,codecarbon,7b39bea9-b149-4954-8f6f-093764bed48b,5b0fa12a-3dd7-45bb-9766-cc326314d9f1,2721.2300792200003,0.000704676310797586,2.589550645418306e-07,4.3951921663089335,0.0,10.0,0.003329812098388982,0.0,0.0075578702300333565,0.010887682328422328,0.0,Canada,CAN,ontario,,,macOS-15.7.9-x86_64-i386-64bit,3.11.15,3.3.0,8,Intel(R) Core(TM) i7-1060NG7 CPU @ 1.20GHz,0,,-79.4057,43.709,16.0,machine,3.66680236861584,0,66.93882309400534,8.173264000170501,N,1.0,0.0
2026-09-26T02:35:46,codecarbon,7b39bea9-b149-4954-8f6f-093764bed48b,5b0fa12a-3dd7-45bb-9766-cc326314d9f1,2736.241346580002,0.0007082820908698883,2.588521994798311e-07,4.389512257387888,0.0,10.0,0.003343831132641709,0.0,0.007599562715200017,0.010943393847841718,0.0,Canada,CAN,ontario,,,macOS-15.7.9-x86_64-i386-64bit,3.11.15,3.3.0,8,Intel(R) Core(TM) i7-1060NG7 CPU @ 1.20GHz,0,,-79.4057,43.709,16.0,machine,3.6465587044534415,0,66.94306220095788,8.172026682303677,N,1.0,0.0
2026-09-26T02:36:01,codecarbon,7b39bea9-b149-4954-8f6f-093764bed48b,5b0fa12a-3dd7-45bb-9766-cc326314d9f1,2751.2519428900014,0.0007119084066383987,2.587579841526937e-07,4.38429955096031,0.0,10.0,0.0033581687667871944,0.0,0.00764125388960835,0.010999422656395537,0.0,Canada,CAN,ontario,,,macOS-15.7.9-x86_64-i386-64bit,3.11.15,3.3.0,8,Intel(R) Core(TM) i7-1060NG7 CPU @ 1.20GHz,0,,-79.4057,43.709,16.0,machine,3.6631405563689605,0,66.94743777452511,8.17081273946022,N,1.0,0.0
2026-09-26T02:36:16,codecarbon,7b39bea9-b149-4954-8f6f-093764bed48b,5b0fa12a-3dd7-45bb-9766-cc326314d9f1,2766.267019671999,0.000715570262267457,2.5867721994252867e-07,4.379686705806053,0.0,10.0,0.003373041926227116,0.0,0.00768295865142224,0.011056000577649348,0.0,Canada,CAN,ontario,,,macOS-15.7.9-x86_64-i386-64bit,3.11.15,3.3.0,8,Intel(R) Core(TM) i7-1060NG7 CPU @ 1.20GHz,0,,-79.4057,43.709,16.0,machine,3.6431379686931202,0,66.9527484528586,8.169783636314634,N,1.0,0.0
2026-09-26T02:36:31,codecarbon,7b39bea9-b149-4954-8f6f-093764bed48b,5b0fa12a-3dd7-45bb-9766-cc326314d9f1,2781.275689195001,0.0007192239431433104,2.585949842863219e-07,4.375356594816459,0.0,10.0,0.0033878062999447853,0.0,0.007724645893994463,0.011112452193939241,0.0,Canada,CAN,ontario,,,macOS-15.7.9-x86_64-i386-64bit,3.11.15,3.3.0,8,Intel(R) Core(TM) i7-1060NG7 CPU @ 1.20GHz,0,,-79.4057,43.709,16.0,machine,3.62335264301231,0,66.96118754525796,8.169275836267824,N,1.0,0.0
2026-09-26T02:36:46,codecarbon,7b39bea9-b149-4954-8f6f-093764bed48b,5b0fa12a-3dd7-45bb-9766-cc326314d9f1,2796.2885189629997,0.0007228442080291743,2.585012966749369e-07,4.370229589916346,0.0,10.0,0.0034020451451852968,0.0,0.007766342367450016,0.011168387512635304,0.0,Canada,CAN,ontario,,,macOS-15.7.9-x86_64-i386-64bit,3.11.15,3.3.0,8,Intel(R) Core(TM) i7-1060NG7 CPU @ 1.20GHz,0,,-79.4057,43.709,16.0,machine,3.6037810586964354,0,66.96996759092636,8.168832069427193,N,1.0,0.0
2026-09-26T02:37:01,codecarbon,7b39bea9-b149-4954-8f6f-093764bed48b,5b0fa12a-3dd7-45bb-9766-cc326314d9f1,2811.302697635001,0.0007264883849897924,2.5841699138301554e-07,4.365693989780065,0.0,10.0,0.0034166544502377723,0.0,0.007808037837352804,0.011224692287590569,0.0,Canada,CAN,ontario,,,macOS-15.7.9-x86_64-i386-64bit,3.11.15,3.3.0,8,Intel(R) Core(TM) i7-1060NG7 CPU @ 1.20GHz,0,,-79.4057,43.709,16.0,machine,3.620236389684814,0,66.97575214899801,8.16793523067048,N,1.0,0.0
2026-09-26T02:37:16,codecarbon,7b39bea9-b149-4954-8f6f-093764bed48b,5b0fa12a-3dd7-45bb-9766-cc326314d9f1,2826.3140792820013,0.0007301126826000641,2.583268037873351e-07,4.360674713841035,0.0,10.0,0.003430957471222445,0.0,0.007849732443136135,0.011280689914358575,0.0,Canada,CAN,ontario,,,macOS-15.7.9-x86_64-i386-64bit,3.11.15,3.3.0,8,Intel(R) Core(TM) i7-1060NG7 CPU @ 1.20GHz,0,,-79.4057,43.709,16.0,machine,3.6008906305664414,0,66.98343427146507,8.167362194108843,N,1.0,0.0
2026-09-26T02:37:31,codecarbon,7b39bea9-b149-4954-8f6f-093764bed48b,5b0fa12a-3dd7-45bb-9766-cc326314d9f1,2841.3287058720016,0.0007337314270613084,2.5823531981532096e-07,4.355677001397938,0.0,10.0,0.0034451671452120592,0.0,0.007891434596347256,0.011336601741559309,0.0,Canada,CAN,ontario,,,macOS-15.7.9-x86_64-i386-64bit,3.11.15,3.3.0,8,Intel(R) Core(TM) i7-1060NG7 CPU @ 1.20GHz,0,,-79.4057,43.709,16.0,machine,3.6171863926293413,0,66.99043231750618,8.16670072408199,N,1.0,0.0
2026-09-26T02:37:46,codecarbon,7b39bea9-b149-4954-8f6f-093764bed48b,5b0fa12a-3dd7-45bb-9766-cc326314d9f1,2856.3403349870023,0.0007373591093716558,2.581481976569193e-07,4.350954375744285,0.0,10.0,0.0034595236153664778,0.0,0.007933128048658365,0.011392651664024837,0.0,Canada,CAN,ontario,,,macOS-15.7.9-x86_64-i386-64bit,3.11.15,3.3.0,8,Intel(R) Core(TM) i7-1060NG7 CPU @ 1.20GHz,0,,-79.4057,43.709,16.0,machine,3.6333098343320414,0,66.99629890729732,8.16587244140711,N,1.0,0.0
2026-09-26T02:38:01,codecarbon,7b39bea9-b149-4954-8f6f-093764bed48b,5b0fa12a-3dd7-45bb-9766-cc326314d9f1,2871.350860757,0.0007409760459345686,2.5805834322149625e-07,4.346002862474214,0.0,10.0,0.0034737154158345908,0.0,0.007974820142250035,0.01144853555808462,0.0,Canada,CAN,ontario,,,macOS-15.7.9-x86_64-i386-64bit,3.11.15,3.3.0,8,Intel(R) Core(TM) i7-1060NG7 CPU @ 1.20GHz,0,,-79.4057,43.709,16.0,machine,3.614200561009818,0,67.00199859747636,8.165030732228411,N,1.0,0.0
2026-09-26T02:38:16,codecarbon,7b39bea9-b149-4954-8f6f-093764bed48b,5b0fa12a-3dd7-45bb-9766-cc326314d9f1,2886.361611684002,0.0007445926443165242,2.5796928607365426e-07,4.341107711466007,0.0,10.0,0.003487900606479518,0.0,0.008016513620561142,0.011504414227040653,0.0,Canada,CAN,ontario,,,macOS-15.7.9-x86_64-i386-64bit,3.11.15,3.3.0,8,Intel(R) Core(TM) i7-1060NG7 CPU @ 1.20GHz,0,,-79.4057,43.709,16.0,machine,3.5952912452040464,0,67.00742936867897,8.164198087406858,N,1.0,0.0
2026-09-26T02:38:31,codecarbon,7b39bea9-b149-4954-8f6f-093764bed48b,5b0fa12a-3dd7-45bb-9766-cc326314d9f1,2901.374024282002,0.0007482177383471249,2.5788393088419026e-07,4.336388400717109,0.0,10.0,0.0035022147887702358,0.0,0.008058209370222258,0.011560424158992486,0.0,Canada,CAN,ontario,,,macOS-15.7.9-x86_64-i386-64bit,3.11.15,3.3.0,8,Intel(R) Core(TM) i7-1060NG7 CPU @ 1.20GHz,0,,-79.4057,43.709,16.0,machine,3.6112768910478836,0,67.01294240111126,8.163380206582614,N,1.0,0.0
2026-09-26T02:38:46,codecarbon,7b39bea9-b149-4954-8f6f-093764bed48b,5b0fa12a-3dd7-45bb-9766-cc326314d9f1,2916.3885628310018,0.0007518502741992432,2.578018182424244e-07,4.331794805512599,0.0,10.0,0.0035166365345045956,0.0,0.008099912537158374,0.011616549071662962,0.0,Canada,CAN,ontario,,,macOS-15.7.9-x86_64-i386-64bit,3.11.15,3.3.0,8,Intel(R) Core(TM) i7-1060NG7 CPU @ 1.20GHz,0,,-79.4057,43.709,16.0,machine,3.593819060773481,0,67.01788674033243,8.162590416755465,N,1.0,0.0
2026-09-26T02:39:01,codecarbon,7b39bea9-b149-4954-8f6f-093764bed48b,5b0fa12a-3dd7-45bb-9766-cc326314d9f1,2931.3965542290025,0.000755455012375529,2.577116396229865e-07,4.32683480993546,0.0,10.0,0.0035306475777120557,0.0,0.008141596915436155,0.011672244493148205,0.0,Canada,CAN,ontario,,,macOS-15.7.9-x86_64-i386-64bit,3.11.15,3.3.0,8,Intel(R) Core(TM) i7-1060NG7 CPU @ 1.20GHz,0,,-79.4057,43.709,16.0,machine,3.5753005839917558,0,67.02270697354952,8.16170232544155,N,1.0,0.0
2026-09-26T02:39:16,codecarbon,7b39bea9-b149-4954-8f6f-093764bed48b,5b0fa12a-3dd7-45bb-9766-cc326314d9f1,2946.4090170900017,0.0007590598146148152,2.5762201045817287e-07,4.3219147887651195,0.0,10.0,0.003544648393693387,0.0,0.008183292510752815,0.011727940904446196,0.0,Canada,CAN,ontario,,,macOS-15.7.9-x86_64-i386-64bit,3.11.15,3.3.0,8,Intel(R) Core(TM) i7-1060NG7 CPU @ 1.20GHz,0,,-79.4057,43.709,16.0,machine,3.5569719753930285,0,67.02771701982319,8.160845007541159,N,1.0,0.0
2026-09-26T02:39:31,codecarbon,7b39bea9-b149-4954-8f6f-093764bed48b,5b0fa12a-3dd7-45bb-9766-cc326314d9f1,2961.4190555759997,0.0007627736787640081,2.575703284301477e-07,4.3199366712350775,0.0,10.0,0.0035603408096148786,0.0,0.008224981579702813,0.011785322389317685,0.0,Canada,CAN,ontario,,,macOS-15.7.9-x86_64-i386-64bit,3.11.15,3.3.0,8,Intel(R) Core(TM) i7-1060NG7 CPU @ 1.20GHz,0,,-79.4057,43.709,16.0,machine,3.5388303298197896,0,67.03356001360171,8.160138714844496,N,1.0,0.0
2026-09-26T02:39:46,codecarbon,7b39bea9-b149-4954-8f6f-093764bed48b,5b0fa12a-3dd7-45bb-9766-cc326314d9f1,2976.4338578749994,0.0007665023925088509,2.5752374455788816e-07,4.31689371662478,0.0,10.0,0.003576249406298392,0.0,0.008266683903275042,0.011842933309573428,0.0,Canada,CAN,ontario,,,macOS-15.7.9-x86_64-i386-64bit,3.11.15,3.3.0,8,Intel(R) Core(TM) i7-1060NG7 CPU @ 1.20GHz,0,,-79.4057,43.709,16.0,machine,3.554702300405954,0,67.04093369418219,8.159699079954898,N,1.0,0.0
2026-09-26T02:40:01,codecarbon,7b39bea9-b149-4954-8f6f-093764bed48b,5b0fa12a-3dd7-45bb-9766-cc326314d9f1,2991.4451502449992,0.0007701203282868896,2.5744089883239774e-07,4.3124312734158154,0.0,10.0,0.0035904563545379794,0.0,0.00830837628758338,0.011898832642121352,0.0,Canada,CAN,ontario,,,macOS-15.7.9-x86_64-i386-64bit,3.11.15,3.3.0,8,Intel(R) Core(TM) i7-1060NG7 CPU @ 1.20GHz,0,,-79.4057,43.709,16.0,machine,3.536755301245372,0,67.04671827667542,8.159035114197168,N,1.0,0.0
2026-09-26T02:40:16,codecarbon,7b39bea9-b149-4954-8f6f-093764bed48b,5b0fa12a-3dd7-45bb-9766-cc326314d9f1,3006.456562053001,0.000773723875270195,2.5735408421861476e-07,4.307607567753982,0.0,10.0,0.003604442263539726,0.0,0.008350067395402826,0.011954509658942545,0.0,Canada,CAN,ontario,,,macOS-15.7.9-x86_64-i386-64bit,3.11.15,3.3.0,8,Intel(R) Core(TM) i7-1060NG7 CPU @ 1.20GHz,0,,-79.4057,43.709,16.0,machine,3.5524782317481582,0,67.05174146014826,8.15827606671302,N,1.0,0.0
2026-09-26T02:40:31,codecarbon,7b39bea9-b149-4954-8f6f-093764bed48b,5b0fa12a-3dd7-45bb-9766-cc326314d9f1,3021.4718248880017,0.0007773666660609695,2.5728079264475174e-07,4.303618145882159,0.0,10.0,0.0036190257812768463,0.0,0.008391767235444492,0.012010793016721331,0.0,Canada,CAN,ontario,,,macOS-15.7.9-x86_64-i386-64bit,3.11.15,3.3.0,8,Intel(R) Core(TM) i7-1060NG7 CPU @ 1.20GHz,0,,-79.4057,43.709,16.0,machine,3.584705098300567,0,67.05668110629883,8.157512141084402,N,1.0,0.0
2026-09-26T02:40:46,codecarbon,7b39bea9-b149-4954-8f6f-093764bed48b,5b0fa12a-3dd7-45bb-9766-cc326314d9f1,3036.483135343002,0.0007809673631853621,2.571946980687393e-07,4.298882565618409,0.0,10.0,0.0036329679726170433,0.0,0.008433458028852822,0.012066426001469859,0.0,Canada,CAN,ontario,,,macOS-15.7.9-x86_64-i386-64bit,3.11.15,3.3.0,8,Intel(R) Core(TM) i7-1060NG7 CPU @ 1.20GHz,0,,-79.4057,43.709,16.0,machine,3.600033156498674,0,67.06143899204336,8.156716612352932,N,1.0,0.0
2026-09-26T02:41:01,codecarbon,7b39bea9-b149-4954-8f6f-093764bed48b,5b0fa12a-3dd7-45bb-9766-cc326314d9f1,3051.4971545320004,0.0007846199289526246,2.571262200875162e-07,4.29511799576958,0.0,10.0,0.003647701623696275,0.0,0.008475158764950043,0.01212286038864631,0.0,Canada,CAN,ontario,,,macOS-15.7.9-x86_64-i386-64bit,3.11.15,3.3.0,8,Intel(R) Core(TM) i7-1060NG7 CPU @ 1.20GHz,0,,-79.4057,43.709,16.0,machine,3.5822170900692845,0,67.07043879907714,8.15651285542155,N,1.0,0.0
2026-09-26T02:41:16,codecarbon,7b39bea9-b149-4954-8f6f-093764bed48b,5b0fa12a-3dd7-45bb-9766-cc326314d9f1,3066.5115157580003,0.0007882316051617045,2.570450497613293e-07,4.290632708026764,0.0,10.0,0.0036618027506490334,0.0,0.0085168602563556,0.012178663007004625,0.0,Canada,CAN,ontario,,,macOS-15.7.9-x86_64-i386-64bit,3.11.15,3.3.0,8,Intel(R) Core(TM) i7-1060NG7 CPU @ 1.20GHz,0,,-79.4057,43.709,16.0,machine,3.6630663164806307,0,67.08063033486633,8.156444395519916,N,1.0,0.0
2026-09-26T02:41:31,codecarbon,7b39bea9-b149-4954-8f6f-093764bed48b,5b0fa12a-3dd7-45bb-9766-cc326314d9f1,3081.5256002660026,0.0007918615737394412,2.5697062963588114e-07,4.28651125083327,0.0,10.0,0.003676189108809964,0.0,0.008558559144897258,0.012234748253707213,0.0,Canada,CAN,ontario,,,macOS-15.7.9-x86_64-i386-64bit,3.11.15,3.3.0,8,Intel(R) Core(TM) i7-1060NG7 CPU @ 1.20GHz,0,,-79.4057,43.709,16.0,machine,3.645115975171513,0,67.08918654034721,8.156134998280407,N,1.0,0.0
2026-09-26T02:41:46,codecarbon,7b39bea9-b149-4954-8f6f-093764bed48b,5b0fa12a-3dd7-45bb-9766-cc326314d9f1,3096.5392354560026,0.0007954630995672667,2.568877831286789e-07,4.2819401192434094,0.0,10.0,0.0036901356702305705,0.0,0.008600258372202813,0.012290394042433374,0.0,Canada,CAN,ontario,,,macOS-15.7.9-x86_64-i386-64bit,3.11.15,3.3.0,8,Intel(R) Core(TM) i7-1060NG7 CPU @ 1.20GHz,0,,-79.4057,43.709,16.0,machine,3.6598504551365414,0,67.09437581274476,8.155312071851078,N,1.0,0.0
2026-09-26T02:42:01,codecarbon,7b39bea9-b149-4954-8f6f-093764bed48b,5b0fa12a-3dd7-45bb-9766-cc326314d9f1,3111.5502402750026,0.0007990863432731232,2.56812932965048e-07,4.2777168595619735,0.0,10.0,0.003704427493913385,0.0,0.008641947891816713,0.012346375385730088,0.0,Canada,CAN,ontario,,,macOS-15.7.9-x86_64-i386-64bit,3.11.15,3.3.0,8,Intel(R) Core(TM) i7-1060NG7 CPU @ 1.20GHz,0,,-79.4057,43.709,16.0,machine,3.674441928178583,0,67.1000323519906,8.154579767321584,N,1.0,0.0
2026-09-26T02:42:16,codecarbon,7b39bea9-b149-4954-8f6f-093764bed48b,5b0fa12a-3dd7-45bb-9766-cc326314d9f1,3126.562995632001,0.0008026738380342485,2.5672722384152594e-07,4.272986636874221,0.0,10.0,0.0037181592135975684,0.0,0.008683645172250048,0.012401804385847606,0.0,Canada,CAN,ontario,,,macOS-15.7.9-x86_64-i386-64bit,3.11.15,3.3.0,8,Intel(R) Core(TM) i7-1060NG7 CPU @ 1.20GHz,0,,-79.4057,43.709,16.0,machine,3.672794591113973,0,67.10370251126949,8.153554395637586,N,1.0,0.0
2026-09-26T02:42:31,codecarbon,7b39bea9-b149-4954-8f6f-093764bed48b,5b0fa12a-3dd7-45bb-9766-cc326314d9f1,3141.574164161,0.0008062599766430626,2.5664203183259406e-07,4.268289516151493,0.0,10.0,0.003731874978286279,0.0,0.008725337454291708,0.012457212432577977,0.0,Canada,CAN,ontario,,,macOS-15.7.9-x86_64-i386-64bit,3.11.15,3.3.0,8,Intel(R) Core(TM) i7-1060NG7 CPU @ 1.20GHz,0,,-79.4057,43.709,16.0,machine,3.6871835950016023,0,67.1065684075627,8.152401527813023,N,1.0,0.0
2026-09-26T02:42:46,codecarbon,7b39bea9-b149-4954-8f6f-093764bed48b,5b0fa12a-3dd7-45bb-9766-cc326314d9f1,3156.5865650170017,0.0008098484399783647,2.565582863950391e-07,4.263677980336454,0.0,10.0,0.0037456230730426514,0.0,0.008767033324719491,0.012512656397762133,0.0,Canada,CAN,ontario,,,macOS-15.7.9-x86_64-i386-64bit,3.11.15,3.3.0,8,Intel(R) Core(TM) i7-1060NG7 CPU @ 1.20GHz,0,,-79.4057,43.709,16.0,machine,3.6695471938775515,0,67.10940688775618,8.151258713128616,N,1.0,0.0
2026-09-26T02:43:01,codecarbon,7b39bea9-b149-4954-8f6f-093764bed48b,5b0fa12a-3dd7-45bb-9766-cc326314d9f1,3171.5989670670024,0.0008134673414999695,2.564849307705e-07,4.25979957519325,0.0,10.0,0.00375984092903919,0.0,0.008808729722602836,0.012568570651642018,0.0,Canada,CAN,ontario,,,macOS-15.7.9-x86_64-i386-64bit,3.11.15,3.3.0,8,Intel(R) Core(TM) i7-1060NG7 CPU @ 1.20GHz,0,,-79.4057,43.709,16.0,machine,3.6520787051729613,0,67.11574103459328,8.150693696705131,N,1.0,0.0
2026-09-26T02:43:16,codecarbon,7b39bea9-b149-4954-8f6f-093764bed48b,5b0fa12a-3dd7-45bb-9766-cc326314d9f1,3186.6133571280006,0.0008170760325101395,2.564089021601747e-07,4.255600226281523,0.0,10.0,0.0037738949361747686,0.0,0.008850432210666724,0.012624327146841485,0.0,Canada,CAN,ontario,,,macOS-15.7.9-x86_64-i386-64bit,3.11.15,3.3.0,8,Intel(R) Core(TM) i7-1060NG7 CPU @ 1.20GHz,0,,-79.4057,43.709,16.0,machine,3.6663613392293115,0,67.12435249526322,8.150465698386775,N,1.0,0.0
2026-09-26T02:43:31,codecarbon,7b39bea9-b149-4954-8f6f-093764bed48b,5b0fa12a-3dd7-45bb-9766-cc326314d9f1,3201.623402743,0.0008207390933336647,2.563509164227417e-07,4.252607016172476,0.0,10.0,0.003788800320571424,0.0,0.008892123368519505,0.01268092368909092,0.0,Canada,CAN,ontario,,,macOS-15.7.9-x86_64-i386-64bit,3.11.15,3.3.0,8,Intel(R) Core(TM) i7-1060NG7 CPU @ 1.20GHz,0,,-79.4057,43.709,16.0,machine,3.6502201257861637,0,67.13053459119604,8.149988303994233,N,1.0,0.0
2026-09-26T02:43:46,codecarbon,7b39bea9-b149-4954-8f6f-093764bed48b,5b0fa12a-3dd7-45bb-9766-cc326314d9f1,3216.6342550240006,0.0008243891613702408,2.5628936833046616e-07,4.249104677722,0.0,10.0,0.003803512060097856,0.0,0.008933807424694492,0.012737319484792337,0.0,Canada,CAN,ontario,,,macOS-15.7.9-x86_64-i386-64bit,3.11.15,3.3.0,8,Intel(R) Core(TM) i7-1060NG7 CPU @ 1.20GHz,0,,-79.4057,43.709,16.0,machine,3.633082942097027,0,67.13743348982892,8.149532726449026,N,1.0,0.0
2026-09-26T02:44:01,codecarbon,7b39bea9-b149-4954-8f6f-093764bed48b,5b0fa12a-3dd7-45bb-9766-cc326314d9f1,3231.6427089930003,0.0008280216066135898,2.562231289707167e-07,4.2455052363164985,0.0,10.0,0.0038179495105737983,0.0,0.008975493486927826,0.012793442997501613,0.0,Canada,CAN,ontario,,,macOS-15.7.9-x86_64-i386-64bit,3.11.15,3.3.0,8,Intel(R) Core(TM) i7-1060NG7 CPU @ 1.20GHz,0,,-79.4057,43.709,16.0,machine,3.6784112149532713,0,67.14161993769578,8.14864330470005,N,1.0,0.0
2026-09-26T02:44:16,codecarbon,7b39bea9-b149-4954-8f6f-093764bed48b,5b0fa12a-3dd7-45bb-9766-cc326314d9f1,3246.6545282469997,0.000831630334847322,2.561499314484664e-07,4.24141705540351,0.0,10.0,0.00383201152121963,0.0,0.009017188546608386,0.012849200067828007,0.0,Canada,CAN,ontario,,,macOS-15.7.9-x86_64-i386-64bit,3.11.15,3.3.0,8,Intel(R) Core(TM) i7-1060NG7 CPU @ 1.20GHz,0,,-79.4057,43.709,16.0,machine,3.6923100775193802,0,67.14548837209408,8.14772992392843,N,1.0,0.0
2026-09-26T02:44:31,codecarbon,7b39bea9-b149-4954-8f6f-093764bed48b,5b0fa12a-3dd7-45bb-9766-cc326314d9f1,3261.6653917430012,0.0008352526398807722,2.5608164528318507e-07,4.237655571206462,0.0,10.0,0.0038462851465060066,0.0,0.009058881761552827,0.012905166908058823,0.0,Canada,CAN,ontario,,,macOS-15.7.9-x86_64-i386-64bit,3.11.15,3.3.0,8,Intel(R) Core(TM) i7-1060NG7 CPU @ 1.20GHz,0,,-79.4057,43.709,16.0,machine,3.7060802469135803,0,67.14904320987758,8.146792895705612,N,1.0,0.0
2026-09-26T02:44:46,codecarbon,7b39bea9-b149-4954-8f6f-093764bed48b,5b0fa12a-3dd7-45bb-9766-cc326314d9f1,3276.6782397280003,0.000838880245394532,2.5601544735871537e-07,4.234029456714067,0.0,10.0,0.003860634777575375,0.0,0.009100580866394486,0.012961215643969851,0.0,Canada,CAN,ontario,,,macOS-15.7.9-x86_64-i386-64bit,3.11.15,3.3.0,8,Intel(R) Core(TM) i7-1060NG7 CPU @ 1.20GHz,0,,-79.4057,43.709,16.0,machine,3.7197235023041477,0,67.15225806451711,8.145804159981864,N,1.0,0.0
2026-09-26T02:45:01,codecarbon,7b39bea9-b149-4954-8f6f-093764bed48b,5b0fa12a-3dd7-45bb-9766-cc326314d9f1,3291.6870570739993,0.0008425187246903701,2.559534700845135e-07,4.230605688933137,0.0,10.0,0.003875166074992232,0.0,0.00914226631150838,0.013017432386500601,0.0,Canada,CAN,ontario,,,macOS-15.7.9-x86_64-i386-64bit,3.11.15,3.3.0,8,Intel(R) Core(TM) i7-1060NG7 CPU @ 1.20GHz,0,,-79.4057,43.709,16.0,machine,3.702660550458716,0,67.15498470948111,8.144740561389048,N,1.0,0.0
2026-09-26T02:45:16,codecarbon,7b39bea9-b149-4954-8f6f-093764bed48b,5b0fa12a-3dd7-45bb-9766-cc326314d9f1,3306.6999567990024,0.0008461466300625968,2.558885417840255e-07,4.226995561853745,0.0,10.0,0.003889522271637077,0.0,0.009183963483772265,0.013073485755409332,0.0,Canada,CAN,ontario,,,macOS-15.7.9-x86_64-i386-64bit,3.11.15,3.3.0,8,Intel(R) Core(TM) i7-1060NG7 CPU @ 1.20GHz,0,,-79.4057,43.709,16.0,machine,3.7161948249619483,0,67.15750380517606,8.143661317868863,N,1.0,0.0
2026-09-26T02:45:31,codecarbon,7b39bea9-b149-4954-8f6f-093764bed48b,5b0fa12a-3dd7-45bb-9766-cc326314d9f1,3321.7164918550006,0.0008497690931351595,2.55822282009567e-07,4.223288522786727,0.0,10.0,0.003903784600088801,0.0,0.00922567043735283,0.013129455037441621,0.0,Canada,CAN,ontario,,,macOS-15.7.9-x86_64-i386-64bit,3.11.15,3.3.0,8,Intel(R) Core(TM) i7-1060NG7 CPU @ 1.20GHz,0,,-79.4057,43.709,16.0,machine,3.729606060606061,0,67.15981818181923,8.142581827568286,N,1.0,0.0
2026-09-26T02:45:46,codecarbon,7b39bea9-b149-4954-8f6f-093764bed48b,5b0fa12a-3dd7-45bb-9766-cc326314d9f1,3336.729085252002,0.0008533708682231846,2.557507206668338e-07,4.219304760351812,0.0,10.0,0.003917736793766098,0.0,0.009267367883625055,0.013185104677391143,0.0,Canada,CAN,ontario,,,macOS-15.7.9-x86_64-i386-64bit,3.11.15,3.3.0,8,Intel(R) Core(TM) i7-1060NG7 CPU @ 1.20GHz,0,,-79.4057,43.709,16.0,machine,3.7127300150829563,0,67.16220211161493,8.141513415950815,N,1.0,0.0
2026-09-26T02:46:01,codecarbon,7b39bea9-b149-4954-8f6f-093764bed48b,5b0fa12a-3dd7-45bb-9766-cc326314d9f1,3351.740610942001,0.0008570704130470574,2.5570905166380977e-07,4.216824260626722,0.0,10.0,0.003933205907508788,0.0,0.009309059012372277,0.013242264919881053,0.0,Canada,CAN,ontario,,,macOS-15.7.9-x86_64-i386-64bit,3.11.15,3.3.0,8,Intel(R) Core(TM) i7-1060NG7 CPU @ 1.20GHz,0,,-79.4057,43.709,16.0,machine,3.696006006006006,0,67.16495495495599,8.140532119567688,N,1.0,0.0
2026-09-26T02:46:16,codecarbon,7b39bea9-b149-4954-8f6f-093764bed48b,5b0fa12a-3dd7-45bb-9766-cc326314d9f1,3366.7569227040003,0.0008606854761770964,2.556422978959347e-07,4.213296424559126,0.0,10.0,0.00394735447706752,0.0,0.009350765391183395,0.013298119868250904,0.0,Canada,CAN,ontario,,,macOS-15.7.9-x86_64-i386-64bit,3.11.15,3.3.0,8,Intel(R) Core(TM) i7-1060NG7 CPU @ 1.20GHz,0,,-79.4057,43.709,16.0,machine,3.7093273542600897,0,67.16780269058395,8.139581439099505,N,1.0,0.0
2026-09-26T02:46:31,codecarbon,7b39bea9-b149-4954-8f6f-093764bed48b,5b0fa12a-3dd7-45bb-9766-cc326314d9f1,3381.76942176,0.0008642870750165209,2.5557244366078435e-07,4.209525409327809,0.0,10.0,0.003961303664462227,0.0,0.00939246312058895,0.013353766785051166,0.0,Canada,CAN,ontario,,,macOS-15.7.9-x86_64-i386-64bit,3.11.15,3.3.0,8,Intel(R) Core(TM) i7-1060NG7 CPU @ 1.20GHz,0,,-79.4057,43.709,16.0,machine,3.6927678571428575,0,67.17062500000094,8.13864828404926,N,1.0,0.0
2026-09-26T02:46:46,codecarbon,7b39bea9-b149-4954-8f6f-093764bed48b,5b0fa12a-3dd7-45bb-9766-cc326314d9f1,3396.7828305870025,0.0008678744223658432,2.5549894286761474e-07,4.20547630562792,0.0,10.0,0.003975038689073956,0.0,0.009434154818491733,0.013409193507565679,0.0,Canada,CAN,ontario,,,macOS-15.7.9-x86_64-i386-64bit,3.11.15,3.3.0,8,Intel(R) Core(TM) i7-1060NG7 CPU @ 1.20GHz,0,,-79.4057,43.709,16.0,machine,3.676355555555556,0,67.17354074074164,8.137747524685329,N,1.0,0.0
2026-09-26T02:47:01,codecarbon,7b39bea9-b149-4954-8f6f-093764bed48b,5b0fa12a-3dd7-45bb-9766-cc326314d9f1,3411.7977621460013,0.0008714635882819503,2.5542650796916074e-07,4.201500533066717,0.0,10.0,0.003988791498119147,0.0,0.009475856829936173,0.01346464832805531,0.0,Canada,CAN,ontario,,,macOS-15.7.9-x86_64-i386-64bit,3.11.15,3.3.0,8,Intel(R) Core(TM) i7-1060NG7 CPU @ 1.20GHz,0,,-79.4057,43.709,16.0,machine,3.6600884955752213,0,67.17610619469116,8.13680581624529,N,1.0,0.0
2026-09-26T02:47:16,codecarbon,7b39bea9-b149-4954-8f6f-093764bed48b,5b0fa12a-3dd7-45bb-9766-cc326314d9f1,3426.8135478719996,0.0008750590537617361,2.5535648249818987e-07,4.197635258941387,0.0,10.0,0.004002642027841395,0.0,0.009517558452836182,0.013520200480677567,0.0,Canada,CAN,ontario,,,macOS-15.7.9-x86_64-i386-64bit,3.11.15,3.3.0,8,Intel(R) Core(TM) i7-1060NG7 CPU @ 1.20GHz,0,,-79.4057,43.709,16.0,machine,3.6439647577092513,0,67.17900146842963,8.135927215441733,N,1.0,0.0
2026-09-26T02:47:31,codecarbon,7b39bea9-b149-4954-8f6f-093764bed48b,5b0fa12a-3dd7-45bb-9766-cc326314d9f1,3441.8265841270004,0.0008786738280185798,2.552928820036557e-07,4.194042093402718,0.0,10.0,0.00401679359222884,0.0,0.009559257373550083,0.013576050965778913,0.0,Canada,CAN,ontario,,,macOS-15.7.9-x86_64-i386-64bit,3.11.15,3.3.0,8,Intel(R) Core(TM) i7-1060NG7 CPU @ 1.20GHz,0,,-79.4057,43.709,16.0,machine,3.6572222222222224,0,67.18309941520555,8.135237675940084,N,1.0,0.0
2026-09-26T02:47:46,codecarbon,7b39bea9-b149-4954-8f6f-093764bed48b,5b0fa12a-3dd7-45bb-9766-cc326314d9f1,3456.8417583070004,0.0008822840067007572,2.5522834667817097e-07,4.190411797250168,0.0,10.0,0.004030872129567311,0.0,0.009600958316858409,0.01363183044642571,0.0,Canada,CAN,ontario,,,macOS-15.7.9-x86_64-i386-64bit,3.11.15,3.3.0,8,Intel(R) Core(TM) i7-1060NG7 CPU @ 1.20GHz,0,,-79.4057,43.709,16.0,machine,3.641251819505095,0,67.18689956331966,8.134517609708695,N,1.0,0.0
2026-09-26T02:48:01,codecarbon,7b39bea9-b149-4954-8f6f-093764bed48b,5b0fa12a-3dd7-45bb-9766-cc326314d9f1,3471.8543973710002,0.0008858846900326766,2.551618209287512e-07,4.186697292099542,0.0,10.0,0.0040448074822886405,0.0,0.009642655735783413,0.013687463218072043,0.0,Canada,CAN,ontario,,,macOS-15.7.9-x86_64-i386-64bit,3.11.15,3.3.0,8,Intel(R) Core(TM) i7-1060NG7 CPU @ 1.20GHz,0,,-79.4057,43.709,16.0,machine,3.6254202898550725,0,67.1900289855081,8.133697367129118,N,1.0,0.0
2026-09-26T02:48:16,codecarbon,7b39bea9-b149-4954-8f6f-093764bed48b,5b0fa12a-3dd7-45bb-9766-cc326314d9f1,3486.8673181230006,0.0008894682924527665,2.550909487808019e-07,4.182789196275384,0.0,10.0,0.004058479278715857,0.0,0.0096843528004112,0.013742832079127047,0.0,Canada,CAN,ontario,,,macOS-15.7.9-x86_64-i386-64bit,3.11.15,3.3.0,8,Intel(R) Core(TM) i7-1060NG7 CPU @ 1.20GHz,0,,-79.4057,43.709,16.0,machine,3.60972582972583,0,67.19203463203552,8.13272585738101,N,1.0,0.0
2026-09-26T02:48:32,codecarbon,7b39bea9-b149-4954-8f6f-093764bed48b,5b0fa12a-3dd7-45bb-9766-cc326314d9f1,3501.877893208002,0.0008930547623429657,2.550216739638673e-07,4.178980657115905,0.0,10.0,0.00407220006623346,0.0,0.009726045178125083,0.013798245244358532,0.0,Canada,CAN,ontario,,,macOS-15.7.9-x86_64-i386-64bit,3.11.15,3.3.0,8,Intel(R) Core(TM) i7-1060NG7 CPU @ 1.20GHz,0,,-79.4057,43.709,16.0,machine,3.6037356321839082,0,67.19428160919631,8.131806122571572,N,1.0,0.0
2026-09-26T02:48:47,codecarbon,7b39bea9-b149-4954-8f6f-093764bed48b,5b0fa12a-3dd7-45bb-9766-cc326314d9f1,3516.890967350002,0.0008966934732587506,2.549676636504925e-07,4.176244332665262,0.0,10.0,0.0040867211903598275,0.0,0.009767744375200076,0.013854465565559892,0.0,Canada,CAN,ontario,,,macOS-15.7.9-x86_64-i386-64bit,3.11.15,3.3.0,8,Intel(R) Core(TM) i7-1060NG7 CPU @ 1.20GHz,0,,-79.4057,43.709,16.0,machine,3.617916428162564,0,67.19668002289727,8.131003575797209,N,1.0,0.0
2026-09-26T02:49:02,codecarbon,7b39bea9-b149-4954-8f6f-093764bed48b,5b0fa12a-3dd7-45bb-9766-cc326314d9f1,3531.9021896410013,0.0009002800329279598,2.548994803900468e-07,4.172487903359059,0.0,10.0,0.004100444243562778,0.0,0.009809435874369523,0.01390988011793229,0.0,Canada,CAN,ontario,,,macOS-15.7.9-x86_64-i386-64bit,3.11.15,3.3.0,8,Intel(R) Core(TM) i7-1060NG7 CPU @ 1.20GHz,0,,-79.4057,43.709,16.0,machine,3.602450840695355,0,67.19880307780086,8.130076980482109,N,1.0,0.0
2026-09-26T02:49:17,codecarbon,7b39bea9-b149-4954-8f6f-093764bed48b,5b0fa12a-3dd7-45bb-9766-cc326314d9f1,3546.9147546660024,0.0009038608337802734,2.5483015417588913e-07,4.168661925565267,0.0,10.0,0.00411407189020898,0.0,0.009851133802833416,0.013965205693042384,0.0,Canada,CAN,ontario,,,macOS-15.7.9-x86_64-i386-64bit,3.11.15,3.3.0,8,Intel(R) Core(TM) i7-1060NG7 CPU @ 1.20GHz,0,,-79.4057,43.709,16.0,machine,3.5871169125993188,0,67.20161748013709,8.12927185149523,N,1.0,0.0
2026-09-26T02:49:32,codecarbon,7b39bea9-b149-4954-8f6f-093764bed48b,5b0fa12a-3dd7-45bb-9766-cc326314d9f1,3561.926555195001,0.0009074423413361822,2.547616654286976e-07,4.16489584447282,0.0,10.0,0.004127715859946425,0.0,0.009892826327211182,0.014020542187157595,0.0,Canada,CAN,ontario,,,macOS-15.7.9-x86_64-i386-64bit,3.11.15,3.3.0,8,Intel(R) Core(TM) i7-1060NG7 CPU @ 1.20GHz,0,,-79.4057,43.709,16.0,machine,3.6001695394179145,0,67.2040406894612,8.12842600990332,N,1.0,0.0
2026-09-26T02:49:47,codecarbon,7b39bea9-b149-4954-8f6f-093764bed48b,5b0fa12a-3dd7-45bb-9766-cc326314d9f1,3576.9400371250013,0.000911035906167825,2.546970026649031e-07,4.161316124083874,0.0,10.0,0.004141539073474999,0.0,0.009934525900122289,0.014076064973597275,0.0,Canada,CAN,ontario,,,macOS-15.7.9-x86_64-i386-64bit,3.11.15,3.3.0,8,Intel(R) Core(TM) i7-1060NG7 CPU @ 1.20GHz,0,,-79.4057,43.709,16.0,machine,3.6131119864940913,0,67.20596510973644,8.127550037107108,N,1.0,0.0
2026-09-26T02:50:02,codecarbon,7b39bea9-b149-4954-8f6f-093764bed48b,5b0fa12a-3dd7-45bb-9766-cc326314d9f1,3591.9543977320027,0.0009146221740079381,2.5463078667853913e-07,4.157659125255055,0.0,10.0,0.004155248350772286,0.0,0.00997622666625841,0.014131475017030685,0.0,Canada,CAN,ontario,,,macOS-15.7.9-x86_64-i386-64bit,3.11.15,3.3.0,8,Intel(R) Core(TM) i7-1060NG7 CPU @ 1.20GHz,0,,-79.4057,43.709,16.0,machine,3.597926590081255,0,67.2080694872523,8.126723884033135,N,1.0,0.0
2026-09-26T02:50:17,codecarbon,7b39bea9-b149-4954-8f6f-093764bed48b,5b0fa12a-3dd7-45bb-9766-cc326314d9f1,3606.9660428650022,0.0009182010340714932,2.545632598587396e-07,4.153929914533375,0.0,10.0,0.00416884867994705,0.0,0.010017921925813971,0.01418677060576101,0.0,Canada,CAN,ontario,,,macOS-15.7.9-x86_64-i386-64bit,3.11.15,3.3.0,8,Intel(R) Core(TM) i7-1060NG7 CPU @ 1.20GHz,0,,-79.4057,43.709,16.0,machine,3.638671875,0,67.21065848214378,8.12597424856254,N,1.0,0.0
2026-09-26T02:50:32,codecarbon,7b39bea9-b149-4954-8f6f-093764bed48b,5b0fa12a-3dd7-45bb-9766-cc326314d9f1,3621.9763621810016,0.0009217821052570317,2.5449699641385105e-07,4.150281259422595,0.0,10.0,0.004182490614418924,0.0,0.01005960974326675,0.014242100357685663,0.0,Canada,CAN,ontario,,,macOS-15.7.9-x86_64-i386-64bit,3.11.15,3.3.0,8,Intel(R) Core(TM) i7-1060NG7 CPU @ 1.20GHz,0,,-79.4057,43.709,16.0,machine,3.623506529591553,0,67.21289247013152,8.1251832178216,N,1.0,0.0
2026-09-26T02:50:47,codecarbon,7b39bea9-b149-4954-8f6f-093764bed48b,5b0fa12a-3dd7-45bb-9766-cc326314d9f1,3636.991771797002,0.0009253753862908564,2.5443428095346983e-07,4.146793096569294,0.0,10.0,0.004196305999310576,0.0,0.010101312759963973,0.014297618759274539,0.0,Canada,CAN,ontario,,,macOS-15.7.9-x86_64-i386-64bit,3.11.15,3.3.0,8,Intel(R) Core(TM) i7-1060NG7 CPU @ 1.20GHz,0,,-79.4057,43.709,16.0,machine,3.6084670724958494,0,67.21496956281226,8.124375520124579,N,1.0,0.0
2026-09-26T02:51:02,codecarbon,7b39bea9-b149-4954-8f6f-093764bed48b,5b0fa12a-3dd7-45bb-9766-cc326314d9f1,3652.004803333002,0.0009289588964467923,2.5436957136501514e-07,4.143230148518097,0.0,10.0,0.004209974289927676,0.0,0.010143011904863964,0.014352986194791627,0.0,Canada,CAN,ontario,,,macOS-15.7.9-x86_64-i386-64bit,3.11.15,3.3.0,8,Intel(R) Core(TM) i7-1060NG7 CPU @ 1.20GHz,0,,-79.4057,43.709,16.0,machine,3.593551942683935,0,67.2170845963085,8.123566383368123,N,1.0,0.0
2026-09-26T02:51:17,codecarbon,7b39bea9-b149-4954-8f6f-093764bed48b,5b0fa12a-3dd7-45bb-9766-cc326314d9f1,3667.0189133019994,0.000932540976774705,2.543049269235948e-07,4.1396640533039655,0.0,10.0,0.004223620135053122,0.0,0.010184711403533404,0.014408331538586514,0.0,Canada,CAN,ontario,,,macOS-15.7.9-x86_64-i386-64bit,3.11.15,3.3.0,8,Intel(R) Core(TM) i7-1060NG7 CPU @ 1.20GHz,0,,-79.4057,43.709,16.0,machine,3.578759604829857,0,67.21879802415029,8.122721029296272,N,1.0,0.0
2026-09-26T02:51:32,codecarbon,7b39bea9-b149-4954-8f6f-093764bed48b,5b0fa12a-3dd7-45bb-9766-cc326314d9f1,3682.0349702330022,0.0009361206724235,2.5424002759111806e-07,4.136088075744927,0.0,10.0,0.004237225409014232,0.0,0.010226414628608403,0.014463640037622622,0.0,Canada,CAN,ontario,,,macOS-15.7.9-x86_64-i386-64bit,3.11.15,3.3.0,8,Intel(R) Core(TM) i7-1060NG7 CPU @ 1.20GHz,0,,-79.4057,43.709,16.0,machine,3.5640885487838205,0,67.22074337250716,8.121919475053952,N,1.0,0.0
2026-09-26T02:51:47,codecarbon,7b39bea9-b149-4954-8f6f-093764bed48b,5b0fa12a-3dd7-45bb-9766-cc326314d9f1,3697.0489953399992,0.0009397009454006056,2.5417595130198863e-07,4.132557439188813,0.0,10.0,0.0042508426796083135,0.0,0.010268114777127843,0.014518957456736143,0.0,Canada,CAN,ontario,,,macOS-15.7.9-x86_64-i386-64bit,3.11.15,3.3.0,8,Intel(R) Core(TM) i7-1060NG7 CPU @ 1.20GHz,0,,-79.4057,43.709,16.0,machine,3.590364725095264,0,67.22261839956555,8.121105146330208,N,1.0,0.0
2026-09-26T02:52:02,codecarbon,7b39bea9-b149-4954-8f6f-093764bed48b,5b0fa12a-3dd7-45bb-9766-cc326314d9f1,3712.0609182080007,0.0009432879542333478,2.5411435184332066e-07,4.129158730716799,0.0,10.0,0.004264573333219617,0.0,0.010309805615741728,0.01457437894896133,0.0,Canada,CAN,ontario,,,macOS-15.7.9-x86_64-i386-64bit,3.11.15,3.3.0,8,Intel(R) Core(TM) i7-1060NG7 CPU @ 1.20GHz,0,,-79.4057,43.709,16.0,machine,3.5757657901870425,0,67.22453239360368,8.120304000122369,N,1.0,0.0
2026-09-26T02:52:17,codecarbon,7b39bea9-b149-4954-8f6f-093764bed48b,5b0fa12a-3dd7-45bb-9766-cc326314d9f1,3727.0701004389994,0.0009468684208153462,2.5405168008613995e-07,4.125700952551593,0.0,10.0,0.004278208412131125,0.0,0.01035149094725839,0.014629699359389499,0.0,Canada,CAN,ontario,,,macOS-15.7.9-x86_64-i386-64bit,3.11.15,3.3.0,8,Intel(R) Core(TM) i7-1060NG7 CPU @ 1.20GHz,0,,-79.4057,43.709,16.0,machine,3.588282937365011,0,67.22605291576784,8.119444389837607,N,1.0,0.0
2026-09-26T02:52:32,codecarbon,7b39bea9-b149-4954-8f6f-093764bed48b,5b0fa12a-3dd7-45bb-9766-cc326314d9f1,3742.0808218170023,0.0009504478636447363,2.5398913302552284e-07,4.122251138288632,0.0,10.0,0.004291820482588075,0.0,0.010393183469622274,0.014685003952210333,0.0,Canada,CAN,ontario,,,macOS-15.7.9-x86_64-i386-64bit,3.11.15,3.3.0,8,Intel(R) Core(TM) i7-1060NG7 CPU @ 1.20GHz,0,,-79.4057,43.709,16.0,machine,3.600699112664695,0,67.22766872815386,8.11862083326331,N,1.0,0.0
2026-09-26T02:52:47,codecarbon,7b39bea9-b149-4954-8f6f-093764bed48b,5b0fa12a-3dd7-45bb-9766-cc326314d9f1,3757.0925567930026,0.0009540288157572941,2.5392741896453e-07,4.118850136975589,0.0,10.0,0.004305454117459183,0.0,0.010434877746925043,0.014740331864384212,0.0,Canada,CAN,ontario,,,macOS-15.7.9-x86_64-i386-64bit,3.11.15,3.3.0,8,Intel(R) Core(TM) i7-1060NG7 CPU @ 1.20GHz,0,,-79.4057,43.709,16.0,machine,3.5862346009641137,0,67.22956614890316,8.1178411995592,N,1.0,0.0
2026-09-26T02:53:02,codecarbon,7b39bea9-b149-4954-8f6f-093764bed48b,5b0fa12a-3dd7-45bb-9766-cc326314d9f1,3772.105162928001,0.000957675295024276,2.5388350898491515e-07,4.116531904310625,0.0,10.0,0.004320096053194092,0.0,0.010476576158194481,0.014796672211388558,0.0,Canada,CAN,ontario,,,macOS-15.7.9-x86_64-i386-64bit,3.11.15,3.3.0,8,Intel(R) Core(TM) i7-1060NG7 CPU @ 1.20GHz,0,,-79.4057,43.709,16.0,machine,3.5718858362229926,0,67.23374233128952,8.117435992574908,N,1.0,0.0
2026-09-26T02:53:17,codecarbon,7b39bea9-b149-4954-8f6f-093764bed48b,5b0fa12a-3dd7-45bb-9766-cc326314d9f1,3787.117746676002,0.0009612742101045462,2.5382738916640973e-07,4.113403799381712,0.0,10.0,0.004334006147892872,0.0,0.010518271514566704,0.014852277662459562,0.0,Canada,CAN,ontario,,,macOS-15.7.9-x86_64-i386-64bit,3.11.15,3.3.0,8,Intel(R) Core(TM) i7-1060NG7 CPU @ 1.20GHz,0,,-79.4057,43.709,16.0,machine,3.584218916046759,0,67.23722104144643,8.116940943264936,N,1.0,0.0
2026-09-26T02:53:32,codecarbon,7b39bea9-b149-4954-8f6f-093764bed48b,5b0fa12a-3dd7-45bb-9766-cc326314d9f1,3802.1329443810027,0.0009648744428677499,2.5377188461905136e-07,4.110339262169251,0.0,10.0,0.004347930656317156,0.0,0.010559972816225028,0.01490790347254217,0.0,Canada,CAN,ontario,,,macOS-15.7.9-x86_64-i386-64bit,3.11.15,3.3.0,8,Intel(R) Core(TM) i7-1060NG7 CPU @ 1.20GHz,0,,-79.4057,43.709,16.0,machine,3.5699920613919027,0,67.23913733792128,8.116206239537291,N,1.0,0.0
2026-09-26T02:53:47,codecarbon,7b39bea9-b149-4954-8f6f-093764bed48b,5b0fa12a-3dd7-45bb-9766-cc326314d9f1,3817.143727228002,0.0009684792806154008,2.5371831657979183e-07,4.107430222788783,0.0,10.0,0.0043619371964717605,0.0,0.010601663235994483,0.014963600432466232,0.0,Canada,CAN,ontario,,,macOS-15.7.9-x86_64-i386-64bit,3.11.15,3.3.0,8,Intel(R) Core(TM) i7-1060NG7 CPU @ 1.20GHz,0,,-79.4057,43.709,16.0,machine,3.5558777016341594,0,67.24114391144032,8.11550583183357,N,1.0,0.0
2026-09-26T02:54:02,codecarbon,7b39bea9-b149-4954-8f6f-093764bed48b,5b0fa12a-3dd7-45bb-9766-cc326314d9f1,3832.1576713860013,0.0009720914566217255,2.5366687385546506e-07,4.104576023418494,0.0,10.0,0.004376046046254845,0.0,0.010643364726744486,0.015019410772999318,0.0,Canada,CAN,ontario,,,macOS-15.7.9-x86_64-i386-64bit,3.11.15,3.3.0,8,Intel(R) Core(TM) i7-1060NG7 CPU @ 1.20GHz,0,,-79.4057,43.709,16.0,machine,3.5428046218487395,0,67.24293592437095,8.114841372025113,N,1.0,0.0
2026-09-26T02:54:17,codecarbon,7b39bea9-b149-4954-8f6f-093764bed48b,5b0fa12a-3dd7-45bb-9766-cc326314d9f1,3847.1693423470024,0.0009757038788557015,2.5361604650874664e-07,4.101768591056416,0.0,10.0,0.004390169654973215,0.0,0.01068505526292783,0.01507522491790103,0.0,Canada,CAN,ontario,,,macOS-15.7.9-x86_64-i386-64bit,3.11.15,3.3.0,8,Intel(R) Core(TM) i7-1060NG7 CPU @ 1.20GHz,0,,-79.4057,43.709,16.0,machine,3.5289040020925975,0,67.24546167931065,8.114233298854245,N,1.0,0.0
2026-09-26T02:54:32,codecarbon,7b39bea9-b149-4954-8f6f-093764bed48b,5b0fa12a-3dd7-45bb-9766-cc326314d9f1,3862.179457459002,0.0009793280296612552,2.5356875319966953e-07,4.099123506893584,0.0,10.0,0.004404477366851383,0.0,0.010726742909594501,0.015131220276445869,0.0,Canada,CAN,ontario,,,macOS-15.7.9-x86_64-i386-64bit,3.11.15,3.3.0,8,Intel(R) Core(TM) i7-1060NG7 CPU @ 1.20GHz,0,,-79.4057,43.709,16.0,machine,3.5151120375195415,0,67.25145909327897,8.114186004153634,N,1.0,0.0
2026-09-26T02:54:47,codecarbon,7b39bea9-b149-4954-8f6f-093764bed48b,5b0fa12a-3dd7-45bb-9766-cc326314d9f1,3877.1935949850013,0.0009829282392543749,2.535153881729698e-07,4.096184790345446,0.0,10.0,0.0044184020306225,0.0,0.010768443697913946,0.015186845728536432,0.0,Canada,CAN,ontario,,,macOS-15.7.9-x86_64-i386-64bit,3.11.15,3.3.0,8,Intel(R) Core(TM) i7-1060NG7 CPU @ 1.20GHz,0,,-79.4057,43.709,16.0,machine,3.5273812613547886,0,67.25618998183356,8.113965048098175,N,1.0,0.0
2026-09-26T02:55:02,codecarbon,7b39bea9-b149-4954-8f6f-093764bed48b,5b0fa12a-3dd7-45bb-9766-cc326314d9f1,3892.208026712,0.0009865147494329126,2.5345889599490024e-07,4.093062693932201,0.0,10.0,0.004432114544491909,0.0,0.010810144971755628,0.015242259516247523,0.0,Canada,CAN,ontario,,,macOS-15.7.9-x86_64-i386-64bit,3.11.15,3.3.0,8,Intel(R) Core(TM) i7-1060NG7 CPU @ 1.20GHz,0,,-79.4057,43.709,16.0,machine,3.513702171664943,0,67.25858324715735,8.113384526912528,N,1.0,0.0
2026-09-26T02:55:17,codecarbon,7b39bea9-b149-4954-8f6f-093764bed48b,5b0fa12a-3dd7-45bb-9766-cc326314d9f1,3907.2207330439996,0.0009901091030755551,2.53404957314554e-07,4.090092772988563,0.0,10.0,0.004445950862091042,0.0,0.010851843628211186,0.015297794490302214,0.0,Canada,CAN,ontario,,,macOS-15.7.9-x86_64-i386-64bit,3.11.15,3.3.0,8,Intel(R) Core(TM) i7-1060NG7 CPU @ 1.20GHz,0,,-79.4057,43.709,16.0,machine,3.5001287664177183,0,67.260339943344,8.112686431318897,N,1.0,0.0
2026-09-26T02:55:32,codecarbon,7b39bea9-b149-4954-8f6f-093764bed48b,5b0fa12a-3dd7-45bb-9766-cc326314d9f1,3922.2378262519996,0.0009937260097652488,2.5335689822634505e-07,4.087423986032322,0.0,10.0,0.004460128420807875,0.0,0.01089354950199453,0.01535367792280239,0.0,Canada,CAN,ontario,,,macOS-15.7.9-x86_64-i386-64bit,3.11.15,3.3.0,8,Intel(R) Core(TM) i7-1060NG7 CPU @ 1.20GHz,0,,-79.4057,43.709,16.0,machine,3.486659825551565,0,67.26498204207405,8.112453432313108,N,1.0,0.0
2026-09-26T02:55:47,codecarbon,7b39bea9-b149-4954-8f6f-093764bed48b,5b0fa12a-3dd7-45bb-9766-cc326314d9f1,3937.2501391820006,0.000997344098523732,2.533098135164303e-07,4.084780004297319,0.0,10.0,0.004474335367983848,0.0,0.010935244251008423,0.015409579618992253,0.0,Canada,CAN,ontario,,,macOS-15.7.9-x86_64-i386-64bit,3.11.15,3.3.0,8,Intel(R) Core(TM) i7-1060NG7 CPU @ 1.20GHz,0,,-79.4057,43.709,16.0,machine,3.4988499872220804,0,67.2696141068246,8.112245095163058,N,1.0,0.0
2026-09-26T02:56:02,codecarbon,7b39bea9-b149-4954-8f6f-093764bed48b,5b0fa12a-3dd7-45bb-9766-cc326314d9f1,3952.2637127029993,0.001000925836794355,2.5325380833704793e-07,4.081694414229637,0.0,10.0,0.004487977863716596,0.0,0.010976941814075089,0.015464919677791669,0.0,Canada,CAN,ontario,,,macOS-15.7.9-x86_64-i386-64bit,3.11.15,3.3.0,8,Intel(R) Core(TM) i7-1060NG7 CPU @ 1.20GHz,0,,-79.4057,43.709,16.0,machine,3.485488798370672,0,67.27227596741463,8.111725099217868,N,1.0,0.0
2026-09-26T02:56:17,codecarbon,7b39bea9-b149-4954-8f6f-093764bed48b,5b0fa12a-3dd7-45bb-9766-cc326314d9f1,3967.274074494002,0.0010045076990598237,2.5319846327681344e-07,4.0786459954604615,0.0,10.0,0.0045016316423737435,0.0,0.011018630010013976,0.015520261652387703,0.0,Canada,CAN,ontario,,,macOS-15.7.9-x86_64-i386-64bit,3.11.15,3.3.0,8,Intel(R) Core(TM) i7-1060NG7 CPU @ 1.20GHz,0,,-79.4057,43.709,16.0,machine,3.4722292670555412,0,67.27435962465246,8.111120455705844,N,1.0,0.0
2026-09-26T02:56:32,codecarbon,7b39bea9-b149-4954-8f6f-093764bed48b,5b0fa12a-3dd7-45bb-9766-cc326314d9f1,3982.2859739470005,0.0010080943991234556,2.53144652523358e-07,4.075689669377155,0.0,10.0,0.004515353859465201,0.0,0.01106032451447508,0.015575678373940265,0.0,Canada,CAN,ontario,,,macOS-15.7.9-x86_64-i386-64bit,3.11.15,3.3.0,8,Intel(R) Core(TM) i7-1060NG7 CPU @ 1.20GHz,0,,-79.4057,43.709,16.0,machine,3.4590702374936835,0,67.2759727134928,8.110455798765456,N,1.0,0.0
2026-09-26T02:56:47,codecarbon,7b39bea9-b149-4954-8f6f-093764bed48b,5b0fa12a-3dd7-45bb-9766-cc326314d9f1,3997.299491463,0.001011697128797538,2.530951536051305e-07,4.072955115703974,0.0,10.0,0.004529318842617432,0.0,0.011102023920213958,0.015631342762831374,0.0,Canada,CAN,ontario,,,macOS-15.7.9-x86_64-i386-64bit,3.11.15,3.3.0,8,Intel(R) Core(TM) i7-1060NG7 CPU @ 1.20GHz,0,,-79.4057,43.709,16.0,machine,3.4711804681600804,0,67.27812735967898,8.109873860241812,N,1.0,0.0
2026-09-26T02:57:02,codecarbon,7b39bea9-b149-4954-8f6f-093764bed48b,5b0fa12a-3dd7-45bb-9766-cc326314d9f1,4012.312666504,0.001015285929102585,2.530425750661206e-07,4.0700608121694,0.0,10.0,0.004543069709169135,0.0,0.011143722225236173,0.015686791934405298,0.0,Canada,CAN,ontario,,,macOS-15.7.9-x86_64-i386-64bit,3.11.15,3.3.0,8,Intel(R) Core(TM) i7-1060NG7 CPU @ 1.20GHz,0,,-79.4057,43.709,16.0,machine,3.4831995987963893,0,67.27986459378248,8.109234152729796,N,1.0,0.0
2026-09-26T02:57:17,codecarbon,7b39bea9-b149-4954-8f6f-093764bed48b,5b0fa12a-3dd7-45bb-9766-cc326314d9f1,4027.320500591002,0.0010188802276966818,2.52992089292909e-07,4.067269482661049,0.0,10.0,0.004556919679448278,0.0,0.011185406378477841,0.01574232605792611,0.0,Canada,CAN,ontario,,,macOS-15.7.9-x86_64-i386-64bit,3.11.15,3.3.0,8,Intel(R) Core(TM) i7-1060NG7 CPU @ 1.20GHz,0,,-79.4057,43.709,16.0,machine,3.4701473894579067,0,67.2828128903334,8.108797206302121,N,1.0,0.0
2026-09-26T02:57:32,codecarbon,7b39bea9-b149-4954-8f6f-093764bed48b,5b0fa12a-3dd7-45bb-9766-cc326314d9f1,4042.3308180560016,0.0010224802701984546,2.52943243940182e-07,4.064601504364697,0.0,10.0,0.004570852144460879,0.0,0.01122709678389174,0.015797948928352613,0.0,Canada,CAN,ontario,,,macOS-15.7.9-x86_64-i386-64bit,3.11.15,3.3.0,8,Intel(R) Core(TM) i7-1060NG7 CPU @ 1.20GHz,0,,-79.4057,43.709,16.0,machine,3.457192633150821,0,67.28561473369953,8.108347340683963,N,1.0,0.0
2026-09-26T02:57:47,codecarbon,7b39bea9-b149-4954-8f6f-093764bed48b,5b0fa12a-3dd7-45bb-9766-cc326314d9f1,4057.3426359190016,0.0010261236803594425,2.529053551640758e-07,4.062562835581601,0.0,10.0,0.004585449880870894,0.0,0.011268791974911176,0.015854241855782065,0.0,Canada,CAN,ontario,,,macOS-15.7.9-x86_64-i386-64bit,3.11.15,3.3.0,8,Intel(R) Core(TM) i7-1060NG7 CPU @ 1.20GHz,0,,-79.4057,43.709,16.0,machine,3.44433424249938,0,67.29075130176165,8.108270517921968,N,1.0,0.0
2026-09-26T02:58:02,codecarbon,7b39bea9-b149-4954-8f6f-093764bed48b,5b0fa12a-3dd7-45bb-9766-cc326314d9f1,4072.353115367001,0.0010297277212921896,2.528581613923699e-07,4.060029687126798,0.0,10.0,0.00459944454347583,0.0,0.011310481960950055,0.015909926504425877,0.0,Canada,CAN,ontario,,,macOS-15.7.9-x86_64-i386-64bit,3.11.15,3.3.0,8,Intel(R) Core(TM) i7-1060NG7 CPU @ 1.20GHz,0,,-79.4057,43.709,16.0,machine,3.431571146245059,0,67.29580039525804,8.108100587671453,N,1.0,0.0
2026-09-26T02:58:17,codecarbon,7b39bea9-b149-4954-8f6f-093764bed48b,5b0fa12a-3dd7-45bb-9766-cc326314d9f1,4087.3662615920002,0.0010333378071317382,2.5281262823000857e-07,4.057434282850559,0.0,10.0,0.004613526464619145,0.0,0.011352178085977833,0.015965704550596968,0.0,Canada,CAN,ontario,,,macOS-15.7.9-x86_64-i386-64bit,3.11.15,3.3.0,8,Intel(R) Core(TM) i7-1060NG7 CPU @ 1.20GHz,0,,-79.4057,43.709,16.0,machine,3.4189022889490523,0,67.3009844942172,8.107817490934709,N,1.0,0.0
2026-09-26T02:58:32,codecarbon,7b39bea9-b149-4954-8f6f-093764bed48b,5b0fa12a-3dd7-45bb-9766-cc326314d9f1,4102.380274132,0.0010369489441983423,2.5276763120594536e-07,4.054971837518643,0.0,10.0,0.004627618862408562,0.0,0.011393879976463947,0.016021498838872498,0.0,Canada,CAN,ontario,,,macOS-15.7.9-x86_64-i386-64bit,3.11.15,3.3.0,8,Intel(R) Core(TM) i7-1060NG7 CPU @ 1.20GHz,0,,-79.4057,43.709,16.0,machine,3.406326630701324,0,67.30706228543518,8.107592245478909,N,1.0,0.0
2026-09-26T02:58:47,codecarbon,7b39bea9-b149-4954-8f6f-093764bed48b,5b0fa12a-3dd7-45bb-9766-cc326314d9f1,4117.394634247001,0.0010405747126537718,2.5272649456494827e-07,4.052811737130783,0.0,10.0,0.004641937439516496,0.0,0.011435581751586174,0.016077519191102656,0.0,Canada,CAN,ontario,,,macOS-15.7.9-x86_64-i386-64bit,3.11.15,3.3.0,8,Intel(R) Core(TM) i7-1060NG7 CPU @ 1.20GHz,0,,-79.4057,43.709,16.0,machine,3.3938431468360615,0,67.31573418030895,8.107489549761263,N,1.0,0.0
2026-09-26T02:59:02,codecarbon,7b39bea9-b149-4954-8f6f-093764bed48b,5b0fa12a-3dd7-45bb-9766-cc326314d9f1,4132.411515434,0.0010442080707890626,2.526873393148495e-07,4.050673593967456,0.0,10.0,0.004656369718003746,0.0,0.011477287090550061,0.016133656808553797,0.0,Canada,CAN,ontario,,,macOS-15.7.9-x86_64-i386-64bit,3.11.15,3.3.0,8,Intel(R) Core(TM) i7-1060NG7 CPU @ 1.20GHz,0,,-79.4057,43.709,16.0,machine,3.3814508276533592,0,67.3242453748794,8.10692601914299,N,1.0,0.0
2026-09-26T02:59:17,codecarbon,7b39bea9-b149-4954-8f6f-093764bed48b,5b0fa12a-3dd7-45bb-9766-cc326314d9f1,4147.427671502002,0.00104780421619083,2.526395392957787e-07,4.048049859471227,0.0,10.0,0.0046702232466526135,0.0,0.011518996219736177,0.016189219466388776,0.0,Canada,CAN,ontario,,,macOS-15.7.9-x86_64-i386-64bit,3.11.15,3.3.0,8,Intel(R) Core(TM) i7-1060NG7 CPU @ 1.20GHz,0,,-79.4057,43.709,16.0,machine,3.3699660359049006,0,67.32809315866197,8.105779971734,N,1.0,0.0
2026-09-26T02:59:32,codecarbon,7b39bea9-b149-4954-8f6f-093764bed48b,5b0fa12a-3dd7-45bb-9766-cc326314d9f1,4162.441768757002,0.0010514037577052083,2.525930249876338e-07,4.045486319992505,0.0,10.0,0.004684137508529689,0.0,0.011560697087722284,0.01624483459625196,0.0,Canada,CAN,ontario,,,macOS-15.7.9-x86_64-i386-64bit,3.11.15,3.3.0,8,Intel(R) Core(TM) i7-1060NG7 CPU @ 1.20GHz,0,,-79.4057,43.709,16.0,machine,3.3577471597776167,0,67.33401015228544,8.104856517368507,N,1.0,0.0
2026-09-26T02:59:47,codecarbon,7b39bea9-b149-4954-8f6f-093764bed48b,5b0fa12a-3dd7-45bb-9766-cc326314d9f1,4177.452820312003,0.001055001322350445,2.525465559349273e-07,4.04292984087957,0.0,10.0,0.004698028796860123,0.0,0.011602390385411169,0.016300419182271274,0.0,Canada,CAN,ontario,,,macOS-15.7.9-x86_64-i386-64bit,3.11.15,3.3.0,8,Intel(R) Core(TM) i7-1060NG7 CPU @ 1.20GHz,0,,-79.4057,43.709,16.0,machine,3.345616570327553,0,67.33935452793953,8.103863565448622,N,1.0,0.0
2026-09-26T03:00:02,codecarbon,7b39bea9-b149-4954-8f6f-093764bed48b,5b0fa12a-3dd7-45bb-9766-cc326314d9f1,4192.463960634999,0.0010586329589328904,2.52508541247555e-07,4.040881698097951,0.0,10.0,0.004712446722905616,0.0,0.01164408347776672,0.01635653020067232,0.0,Canada,CAN,ontario,,,macOS-15.7.9-x86_64-i386-64bit,3.11.15,3.3.0,8,Intel(R) Core(TM) i7-1060NG7 CPU @ 1.20GHz,0,,-79.4057,43.709,16.0,machine,3.333573314134869,0,67.34660427165943,8.103178757113005,N,1.0,0.0
2026-09-26T03:00:17,codecarbon,7b39bea9-b149-4954-8f6f-093764bed48b,5b0fa12a-3dd7-45bb-9766-cc326314d9f1,4207.47864315,0.0010622732293931727,2.524726372937413e-07,4.038892944366366,0.0,10.0,0.004726986972353463,0.0,0.011685787645441726,0.016412774617795174,0.0,Canada,CAN,ontario,,,macOS-15.7.9-x86_64-i386-64bit,3.11.15,3.3.0,8,Intel(R) Core(TM) i7-1060NG7 CPU @ 1.20GHz,0,,-79.4057,43.709,16.0,machine,3.345528455284553,0,67.35423242467834,8.102573992247105,N,1.0,0.0
2026-09-26T03:00:32,codecarbon,7b39bea9-b149-4954-8f6f-093764bed48b,5b0fa12a-3dd7-45bb-9766-cc326314d9f1,4222.490528386999,0.0010659185082168754,2.524383420284565e-07,4.037043375759087,0.0,10.0,0.0047416129968292945,0.0,0.011727483420383386,0.016469096417212666,0.0,Canada,CAN,ontario,,,macOS-15.7.9-x86_64-i386-64bit,3.11.15,3.3.0,8,Intel(R) Core(TM) i7-1060NG7 CPU @ 1.20GHz,0,,-79.4057,43.709,16.0,machine,3.33357159876102,0,67.35966166309383,8.101630540129285,N,1.0,0.0
2026-09-26T03:00:47,codecarbon,7b39bea9-b149-4954-8f6f-093764bed48b,5b0fa12a-3dd7-45bb-9766-cc326314d9f1,4237.501764506,0.0010695851412159067,2.5240936774939536e-07,4.035394865933188,0.0,10.0,0.004756573104378612,0.0,0.011769175047391714,0.016525748151770308,0.0,Canada,CAN,ontario,,,macOS-15.7.9-x86_64-i386-64bit,3.11.15,3.3.0,8,Intel(R) Core(TM) i7-1060NG7 CPU @ 1.20GHz,0,,-79.4057,43.709,16.0,machine,3.3691832858499526,0,67.36488603988718,8.100666858531811,N,1.0,0.0
2026-09-26T03:01:02,codecarbon,7b39bea9-b149-4954-8f6f-093764bed48b,5b0fa12a-3dd7-45bb-9766-cc326314d9f1,4252.51803481,0.0010732945303996242,2.523903535773196e-07,4.034431888013947,0.0,10.0,0.004772178200965053,0.0,0.011810882294708376,0.016583060495673412,0.0,Canada,CAN,ontario,,,macOS-15.7.9-x86_64-i386-64bit,3.11.15,3.3.0,8,Intel(R) Core(TM) i7-1060NG7 CPU @ 1.20GHz,0,,-79.4057,43.709,16.0,machine,3.3808847882659094,0,67.37000236574515,8.09970206393117,N,1.0,0.0
2026-09-26T03:01:17,codecarbon,7b39bea9-b149-4954-8f6f-093764bed48b,5b0fa12a-3dd7-45bb-9766-cc326314d9f1,4267.554686988002,0.0010770308619882441,2.5237658120050993e-07,4.033580027309907,0.0,10.0,0.004788142819711036,0.0,0.011852646296588935,0.016640789116299952,0.0,Canada,CAN,ontario,,,macOS-15.7.9-x86_64-i386-64bit,3.11.15,3.3.0,8,Intel(R) Core(TM) i7-1060NG7 CPU @ 1.20GHz,0,,-79.4057,43.709,16.0,machine,3.3689297501178688,0,67.3769212635561,8.099189902183753,N,1.0,0.0
2026-09-26T03:01:32,codecarbon,7b39bea9-b149-4954-8f6f-093764bed48b,5b0fa12a-3dd7-45bb-9766-cc326314d9f1,4282.577521949002,0.0010809767754408981,2.524126580081019e-07,4.035056633227641,0.0,10.0,0.004807382247134516,0.0,0.011894373658469492,0.016701755905603993,0.0,Canada,CAN,ontario,,,macOS-15.7.9-x86_64-i386-64bit,3.11.15,3.3.0,8,Intel(R) Core(TM) i7-1060NG7 CPU @ 1.20GHz,0,,-79.4057,43.709,16.0,machine,3.380549682875264,0,67.38365045807025,8.098673780395135,N,1.0,0.0
2026-09-26T03:01:47,codecarbon,7b39bea9-b149-4954-8f6f-093764bed48b,5b0fa12a-3dd7-45bb-9766-cc326314d9f1,4297.585958629003,0.0010847304105598065,2.524045873664974e-07,4.034413884986845,0.0,10.0,0.004823690585766695,0.0,0.011936061290647266,0.016759751876413948,0.0,Canada,CAN,ontario,,,macOS-15.7.9-x86_64-i386-64bit,3.11.15,3.3.0,8,Intel(R) Core(TM) i7-1060NG7 CPU @ 1.20GHz,0,,-79.4057,43.709,16.0,machine,3.368679775280899,0,67.39150280898994,8.098213540480824,N,1.0,0.0
2026-09-26T03:02:02,codecarbon,7b39bea9-b149-4954-8f6f-093764bed48b,5b0fa12a-3dd7-45bb-9766-cc326314d9f1,4312.596241825002,0.0010887012262554665,2.5244682442025935e-07,4.037020394794216,0.0,10.0,0.004843396784935525,0.0,0.01197770663575005,0.016821103420685567,0.0,Canada,CAN,ontario,,,macOS-15.7.9-x86_64-i386-64bit,3.11.15,3.3.0,8,Intel(R) Core(TM) i7-1060NG7 CPU @ 1.20GHz,0,,-79.4057,43.709,16.0,machine,3.403545602985771,0,67.39972008397599,8.097789187795053,N,1.0,0.0
2026-09-26T03:02:17,codecarbon,7b39bea9-b149-4954-8f6f-093764bed48b,5b0fa12a-3dd7-45bb-9766-cc326314d9f1,4327.611004839,0.0010927480562426036,2.5250607206163554e-07,4.040397478872908,0.0,10.0,0.004864220041228935,0.0,0.012019409391275045,0.016883629432503974,0.0,Canada,CAN,ontario,,,macOS-15.7.9-x86_64-i386-64bit,3.11.15,3.3.0,8,Intel(R) Core(TM) i7-1060NG7 CPU @ 1.20GHz,0,,-79.4057,43.709,16.0,machine,3.403300790330079,0,67.40767085076826,8.097302537472068,N,1.0,0.0
2026-09-26T03:02:32,codecarbon,7b39bea9-b149-4954-8f6f-093764bed48b,5b0fa12a-3dd7-45bb-9766-cc326314d9f1,4342.673648462001,0.001096914197148395,2.5258959939043024e-07,4.044943533249009,0.0,10.0,0.004886752537755633,0.0,0.012061246333627828,0.016947998871383454,0.0,Canada,CAN,ontario,,,macOS-15.7.9-x86_64-i386-64bit,3.11.15,3.3.0,8,Intel(R) Core(TM) i7-1060NG7 CPU @ 1.20GHz,0,,-79.4057,43.709,16.0,machine,3.3914755617326846,0,67.41454713921823,8.096656195786586,N,1.0,0.0
2026-09-26T03:02:47,codecarbon,7b39bea9-b149-4954-8f6f-093764bed48b,5b0fa12a-3dd7-45bb-9766-cc326314d9f1,4357.721530907002,0.001100996544468647,2.5265417642221144e-07,4.048530421400894,0.0,10.0,0.0049080321075057895,0.0,0.01210304154033338,0.01701107364783916,0.0,Canada,CAN,ontario,,,macOS-15.7.9-x86_64-i386-64bit,3.11.15,3.3.0,8,Intel(R) Core(TM) i7-1060NG7 CPU @ 1.20GHz,0,,-79.4057,43.709,16.0,machine,3.4028162511542015,0,67.42156048014893,8.095965683955566,N,1.0,0.0
2026-09-26T03:03:02,codecarbon,7b39bea9-b149-4954-8f6f-093764bed48b,5b0fa12a-3dd7-45bb-9766-cc326314d9f1,4372.736177929,0.0011050320264310307,2.527095121833744e-07,4.051589783523704,0.0,10.0,0.004928679986921855,0.0,0.012144744338775047,0.017073424325696886,0.0,Canada,CAN,ontario,,,macOS-15.7.9-x86_64-i386-64bit,3.11.15,3.3.0,8,Intel(R) Core(TM) i7-1060NG7 CPU @ 1.20GHz,0,,-79.4057,43.709,16.0,machine,3.391074304117782,0,67.42864044168512,8.095239437007619,N,1.0,0.0
2026-09-26T03:03:17,codecarbon,7b39bea9-b149-4954-8f6f-093764bed48b,5b0fa12a-3dd7-45bb-9766-cc326314d9f1,4387.750567679002,0.0011093194257139098,2.52821897827412e-07,4.058256854122646,0.0,10.0,0.004953220714870524,0.0,0.012186446566197277,0.017139667281067784,0.0,Canada,CAN,ontario,,,macOS-15.7.9-x86_64-i386-64bit,3.11.15,3.3.0,8,Intel(R) Core(TM) i7-1060NG7 CPU @ 1.20GHz,0,,-79.4057,43.709,16.0,machine,3.403118550791103,0,67.43529007108582,8.094512098837653,N,1.0,0.0
2026-09-26T03:03:32,codecarbon,7b39bea9-b149-4954-8f6f-093764bed48b,5b0fa12a-3dd7-45bb-9766-cc326314d9f1,4402.777158681001,0.001113738641676804,2.529627554464877e-07,4.0660498569306975,0.0,10.0,0.004979767462686233,0.0,0.01222817942251673,0.017207946885202947,0.0,Canada,CAN,ontario,,,macOS-15.7.9-x86_64-i386-64bit,3.11.15,3.3.0,8,Intel(R) Core(TM) i7-1060NG7 CPU @ 1.20GHz,0,,-79.4057,43.709,16.0,machine,3.391453382084095,0,67.44248171846552,8.093730551669106,N,1.0,0.0
2026-09-26T03:03:47,codecarbon,7b39bea9-b149-4954-8f6f-093764bed48b,5b0fa12a-3dd7-45bb-9766-cc326314d9f1,4417.818390935001,0.0011180454141714222,2.530763637694024e-07,4.0723870179693415,0.0,10.0,0.005004556745297226,0.0,0.012269932423311177,0.01727448916860838,0.0,Canada,CAN,ontario,,,macOS-15.7.9-x86_64-i386-64bit,3.11.15,3.3.0,8,Intel(R) Core(TM) i7-1060NG7 CPU @ 1.20GHz,0,,-79.4057,43.709,16.0,machine,3.4026417672511955,0,67.44910043270447,8.093016035218522,N,1.0,0.0
2026-09-26T03:04:03,codecarbon,7b39bea9-b149-4954-8f6f-093764bed48b,5b0fa12a-3dd7-45bb-9766-cc326314d9f1,4432.898487823,0.0011224328605124465,2.532051802214118e-07,4.07954912552584,0.0,10.0,0.005030466518785632,0.0,0.01231181139376395,0.01734227791254956,0.0,Canada,CAN,ontario,,,macOS-15.7.9-x86_64-i386-64bit,3.11.15,3.3.0,8,Intel(R) Core(TM) i7-1060NG7 CPU @ 1.20GHz,0,,-79.4057,43.709,16.0,machine,3.481842941443486,0,67.4553790285986,8.092263747711804,N,1.0,0.0
2026-09-26T03:04:18,codecarbon,7b39bea9-b149-4954-8f6f-093764bed48b,5b0fa12a-3dd7-45bb-9766-cc326314d9f1,4447.952201278,0.00112691574729008,2.533560830456521e-07,4.0878884577012755,0.0,10.0,0.005057920602639376,0.0,0.012353620667286175,0.017411541269925536,0.0,Canada,CAN,ontario,,,macOS-15.7.9-x86_64-i386-64bit,3.11.15,3.3.0,8,Intel(R) Core(TM) i7-1060NG7 CPU @ 1.20GHz,0,,-79.4057,43.709,16.0,machine,3.4700294051119656,0,67.46233883736834,8.091448100706323,N,1.0,0.0
2026-09-26T03:04:33,codecarbon,7b39bea9-b149-4954-8f6f-093764bed48b,5b0fa12a-3dd7-45bb-9766-cc326314d9f1,4462.966783406002,0.0011314613580850794,2.5352224495419214e-07,4.097105538996397,0.0,10.0,0.005086451027204556,0.0,0.012395322724736162,0.0174817737519407,0.0,Canada,CAN,ontario,,,macOS-15.7.9-x86_64-i386-64bit,3.11.15,3.3.0,8,Intel(R) Core(TM) i7-1060NG7 CPU @ 1.20GHz,0,,-79.4057,43.709,16.0,machine,3.5259242560865647,0,67.46961226330144,8.090622183006019,N,1.0,0.0
2026-09-26T03:04:48,codecarbon,7b39bea9-b149-4954-8f6f-093764bed48b,5b0fa12a-3dd7-45bb-9766-cc326314d9f1,4477.986771534001,0.0011358864769497607,2.5366007871449027e-07,4.104839495106962,0.0,10.0,0.005113109806302196,0.0,0.012437034753236164,0.017550144559538343,0.0,Canada,CAN,ontario,,,macOS-15.7.9-x86_64-i386-64bit,3.11.15,3.3.0,8,Intel(R) Core(TM) i7-1060NG7 CPU @ 1.20GHz,0,,-79.4057,43.709,16.0,machine,3.514041788362166,0,67.47649966299824,8.089777687430997,N,1.0,0.0
2026-09-26T03:05:03,codecarbon,7b39bea9-b149-4954-8f6f-093764bed48b,5b0fa12a-3dd7-45bb-9766-cc326314d9f1,4493.0112336890015,0.0011405491899465316,2.5384961902489616e-07,4.115442699200093,0.0,10.0,0.005143421635908261,0.0,0.012478764706672286,0.017622186342580528,0.0,Canada,CAN,ontario,,,macOS-15.7.9-x86_64-i386-64bit,3.11.15,3.3.0,8,Intel(R) Core(TM) i7-1060NG7 CPU @ 1.20GHz,0,,-79.4057,43.709,16.0,machine,3.5022391401701745,0,67.48349753694696,8.08894471058758,N,1.0,0.0
2026-09-26T03:05:18,codecarbon,7b39bea9-b149-4954-8f6f-093764bed48b,5b0fa12a-3dd7-45bb-9766-cc326314d9f1,4508.028975579,0.001145056227454926,2.5400374169242285e-07,4.124012511350129,0.0,10.0,0.005171349902097724,0.0,0.012520472941500067,0.017691822843597767,0.0,Canada,CAN,ontario,,,macOS-15.7.9-x86_64-i386-64bit,3.11.15,3.3.0,8,Intel(R) Core(TM) i7-1060NG7 CPU @ 1.20GHz,0,,-79.4057,43.709,16.0,machine,3.5136160714285714,0,67.48968750000117,8.0881609584604,N,1.0,0.0
2026-09-26T03:05:33,codecarbon,7b39bea9-b149-4954-8f6f-093764bed48b,5b0fa12a-3dd7-45bb-9766-cc326314d9f1,4523.046900437999,0.0011496228145191933,2.541699964260523e-07,4.133305493740078,0.0,10.0,0.005200193971797017,0.0,0.012562185450075059,0.017762379421872053,0.0,Canada,CAN,ontario,,,macOS-15.7.9-x86_64-i386-64bit,3.11.15,3.3.0,8,Intel(R) Core(TM) i7-1060NG7 CPU @ 1.20GHz,0,,-79.4057,43.709,16.0,machine,3.546384872080089,0,67.4961067853182,8.087382568427268,N,1.0,0.0
2026-09-26T03:05:48,codecarbon,7b39bea9-b149-4954-8f6f-093764bed48b,5b0fa12a-3dd7-45bb-9766-cc326314d9f1,4538.062665240002,0.0011543797145286087,2.5437720888491905e-07,4.14490181713101,0.0,10.0,0.00523198373790575,0.0,0.012603892714272286,0.017835876452178014,0.0,Canada,CAN,ontario,,,macOS-15.7.9-x86_64-i386-64bit,3.11.15,3.3.0,8,Intel(R) Core(TM) i7-1060NG7 CPU @ 1.20GHz,0,,-79.4057,43.709,16.0,machine,3.534589800443459,0,67.50170731707433,8.086541739588567,N,1.0,0.0
2026-09-26T03:06:03,codecarbon,7b39bea9-b149-4954-8f6f-093764bed48b,5b0fa12a-3dd7-45bb-9766-cc326314d9f1,4553.0867030459995,0.0011591909311376642,2.545945216378527e-07,4.156786401613723,0.0,10.0,0.0052645967318215,0.0,0.012645615975527845,0.017910212707349323,0.0,Canada,CAN,ontario,,,macOS-15.7.9-x86_64-i386-64bit,3.11.15,3.3.0,8,Intel(R) Core(TM) i7-1060NG7 CPU @ 1.20GHz,0,,-79.4057,43.709,16.0,machine,3.5228729281767954,0,67.50793370165862,8.085834195468966,N,1.0,0.0
2026-09-26T03:06:18,codecarbon,7b39bea9-b149-4954-8f6f-093764bed48b,5b0fa12a-3dd7-45bb-9766-cc326314d9f1,4568.112350790001,0.0011638393110414446,2.5477466876228914e-07,4.166779336897751,0.0,10.0,0.005294685032838131,0.0,0.012687348002452846,0.017982033035290956,0.0,Canada,CAN,ontario,,,macOS-15.7.9-x86_64-i386-64bit,3.11.15,3.3.0,8,Intel(R) Core(TM) i7-1060NG7 CPU @ 1.20GHz,0,,-79.4057,43.709,16.0,machine,3.5112334801762115,0,67.51409691630076,8.085112854037517,N,1.0,0.0
2026-09-26T03:06:33,codecarbon,7b39bea9-b149-4954-8f6f-093764bed48b,5b0fa12a-3dd7-45bb-9766-cc326314d9f1,4583.156305224002,0.0011686224775952678,2.54982025435886e-07,4.178316729525253,0.0,10.0,0.005326803002193376,0.0,0.01272913289766675,0.018055935899860105,0.0,Canada,CAN,ontario,,,macOS-15.7.9-x86_64-i386-64bit,3.11.15,3.3.0,8,Intel(R) Core(TM) i7-1060NG7 CPU @ 1.20GHz,0,,-79.4057,43.709,16.0,machine,3.5216245883644346,0,67.52035126235027,8.084428153681834,N,1.0,0.0
2026-09-26T03:06:48,codecarbon,7b39bea9-b149-4954-8f6f-093764bed48b,5b0fa12a-3dd7-45bb-9766-cc326314d9f1,4598.173453154999,0.0011733902776958924,2.551861711286207e-07,4.189732014686346,0.0,10.0,0.00535875974705853,0.0,0.012770841596219534,0.018129601343278044,0.0,Canada,CAN,ontario,,,macOS-15.7.9-x86_64-i386-64bit,3.11.15,3.3.0,8,Intel(R) Core(TM) i7-1060NG7 CPU @ 1.20GHz,0,,-79.4057,43.709,16.0,machine,3.5100656455142234,0,67.52684901531849,8.083766602530781,N,1.0,0.0
2026-09-26T03:07:03,codecarbon,7b39bea9-b149-4954-8f6f-093764bed48b,5b0fa12a-3dd7-45bb-9766-cc326314d9f1,4613.197346526002,0.0011780771797441675,2.553710780726357e-07,4.200006462108504,0.0,10.0,0.005389449256715477,0.0,0.012812567605325089,0.01820201686204054,0.0,Canada,CAN,ontario,,,macOS-15.7.9-x86_64-i386-64bit,3.11.15,3.3.0,8,Intel(R) Core(TM) i7-1060NG7 CPU @ 1.20GHz,0,,-79.4057,43.709,16.0,machine,3.564013086150491,0,67.5331297709936,8.08307163151166,N,1.0,0.0
2026-09-26T03:07:18,codecarbon,7b39bea9-b149-4954-8f6f-093764bed48b,5b0fa12a-3dd7-45bb-9766-cc326314d9f1,4628.236752700999,0.0011827101705671162,2.5554227965475115e-07,4.20953696996849,0.0,10.0,0.0054192601656006135,0.0,0.012854339253619534,0.01827359941922012,0.0,Canada,CAN,ontario,,,macOS-15.7.9-x86_64-i386-64bit,3.11.15,3.3.0,8,Intel(R) Core(TM) i7-1060NG7 CPU @ 1.20GHz,0,,-79.4057,43.709,16.0,machine,3.553163731245923,0,67.53859534681577,8.082371993126053,N,1.0,0.0
2026-09-26T03:07:33,codecarbon,7b39bea9-b149-4954-8f6f-093764bed48b,5b0fa12a-3dd7-45bb-9766-cc326314d9f1,4643.261687709,0.00118744957998282,2.5573608808783534e-07,4.220439552993711,0.0,10.0,0.0054507548627199,0.0,0.012896071346377876,0.018346826209097746,0.0,Canada,CAN,ontario,,,macOS-15.7.9-x86_64-i386-64bit,3.11.15,3.3.0,8,Intel(R) Core(TM) i7-1060NG7 CPU @ 1.20GHz,0,,-79.4057,43.709,16.0,machine,3.5632856523623753,0,67.54471174685865,8.081639653219513,N,1.0,0.0
2026-09-26T03:07:48,codecarbon,7b39bea9-b149-4954-8f6f-093764bed48b,5b0fa12a-3dd7-45bb-9766-cc326314d9f1,4658.286656404001,0.0011920307860393343,2.558946827371786e-07,4.22905148217415,0.0,10.0,0.005479806231633495,0.0,0.01293780242815844,0.018417608659791907,0.0,Canada,CAN,ontario,,,macOS-15.7.9-x86_64-i386-64bit,3.11.15,3.3.0,8,Intel(R) Core(TM) i7-1060NG7 CPU @ 1.20GHz,0,,-79.4057,43.709,16.0,machine,3.551739036508965,0,67.55113415424624,8.08082275324698,N,1.0,0.0
2026-09-26T03:08:03,codecarbon,7b39bea9-b149-4954-8f6f-093764bed48b,5b0fa12a-3dd7-45bb-9766-cc326314d9f1,4673.309968415,0.001196571158796797,2.5604361082058204e-07,4.237438568781616,0.0,10.0,0.00550823069026158,0.0,0.012979529520644543,0.018487760210906097,0.0,Canada,CAN,ontario,,,macOS-15.7.9-x86_64-i386-64bit,3.11.15,3.3.0,8,Intel(R) Core(TM) i7-1060NG7 CPU @ 1.20GHz,0,,-79.4057,43.709,16.0,machine,3.5833333333333335,0,67.55753660637507,8.079952124990747,N,1.0,0.0
2026-09-26T03:08:18,codecarbon,7b39bea9-b149-4954-8f6f-093764bed48b,5b0fa12a-3dd7-45bb-9766-cc326314d9f1,4688.333592270003,0.0012012571187517127,2.562226204919191e-07,4.247297223557995,0.0,10.0,0.00553890565118569,0.0,0.013021255522561209,0.018560161173746873,0.0,Canada,CAN,ontario,,,macOS-15.7.9-x86_64-i386-64bit,3.11.15,3.3.0,8,Intel(R) Core(TM) i7-1060NG7 CPU @ 1.20GHz,0,,-79.4057,43.709,16.0,machine,3.5717965228589827,0,67.56439150032323,8.079186860571912,N,1.0,0.0
2026-09-26T03:08:33,codecarbon,7b39bea9-b149-4954-8f6f-093764bed48b,5b0fa12a-3dd7-45bb-9766-cc326314d9f1,4703.354430618001,0.0012058479742604565,2.5638041785892227e-07,4.256064095644253,0.0,10.0,0.005568116379706094,0.0,0.013062976334705646,0.018631092714411716,0.0,Canada,CAN,ontario,,,macOS-15.7.9-x86_64-i386-64bit,3.11.15,3.3.0,8,Intel(R) Core(TM) i7-1060NG7 CPU @ 1.20GHz,0,,-79.4057,43.709,16.0,machine,3.5817287120239625,0,67.57079589217066,8.078362243319354,N,1.0,0.0
2026-09-26T03:08:48,codecarbon,7b39bea9-b149-4954-8f6f-093764bed48b,5b0fa12a-3dd7-45bb-9766-cc326314d9f1,4718.3792944960005,0.0012103994198257675,2.5652863923799023e-07,4.264310638502163,0.0,10.0,0.005596707682818882,0.0,0.013104707664397305,0.018701415347216165,0.0,Canada,CAN,ontario,,,macOS-15.7.9-x86_64-i386-64bit,3.11.15,3.3.0,8,Intel(R) Core(TM) i7-1060NG7 CPU @ 1.20GHz,0,,-79.4057,43.709,16.0,machine,3.5821245733788394,0,67.57653583617869,8.077779423254748,N,1.0,0.0
2026-09-26T03:09:03,codecarbon,7b39bea9-b149-4954-8f6f-093764bed48b,5b0fa12a-3dd7-45bb-9766-cc326314d9f1,4733.395869289001,0.0012146745465654429,2.566179926860624e-07,4.269203537194345,0.0,10.0,0.005621054015603309,0.0,0.013146414668644526,0.01876746868424781,0.0,Canada,CAN,ontario,,,macOS-15.7.9-x86_64-i386-64bit,3.11.15,3.3.0,8,Intel(R) Core(TM) i7-1060NG7 CPU @ 1.20GHz,0,,-79.4057,43.709,16.0,machine,3.5919625770784607,0,67.58311715926122,8.077294205493834,N,1.0,0.0
2026-09-26T03:09:18,codecarbon,7b39bea9-b149-4954-8f6f-093764bed48b,5b0fa12a-3dd7-45bb-9766-cc326314d9f1,4748.419935499001,0.0012190410808631405,2.56725626086614e-07,4.275454545749813,0.0,10.0,0.005646797527687869,0.0,0.01318813679657231,0.01883493432426015,0.0,Canada,CAN,ontario,,,macOS-15.7.9-x86_64-i386-64bit,3.11.15,3.3.0,8,Intel(R) Core(TM) i7-1060NG7 CPU @ 1.20GHz,0,,-79.4057,43.709,16.0,machine,3.5805426027977956,0,67.58919033488884,8.076733220073317,N,1.0,0.0
2026-09-26T03:09:33,codecarbon,7b39bea9-b149-4954-8f6f-093764bed48b,5b0fa12a-3dd7-45bb-9766-cc326314d9f1,4763.442956577001,0.0012234494038879053,2.5684140967798496e-07,4.2819903567339095,0.0,10.0,0.005673183156052758,0.0,0.013229862469750085,0.018903045625802816,0.0,Canada,CAN,ontario,,,macOS-15.7.9-x86_64-i386-64bit,3.11.15,3.3.0,8,Intel(R) Core(TM) i7-1060NG7 CPU @ 1.20GHz,0,,-79.4057,43.709,16.0,machine,3.5797591379674625,0,67.59539404183512,8.0761973342557,N,1.0,0.0
2026-09-26T03:09:48,codecarbon,7b39bea9-b149-4954-8f6f-093764bed48b,5b0fa12a-3dd7-45bb-9766-cc326314d9f1,4778.563383357003,0.001227689459470146,2.56916014496323e-07,4.286186629695767,0.0,10.0,0.005696816648391291,0.0,0.013271740443494525,0.01896855709188579,0.0,Canada,CAN,ontario,,,macOS-15.7.9-x86_64-i386-64bit,3.11.15,3.3.0,8,Intel(R) Core(TM) i7-1060NG7 CPU @ 1.20GHz,0,,-79.4057,43.709,16.0,machine,3.590267537392037,0,67.6005898462199,8.075632602811387,N,1.0,0.0
2026-09-26T03:10:03,codecarbon,7b39bea9-b149-4954-8f6f-093764bed48b,5b0fa12a-3dd7-45bb-9766-cc326314d9f1,4793.606180023002,0.0012319652168113135,2.570017582890804e-07,4.290995781694896,0.0,10.0,0.0057210975617843236,0.0,0.013313522610313969,0.019034620172098265,0.0,Canada,CAN,ontario,,,macOS-15.7.9-x86_64-i386-64bit,3.11.15,3.3.0,8,Intel(R) Core(TM) i7-1060NG7 CPU @ 1.20GHz,0,,-79.4057,43.709,16.0,machine,3.620957580848383,0,67.60602687946368,8.07501242732561,N,1.0,0.0
2026-09-26T03:10:18,codecarbon,7b39bea9-b149-4954-8f6f-093764bed48b,5b0fa12a-3dd7-45bb-9766-cc326314d9f1,4808.619626325002,0.0012361317293806539,2.5706581627155445e-07,4.294586228528493,0.0,10.0,0.005743772795380296,0.0,0.013355222558027853,0.019098995353408123,0.0,Canada,CAN,ontario,,,macOS-15.7.9-x86_64-i386-64bit,3.11.15,3.3.0,8,Intel(R) Core(TM) i7-1060NG7 CPU @ 1.20GHz,0,,-79.4057,43.709,16.0,machine,3.6095876072849067,0,67.6111994975939,8.074363294046046,N,1.0,0.0
2026-09-26T03:10:33,codecarbon,7b39bea9-b149-4954-8f6f-093764bed48b,5b0fa12a-3dd7-45bb-9766-cc326314d9f1,4823.657114873,0.0012403872883245204,2.5714665424703974e-07,4.299071445920317,0.0,10.0,0.005767756116047756,0.0,0.01339699023991397,0.019164746355961697,0.0,Canada,CAN,ontario,,,macOS-15.7.9-x86_64-i386-64bit,3.11.15,3.3.0,8,Intel(R) Core(TM) i7-1060NG7 CPU @ 1.20GHz,0,,-79.4057,43.709,16.0,machine,3.6191569282136893,0,67.61761268781429,8.07362482663188,N,1.0,0.0
2026-09-26T03:10:48,codecarbon,7b39bea9-b149-4954-8f6f-093764bed48b,5b0fa12a-3dd7-45bb-9766-cc326314d9f1,4838.671418807,0.0012446996903155054,2.572399699383581e-07,4.304250596657929,0.0,10.0,0.005792684567111585,0.0,0.013438691051436191,0.019231375618547746,0.0,Canada,CAN,ontario,,,macOS-15.7.9-x86_64-i386-64bit,3.11.15,3.3.0,8,Intel(R) Core(TM) i7-1060NG7 CPU @ 1.20GHz,0,,-79.4057,43.709,16.0,machine,3.6182650301643435,0,67.62467235282004,8.07278438494313,N,1.0,0.0
2026-09-26T03:11:03,codecarbon,7b39bea9-b149-4954-8f6f-093764bed48b,5b0fa12a-3dd7-45bb-9766-cc326314d9f1,4853.685730704001,0.0012489810490467492,2.5732631207368906e-07,4.309054220587272,0.0,10.0,0.005817130711361859,0.0,0.01348039453231953,0.019297525243681363,0.0,Canada,CAN,ontario,,,macOS-15.7.9-x86_64-i386-64bit,3.11.15,3.3.0,8,Intel(R) Core(TM) i7-1060NG7 CPU @ 1.20GHz,0,,-79.4057,43.709,16.0,machine,3.6173786810452095,0,67.63226876814718,8.071823670724674,N,1.0,0.0
2026-09-26T03:11:18,codecarbon,7b39bea9-b149-4954-8f6f-093764bed48b,5b0fa12a-3dd7-45bb-9766-cc326314d9f1,4868.700544538002,0.001253240752530373,2.5740764729026783e-07,4.313563013712117,0.0,10.0,0.005841242513742172,0.0,0.013522097768180643,0.019363340281922787,0.0,Canada,CAN,ontario,,,macOS-15.7.9-x86_64-i386-64bit,3.11.15,3.3.0,8,Intel(R) Core(TM) i7-1060NG7 CPU @ 1.20GHz,0,,-79.4057,43.709,16.0,machine,3.606160843498036,0,67.64008683068134,8.070837958972513,N,1.0,0.0
2026-09-26T03:11:33,codecarbon,7b39bea9-b149-4954-8f6f-093764bed48b,5b0fa12a-3dd7-45bb-9766-cc326314d9f1,4883.716508378002,0.0012575657711680367,2.575017958169124e-07,4.318841411445106,0.0,10.0,0.005866367677613873,0.0,0.01356379680184453,0.01943016447945838,0.0,Canada,CAN,ontario,,,macOS-15.7.9-x86_64-i386-64bit,3.11.15,3.3.0,8,Intel(R) Core(TM) i7-1060NG7 CPU @ 1.20GHz,0,,-79.4057,43.709,16.0,machine,3.6156224237427863,0,67.64886644682721,8.0696893135379,N,1.0,0.0
2026-09-26T03:11:48,codecarbon,7b39bea9-b149-4954-8f6f-093764bed48b,5b0fa12a-3dd7-45bb-9766-cc326314d9f1,4898.7304367450015,0.0012619003117944505,2.5759741796140344e-07,4.324206524352778,0.0,10.0,0.005891637843417119,0.0,0.013605497954158417,0.019497135797575515,0.0,Canada,CAN,ontario,,,macOS-15.7.9-x86_64-i386-64bit,3.11.15,3.3.0,8,Intel(R) Core(TM) i7-1060NG7 CPU @ 1.20GHz,0,,-79.4057,43.709,16.0,machine,3.645572221080748,0,67.65882473803279,8.068331278543686,N,1.0,0.0
2026-09-26T03:12:03,codecarbon,7b39bea9-b149-4954-8f6f-093764bed48b,5b0fa12a-3dd7-45bb-9766-cc326314d9f1,4913.747811793,0.0012662924409961081,2.5770399489306407e-07,4.330078217036194,0.0,10.0,0.005917806285970827,0.0,0.013647190608622302,0.01956499689459311,0.0,Canada,CAN,ontario,,,macOS-15.7.9-x86_64-i386-64bit,3.11.15,3.3.0,8,Intel(R) Core(TM) i7-1060NG7 CPU @ 1.20GHz,0,,-79.4057,43.709,16.0,machine,3.6556033599672197,0,67.66857201393267,8.067001906263854,N,1.0,0.0
2026-09-26T03:12:18,codecarbon,7b39bea9-b149-4954-8f6f-093764bed48b,5b0fa12a-3dd7-45bb-9766-cc326314d9f1,4928.828358486,0.0012706977242633154,2.578092868816472e-07,4.336104723900376,0.0,10.0,0.0059441205606288764,0.0,0.013688940669383417,0.019633061230012273,0.0,Canada,CAN,ontario,,,macOS-15.7.9-x86_64-i386-64bit,3.11.15,3.3.0,8,Intel(R) Core(TM) i7-1060NG7 CPU @ 1.20GHz,0,,-79.4057,43.709,16.0,machine,3.6852532679738563,0,67.67837009804035,8.06556461449542,N,1.0,0.0
2026-09-26T03:12:33,codecarbon,7b39bea9-b149-4954-8f6f-093764bed48b,5b0fa12a-3dd7-45bb-9766-cc326314d9f1,4943.895502725001,0.0012753983589147888,2.57974376321629e-07,4.345298240422075,0.0,10.0,0.005974767692633157,0.0,0.01373092123330564,0.019705688925938776,0.0,Canada,CAN,ontario,,,macOS-15.7.9-x86_64-i386-64bit,3.11.15,3.3.0,8,Intel(R) Core(TM) i7-1060NG7 CPU @ 1.20GHz,0,,-79.4057,43.709,16.0,machine,3.714722052535125,0,67.68582773366028,8.06429513237234,N,1.0,0.0
2026-09-26T03:12:49,codecarbon,7b39bea9-b149-4954-8f6f-093764bed48b,5b0fa12a-3dd7-45bb-9766-cc326314d9f1,4958.912454916001,0.0012800395570062783,2.581290895219002e-07,4.3538909269696635,0.0,10.0,0.00600476769644191,0.0,0.013772630594022315,0.019777398290464203,0.0,Canada,CAN,ontario,,,macOS-15.7.9-x86_64-i386-64bit,3.11.15,3.3.0,8,Intel(R) Core(TM) i7-1060NG7 CPU @ 1.20GHz,0,,-79.4057,43.709,16.0,machine,3.703410475030451,0,67.69092570036659,8.063397620104698,N,1.0,0.0
2026-09-26T03:13:04,codecarbon,7b39bea9-b149-4954-8f6f-093764bed48b,5b0fa12a-3dd7-45bb-9766-cc326314d9f1,4973.923206034,0.0012843107589177245,2.582088033365076e-07,4.358279627340192,0.0,10.0,0.006029068884127821,0.0,0.013814322102358419,0.019843390986486215,0.0,Canada,CAN,ontario,,,macOS-15.7.9-x86_64-i386-64bit,3.11.15,3.3.0,8,Intel(R) Core(TM) i7-1060NG7 CPU @ 1.20GHz,0,,-79.4057,43.709,16.0,machine,3.712406395466505,0,67.69668083384047,8.062631172777742,N,1.0,0.0
2026-09-26T03:13:19,codecarbon,7b39bea9-b149-4954-8f6f-093764bed48b,5b0fa12a-3dd7-45bb-9766-cc326314d9f1,4988.938218629002,0.0012884938444687472,2.5827015449047493e-07,4.361693484064583,0.0,10.0,0.0060519959533875504,0.0,0.013856026277166764,0.01990802223055429,0.0,Canada,CAN,ontario,,,macOS-15.7.9-x86_64-i386-64bit,3.11.15,3.3.0,8,Intel(R) Core(TM) i7-1060NG7 CPU @ 1.20GHz,0,,-79.4057,43.709,16.0,machine,3.701170298627926,0,67.70260290557016,8.061915060509781,N,1.0,0.0
2026-09-26T03:13:34,codecarbon,7b39bea9-b149-4954-8f6f-093764bed48b,5b0fa12a-3dd7-45bb-9766-cc326314d9f1,5003.953255811,0.0012927409815945425,2.5834393638535807e-07,4.365839172671885,0.0,10.0,0.00607591219599254,0.0,0.013897730914847318,0.019973643110839833,0.0,Canada,CAN,ontario,,,macOS-15.7.9-x86_64-i386-64bit,3.11.15,3.3.0,8,Intel(R) Core(TM) i7-1060NG7 CPU @ 1.20GHz,0,,-79.4057,43.709,16.0,machine,3.700060350030175,0,67.70848923757909,8.061182235045539,N,1.0,0.0
2026-09-26T03:13:49,codecarbon,7b39bea9-b149-4954-8f6f-093764bed48b,5b0fa12a-3dd7-45bb-9766-cc326314d9f1,5019.011864661999,0.0012970854182198907,2.584344196020827e-07,4.370864891313225,0.0,10.0,0.006101213008259117,0.0,0.013939554319966758,0.02004076732822585,0.0,Canada,CAN,ontario,,,macOS-15.7.9-x86_64-i386-64bit,3.11.15,3.3.0,8,Intel(R) Core(TM) i7-1060NG7 CPU @ 1.20GHz,0,,-79.4057,43.709,16.0,machine,3.7089851584436424,0,67.71456077015758,8.060480746694994,N,1.0,0.0
2026-09-26T03:14:04,codecarbon,7b39bea9-b149-4954-8f6f-093764bed48b,5b0fa12a-3dd7-45bb-9766-cc326314d9f1,5034.031996166999,0.0013013250735494674,2.5850552291688237e-07,4.374854792900369,0.0,10.0,0.006124999483853411,0.0,0.013981273126305647,0.020106272610159036,0.0,Canada,CAN,ontario,,,macOS-15.7.9-x86_64-i386-64bit,3.11.15,3.3.0,8,Intel(R) Core(TM) i7-1060NG7 CPU @ 1.20GHz,0,,-79.4057,43.709,16.0,machine,3.7178564287142573,0,67.72023595281055,8.059711926175556,N,1.0,0.0
2026-09-26T03:14:19,codecarbon,7b39bea9-b149-4954-8f6f-093764bed48b,5b0fa12a-3dd7-45bb-9766-cc326314d9f1,5049.047343348,0.0013057074090972278,2.586047070478486e-07,4.3804110798825375,0.0,10.0,0.0061510040007375505,0.0,0.01402297838846398,0.020173982389201508,0.0,Canada,CAN,ontario,,,macOS-15.7.9-x86_64-i386-64bit,3.11.15,3.3.0,8,Intel(R) Core(TM) i7-1060NG7 CPU @ 1.20GHz,0,,-79.4057,43.709,16.0,machine,3.706738437001595,0,67.72603668261674,8.058957402595873,N,1.0,0.0
2026-09-26T03:14:34,codecarbon,7b39bea9-b149-4954-8f6f-093764bed48b,5b0fa12a-3dd7-45bb-9766-cc326314d9f1,5064.065746313001,0.0013100836826795486,2.5870194983810833e-07,4.385850800089107,0.0,10.0,0.0061769068607446295,0.0,0.014064691646405643,0.020241598507150252,0.0,Canada,CAN,ontario,,,macOS-15.7.9-x86_64-i386-64bit,3.11.15,3.3.0,8,Intel(R) Core(TM) i7-1060NG7 CPU @ 1.20GHz,0,,-79.4057,43.709,16.0,machine,3.6964214711729624,0,67.73151093439475,8.058270769517417,N,1.0,0.0
2026-09-26T03:14:49,codecarbon,7b39bea9-b149-4954-8f6f-093764bed48b,5b0fa12a-3dd7-45bb-9766-cc326314d9f1,5079.078613311001,0.0013145100894727067,2.588087701630967e-07,4.391803606272005,0.0,10.0,0.00620359902828478,0.0,0.014106390185750085,0.020309989214034846,0.0,Canada,CAN,ontario,,,macOS-15.7.9-x86_64-i386-64bit,3.11.15,3.3.0,8,Intel(R) Core(TM) i7-1060NG7 CPU @ 1.20GHz,0,,-79.4057,43.709,16.0,machine,3.715163528245788,0,67.7371456888019,8.057505083036848,N,1.0,0.0
2026-09-26T03:15:04,codecarbon,7b39bea9-b149-4954-8f6f-093764bed48b,5b0fa12a-3dd7-45bb-9766-cc326314d9f1,5094.133784646001,0.0013192979179908705,2.589837593129782e-07,4.401543090556919,0.0,10.0,0.006235856020614214,0.0,0.014148108088205644,0.02038396410881984,0.0,Canada,CAN,ontario,,,macOS-15.7.9-x86_64-i386-64bit,3.11.15,3.3.0,8,Intel(R) Core(TM) i7-1060NG7 CPU @ 1.20GHz,0,,-79.4057,43.709,16.0,machine,3.723913043478261,0,67.74387351778765,8.056650511549396,N,1.0,0.0
2026-09-26T03:15:19,codecarbon,7b39bea9-b149-4954-8f6f-093764bed48b,5b0fa12a-3dd7-45bb-9766-cc326314d9f1,5109.1794221730015,0.0013238207811876559,2.5910634013800544e-07,4.408342173868646,0.0,10.0,0.006263948068548782,0.0,0.014189897057905649,0.020453845126454415,0.0,Canada,CAN,ontario,,,macOS-15.7.9-x86_64-i386-64bit,3.11.15,3.3.0,8,Intel(R) Core(TM) i7-1060NG7 CPU @ 1.20GHz,0,,-79.4057,43.709,16.0,machine,3.7326108374384237,0,67.75064039408973,8.055737442993765,N,1.0,0.0
2026-09-26T03:15:34,codecarbon,7b39bea9-b149-4954-8f6f-093764bed48b,5b0fa12a-3dd7-45bb-9766-cc326314d9f1,5124.265077446002,0.001328436596313463,2.5924431625531216e-07,4.416033019708562,0.0,10.0,0.006293377064692901,0.0,0.014231785243858416,0.020525162308551302,0.0,Canada,CAN,ontario,,,macOS-15.7.9-x86_64-i386-64bit,3.11.15,3.3.0,8,Intel(R) Core(TM) i7-1060NG7 CPU @ 1.20GHz,0,,-79.4057,43.709,16.0,machine,3.7609037328094304,0,67.75793713163168,8.054865907170683,N,1.0,0.0
2026-09-26T03:15:49,codecarbon,7b39bea9-b149-4954-8f6f-093764bed48b,5b0fa12a-3dd7-45bb-9766-cc326314d9f1,5139.308991839,0.0013331279432373328,2.5939828590853017e-07,4.424542050642552,0.0,10.0,0.006324077553377732,0.0,0.01427356894999731,0.020597646503375026,0.0,Canada,CAN,ontario,,,macOS-15.7.9-x86_64-i386-64bit,3.11.15,3.3.0,8,Intel(R) Core(TM) i7-1060NG7 CPU @ 1.20GHz,0,,-79.4057,43.709,16.0,machine,3.7616062683643485,0,67.7646816846239,8.05393308364913,N,1.0,0.0
2026-09-26T03:16:04,codecarbon,7b39bea9-b149-4954-8f6f-093764bed48b,5b0fa12a-3dd7-45bb-9766-cc326314d9f1,5154.327551443999,0.0013379105352191796,2.595703361623497e-07,4.434177011236897,0.0,10.0,0.0063562646410759704,0.0,0.014315275849377862,0.02067154049045382,0.0,Canada,CAN,ontario,,,macOS-15.7.9-x86_64-i386-64bit,3.11.15,3.3.0,8,Intel(R) Core(TM) i7-1060NG7 CPU @ 1.20GHz,0,,-79.4057,43.709,16.0,machine,3.770853682359836,0,67.77095135768802,8.053105072063216,N,1.0,0.0
2026-09-26T03:16:19,codecarbon,7b39bea9-b149-4954-8f6f-093764bed48b,5b0fa12a-3dd7-45bb-9766-cc326314d9f1,5169.349022932001,0.0013425063165284391,2.597051022426386e-07,4.441678689651884,0.0,10.0,0.006385554319779477,0.0,0.014356993817986184,0.02074254813776565,0.0,Canada,CAN,ontario,,,macOS-15.7.9-x86_64-i386-64bit,3.11.15,3.3.0,8,Intel(R) Core(TM) i7-1060NG7 CPU @ 1.20GHz,0,,-79.4057,43.709,16.0,machine,3.7598363848850798,0,67.77717179587167,8.052271988218195,N,1.0,0.0
2026-09-26T03:16:34,codecarbon,7b39bea9-b149-4954-8f6f-093764bed48b,5b0fa12a-3dd7-45bb-9766-cc326314d9f1,5184.371674600003,0.0013471943757146733,2.5985682745607073e-07,4.450131127160851,0.0,10.0,0.006416264761046114,0.0,0.01439871677397507,0.020814981535021173,0.0,Canada,CAN,ontario,,,macOS-15.7.9-x86_64-i386-64bit,3.11.15,3.3.0,8,Intel(R) Core(TM) i7-1060NG7 CPU @ 1.20GHz,0,,-79.4057,43.709,16.0,machine,3.787725771994562,0,67.78254029908821,8.051359785253688,N,1.0,0.0
2026-09-26T03:16:49,codecarbon,7b39bea9-b149-4954-8f6f-093764bed48b,5b0fa12a-3dd7-45bb-9766-cc326314d9f1,5199.396926162,0.001352002596021753,2.600306564822606e-07,4.459762367208294,0.0,10.0,0.006448823371414936,0.0,0.014440448124069517,0.02088927149548444,0.0,Canada,CAN,ontario,,,macOS-15.7.9-x86_64-i386-64bit,3.11.15,3.3.0,8,Intel(R) Core(TM) i7-1060NG7 CPU @ 1.20GHz,0,,-79.4057,43.709,16.0,machine,3.7767234701781565,0,67.7886715724255,8.050581208871003,N,1.0,0.0
2026-09-26T03:17:04,codecarbon,7b39bea9-b149-4954-8f6f-093764bed48b,5b0fa12a-3dd7-45bb-9766-cc326314d9f1,5214.416466971001,0.0013567116598537329,2.6018475287644836e-07,4.468336493218054,0.0,10.0,0.006479865778683066,0.0,0.01448216364875007,0.020962029427433124,0.0,Canada,CAN,ontario,,,macOS-15.7.9-x86_64-i386-64bit,3.11.15,3.3.0,8,Intel(R) Core(TM) i7-1060NG7 CPU @ 1.20GHz,0,,-79.4057,43.709,16.0,machine,3.805137118578602,0,67.7943221320984,8.049817925486707,N,1.0,0.0
2026-09-26T03:17:19,codecarbon,7b39bea9-b149-4954-8f6f-093764bed48b,5b0fa12a-3dd7-45bb-9766-cc326314d9f1,5229.435806961999,0.0013614015493696072,2.603343074901426e-07,4.476655316258461,0.0,10.0,0.006510609881120944,0.0,0.014523881223286182,0.021034491104407114,0.0,Canada,CAN,ontario,,,macOS-15.7.9-x86_64-i386-64bit,3.11.15,3.3.0,8,Intel(R) Core(TM) i7-1060NG7 CPU @ 1.20GHz,0,,-79.4057,43.709,16.0,machine,3.794145965723089,0,67.80061621413545,8.049043389108629,N,1.0,0.0
2026-09-26T03:17:34,codecarbon,7b39bea9-b149-4954-8f6f-093764bed48b,5b0fa12a-3dd7-45bb-9766-cc326314d9f1,5244.470253295,0.0013661447876877014,2.6049242758682426e-07,4.485493974427106,0.0,10.0,0.006542155267364447,0.0,0.014565621785816746,0.02110777705318118,0.0,Canada,CAN,ontario,,,macOS-15.7.9-x86_64-i386-64bit,3.11.15,3.3.0,8,Intel(R) Core(TM) i7-1060NG7 CPU @ 1.20GHz,0,,-79.4057,43.709,16.0,machine,3.8024193548387095,0,67.80677803379524,8.048264222211003,N,1.0,0.0
2026-09-26T03:17:49,codecarbon,7b39bea9-b149-4954-8f6f-093764bed48b,5b0fa12a-3dd7-45bb-9766-cc326314d9f1,5259.5014412260025,0.0013712731995147646,2.607230390253715e-07,4.4983822824298825,0.0,10.0,0.006579639775845709,0.0,0.01460737439367786,0.02118701416952356,0.0,Canada,CAN,ontario,,,macOS-15.7.9-x86_64-i386-64bit,3.11.15,3.3.0,8,Intel(R) Core(TM) i7-1060NG7 CPU @ 1.20GHz,0,,-79.4057,43.709,16.0,machine,3.810645223051886,0,67.81307677580043,8.047472990862419,N,1.0,0.0
2026-09-26T03:18:04,codecarbon,7b39bea9-b149-4954-8f6f-093764bed48b,5b0fa12a-3dd7-45bb-9766-cc326314d9f1,5274.524656504,0.0013761243426263896,2.6090016299942685e-07,4.50822031388186,0.0,10.0,0.006612866264047613,0.0,0.014649101049663967,0.02126196731371157,0.0,Canada,CAN,ontario,,,macOS-15.7.9-x86_64-i386-64bit,3.11.15,3.3.0,8,Intel(R) Core(TM) i7-1060NG7 CPU @ 1.20GHz,0,,-79.4057,43.709,16.0,machine,3.818823978617793,0,67.81937762504882,8.046675826630187,N,1.0,0.0
2026-09-26T03:18:19,codecarbon,7b39bea9-b149-4954-8f6f-093764bed48b,5b0fa12a-3dd7-45bb-9766-cc326314d9f1,5289.553021391002,0.0013808929242841888,2.610604182810617e-07,4.517116591329003,0.0,10.0,0.006644802439712836,0.0,0.014690842392955632,0.02133564483266846,0.0,Canada,CAN,ontario,,,macOS-15.7.9-x86_64-i386-64bit,3.11.15,3.3.0,8,Intel(R) Core(TM) i7-1060NG7 CPU @ 1.20GHz,0,,-79.4057,43.709,16.0,machine,3.8086443259710587,0,67.8249428789044,8.045902618995079,N,1.0,0.0
2026-09-26T03:18:34,codecarbon,7b39bea9-b149-4954-8f6f-093764bed48b,5b0fa12a-3dd7-45bb-9766-cc326314d9f1,5304.5745897550005,0.0013857622722205241,2.6123909632582385e-07,4.527060092085639,0.0,10.0,0.0066783143712261985,0.0,0.014732564881366744,0.021410879252592937,0.0,Canada,CAN,ontario,,,macOS-15.7.9-x86_64-i386-64bit,3.11.15,3.3.0,8,Intel(R) Core(TM) i7-1060NG7 CPU @ 1.20GHz,0,,-79.4057,43.709,16.0,machine,3.816783747864059,0,67.8309663945331,8.0450958902342,N,1.0,0.0
2026-09-26T03:18:49,codecarbon,7b39bea9-b149-4954-8f6f-093764bed48b,5b0fa12a-3dd7-45bb-9766-cc326314d9f1,5319.593884637001,0.001390458436133308,2.6138432111311265e-07,4.535140317023621,0.0,10.0,0.006709157006629655,0.0,0.014774280866227847,0.021483437872857496,0.0,Canada,CAN,ontario,,,macOS-15.7.9-x86_64-i386-64bit,3.11.15,3.3.0,8,Intel(R) Core(TM) i7-1060NG7 CPU @ 1.20GHz,0,,-79.4057,43.709,16.0,machine,3.8248769405528207,0,67.837069291936,8.044324217669578,N,1.0,0.0
2026-09-26T03:19:04,codecarbon,7b39bea9-b149-4954-8f6f-093764bed48b,5b0fa12a-3dd7-45bb-9766-cc326314d9f1,5334.613698731002,0.001395178628240339,2.615332069072263e-07,4.543430246912162,0.0,10.0,0.006740370283029325,0.0,0.01481599746046951,0.02155636774349883,0.0,Canada,CAN,ontario,,,macOS-15.7.9-x86_64-i386-64bit,3.11.15,3.3.0,8,Intel(R) Core(TM) i7-1060NG7 CPU @ 1.20GHz,0,,-79.4057,43.709,16.0,machine,3.8140456862374927,0,67.84292996035607,8.043521810527656,N,1.0,0.0
2026-09-26T03:19:19,codecarbon,7b39bea9-b149-4954-8f6f-093764bed48b,5b0fa12a-3dd7-45bb-9766-cc326314d9f1,5349.623388059001,0.0013989228256359178,2.614993101679795e-07,4.541546436130361,0.0,10.0,0.006756532122724183,0.0,0.014857685772955627,0.021614217895679803,0.0,Canada,CAN,ontario,,,macOS-15.7.9-x86_64-i386-64bit,3.11.15,3.3.0,8,Intel(R) Core(TM) i7-1060NG7 CPU @ 1.20GHz,0,,-79.4057,43.709,16.0,machine,3.8221009036144578,0,67.8488516566277,8.042752655873816,N,1.0,0.0
2026-09-26T03:19:34,codecarbon,7b39bea9-b149-4954-8f6f-093764bed48b,5b0fa12a-3dd7-45bb-9766-cc326314d9f1,5364.632955960002,0.0014026342151278795,2.614594934346031e-07,4.539354880698387,0.0,10.0,0.006772188847180823,0.0,0.014899372298394511,0.02167156114557533,0.0,Canada,CAN,ontario,,,macOS-15.7.9-x86_64-i386-64bit,3.11.15,3.3.0,8,Intel(R) Core(TM) i7-1060NG7 CPU @ 1.20GHz,0,,-79.4057,43.709,16.0,machine,3.8113384644265063,0,67.85472123146354,8.0419849834725,N,1.0,0.0
2026-09-26T03:19:49,codecarbon,7b39bea9-b149-4954-8f6f-093764bed48b,5b0fa12a-3dd7-45bb-9766-cc326314d9f1,5379.643352278999,0.0014063300487958295,2.6141696701883783e-07,4.536998640444278,0.0,10.0,0.00678759917588796,0.0,0.014941064872536181,0.02172866404842413,0.0,Canada,CAN,ontario,,,macOS-15.7.9-x86_64-i386-64bit,3.11.15,3.3.0,8,Intel(R) Core(TM) i7-1060NG7 CPU @ 1.20GHz,0,,-79.4057,43.709,16.0,machine,3.8006364657431675,0,67.86044552602141,8.041207512413148,N,1.0,0.0
2026-09-26T03:20:04,codecarbon,7b39bea9-b149-4954-8f6f-093764bed48b,5b0fa12a-3dd7-45bb-9766-cc326314d9f1,5394.659211588001,0.0014112667989559708,2.616044394286294e-07,4.547599434832471,0.0,10.0,0.006822176980954,0.0,0.01498276289320007,0.02180493987415406,0.0,Canada,CAN,ontario,,,macOS-15.7.9-x86_64-i386-64bit,3.11.15,3.3.0,8,Intel(R) Core(TM) i7-1060NG7 CPU @ 1.20GHz,0,,-79.4057,43.709,16.0,machine,3.789994399850663,0,67.86815381743628,8.04053314733087,N,1.0,0.0
2026-09-26T03:20:19,codecarbon,7b39bea9-b149-4954-8f6f-093764bed48b,5b0fa12a-3dd7-45bb-9766-cc326314d9f1,5409.780708831,0.0014174345367700982,2.6201330757386496e-07,4.570143338837375,0.0,10.0,0.006875478497603682,0.0,0.015024756718505627,0.021900235216109305,0.0,Canada,CAN,ontario,,,macOS-15.7.9-x86_64-i386-64bit,3.11.15,3.3.0,8,Intel(R) Core(TM) i7-1060NG7 CPU @ 1.20GHz,0,,-79.4057,43.709,16.0,machine,3.8104430379746836,0,67.87667535368696,8.04016657507606,N,1.0,0.0
2026-09-26T03:20:34,codecarbon,7b39bea9-b149-4954-8f6f-093764bed48b,5b0fa12a-3dd7-45bb-9766-cc326314d9f1,5424.792973072999,0.0014214900963569722,2.620358239314958e-07,4.571409925012651,0.0,10.0,0.006896443826150553,0.0,0.015066452279461193,0.02196289610561174,0.0,Canada,CAN,ontario,,,macOS-15.7.9-x86_64-i386-64bit,3.11.15,3.3.0,8,Intel(R) Core(TM) i7-1060NG7 CPU @ 1.20GHz,0,,-79.4057,43.709,16.0,machine,3.818396138852794,0,67.88167811397926,8.039366809029913,N,1.0,0.0
2026-09-26T03:20:49,codecarbon,7b39bea9-b149-4954-8f6f-093764bed48b,5b0fa12a-3dd7-45bb-9766-cc326314d9f1,5439.801997412,0.0014261087469967415,2.621618852442086e-07,4.578434509582547,0.0,10.0,0.0069261173014706886,0.0,0.01510813979667231,0.02203425709814299,0.0,Canada,CAN,ontario,,,macOS-15.7.9-x86_64-i386-64bit,3.11.15,3.3.0,8,Intel(R) Core(TM) i7-1060NG7 CPU @ 1.20GHz,0,,-79.4057,43.709,16.0,machine,3.8077934098482045,0,67.88889300259277,8.039012987319737,N,1.0,0.0
2026-09-26T03:21:04,codecarbon,7b39bea9-b149-4954-8f6f-093764bed48b,5b0fa12a-3dd7-45bb-9766-cc326314d9f1,5454.819820635999,0.0014308557364175244,2.623103573475494e-07,4.586709105365815,0.0,10.0,0.006957747734837969,0.0,0.0151498532689223,0.02210760100376026,0.0,Canada,CAN,ontario,,,macOS-15.7.9-x86_64-i386-64bit,3.11.15,3.3.0,8,Intel(R) Core(TM) i7-1060NG7 CPU @ 1.20GHz,0,,-79.4057,43.709,16.0,machine,3.834170204910467,0,67.89357577995315,8.038140048878603,N,1.0,0.0
2026-09-26T03:21:19,codecarbon,7b39bea9-b149-4954-8f6f-093764bed48b,5b0fa12a-3dd7-45bb-9766-cc326314d9f1,5469.8314791850025,0.001434909232355807,2.623315248040524e-07,4.587898205063577,0.0,10.0,0.00697868379280067,0.0,0.015191546215822303,0.022170230008622963,0.0,Canada,CAN,ontario,,,macOS-15.7.9-x86_64-i386-64bit,3.11.15,3.3.0,8,Intel(R) Core(TM) i7-1060NG7 CPU @ 1.20GHz,0,,-79.4057,43.709,16.0,machine,3.823582474226804,0,67.89666789396284,8.036974639358858,N,1.0,0.0
2026-09-26T03:21:34,codecarbon,7b39bea9-b149-4954-8f6f-093764bed48b,5b0fa12a-3dd7-45bb-9766-cc326314d9f1,5484.842513577001,0.0014392003541400617,2.623959303439455e-07,4.59148774554986,0.0,10.0,0.007003292971795797,0.0,0.015233237507133408,0.022236530478929192,0.0,Canada,CAN,ontario,,,macOS-15.7.9-x86_64-i386-64bit,3.11.15,3.3.0,8,Intel(R) Core(TM) i7-1060NG7 CPU @ 1.20GHz,0,,-79.4057,43.709,16.0,machine,3.832115313991921,0,67.90209327947233,8.036312927711199,N,1.0,0.0
2026-09-26T03:21:49,codecarbon,7b39bea9-b149-4954-8f6f-093764bed48b,5b0fa12a-3dd7-45bb-9766-cc326314d9f1,5499.865768070002,0.0014433912346781342,2.624411750297399e-07,4.594022814213571,0.0,10.0,0.00702632081018771,0.0,0.015274961350152862,0.022301282160340555,0.0,Canada,CAN,ontario,,,macOS-15.7.9-x86_64-i386-64bit,3.11.15,3.3.0,8,Intel(R) Core(TM) i7-1060NG7 CPU @ 1.20GHz,0,,-79.4057,43.709,16.0,machine,3.8582127815418423,0,67.90893609229194,8.035789282281328,N,1.0,0.0
2026-09-26T03:22:04,codecarbon,7b39bea9-b149-4954-8f6f-093764bed48b,5b0fa12a-3dd7-45bb-9766-cc326314d9f1,5514.878204609002,0.0014473884034968067,2.624515628082533e-07,4.594614425121834,0.0,10.0,0.007046383028992976,0.0,0.015316657847575084,0.022363040876568045,0.0,Canada,CAN,ontario,,,macOS-15.7.9-x86_64-i386-64bit,3.11.15,3.3.0,8,Intel(R) Core(TM) i7-1060NG7 CPU @ 1.20GHz,0,,-79.4057,43.709,16.0,machine,3.8659057706355004,0,67.91398831263808,8.034991802134767,N,1.0,0.0
2026-09-26T03:22:19,codecarbon,7b39bea9-b149-4954-8f6f-093764bed48b,5b0fa12a-3dd7-45bb-9766-cc326314d9f1,5529.889376645002,0.0014515688909376052,2.6249510470646624e-07,4.597060065872114,0.0,10.0,0.007069280385202099,0.0,0.015358351593033413,0.0224276319782355,0.0,Canada,CAN,ontario,,,macOS-15.7.9-x86_64-i386-64bit,3.11.15,3.3.0,8,Intel(R) Core(TM) i7-1060NG7 CPU @ 1.20GHz,0,,-79.4057,43.709,16.0,machine,3.8735567291932256,0,67.9184483700612,8.03419589944234,N,1.0,0.0
2026-09-26T03:22:34,codecarbon,7b39bea9-b149-4954-8f6f-093764bed48b,5b0fa12a-3dd7-45bb-9766-cc326314d9f1,5544.900524637,0.001455662117003704,2.6252267475961614e-07,4.598621589478414,0.0,10.0,0.007090831496606911,0.0,0.015400043341397307,0.022490874838004205,0.0,Canada,CAN,ontario,,,macOS-15.7.9-x86_64-i386-64bit,3.11.15,3.3.0,8,Intel(R) Core(TM) i7-1060NG7 CPU @ 1.20GHz,0,,-79.4057,43.709,16.0,machine,3.863003995641119,0,67.92402833272902,8.033667197540982,N,1.0,0.0
2026-09-26T03:22:50,codecarbon,7b39bea9-b149-4954-8f6f-093764bed48b,5b0fa12a-3dd7-45bb-9766-cc326314d9f1,5559.915710360001,0.0014593878350054042,2.624838056962036e-07,4.596474871615854,0.0,10.0,0.0071066946702722554,0.0,0.015441744801913978,0.02254843947218622,0.0,Canada,CAN,ontario,,,macOS-15.7.9-x86_64-i386-64bit,3.11.15,3.3.0,8,Intel(R) Core(TM) i7-1060NG7 CPU @ 1.20GHz,0,,-79.4057,43.709,16.0,machine,3.8706212642637206,0,67.92901648252237,8.033068833975575,N,1.0,0.0
2026-09-26T03:23:05,codecarbon,7b39bea9-b149-4954-8f6f-093764bed48b,5b0fa12a-3dd7-45bb-9766-cc326314d9f1,5574.927566525999,0.0014630748885839727,2.624383673375121e-07,4.593967749311639,0.0,10.0,0.007121967465296521,0.0,0.01548343925195843,0.022605406717254937,0.0,Canada,CAN,ontario,,,macOS-15.7.9-x86_64-i386-64bit,3.11.15,3.3.0,8,Intel(R) Core(TM) i7-1060NG7 CPU @ 1.20GHz,0,,-79.4057,43.709,16.0,machine,3.860133670520231,0,67.93334537572363,8.032382581964393,N,1.0,0.0
2026-09-26T03:23:20,codecarbon,7b39bea9-b149-4954-8f6f-093764bed48b,5b0fa12a-3dd7-45bb-9766-cc326314d9f1,5589.939864420001,0.001466845334071485,2.624080705067981e-07,4.592279131305433,0.0,10.0,0.0071385284508302645,0.0,0.015525133967766773,0.022663662418597023,0.0,Canada,CAN,ontario,,,macOS-15.7.9-x86_64-i386-64bit,3.11.15,3.3.0,8,Intel(R) Core(TM) i7-1060NG7 CPU @ 1.20GHz,0,,-79.4057,43.709,16.0,machine,3.8677175283732663,0,67.93804719870403,8.031756038043847,N,1.0,0.0
2026-09-26T03:23:35,codecarbon,7b39bea9-b149-4954-8f6f-093764bed48b,5b0fa12a-3dd7-45bb-9766-cc326314d9f1,5604.955541900999,0.001470551265381754,2.6236626756239996e-07,4.589971973108096,0.0,10.0,0.007154081359873347,0.0,0.015566839976355664,0.022720921336228998,0.0,Canada,CAN,ontario,,,macOS-15.7.9-x86_64-i386-64bit,3.11.15,3.3.0,8,Intel(R) Core(TM) i7-1060NG7 CPU @ 1.20GHz,0,,-79.4057,43.709,16.0,machine,3.857294286740927,0,67.94207689543767,8.031088804024996,N,1.0,0.0
2026-09-26T03:23:50,codecarbon,7b39bea9-b149-4954-8f6f-093764bed48b,5b0fa12a-3dd7-45bb-9766-cc326314d9f1,5620.082950764001,0.001474513459344278,2.6236507045573607e-07,4.589916330875497,0.0,10.0,0.007173283090169031,0.0,0.015608856579252888,0.022782139669421907,0.0,Canada,CAN,ontario,,,macOS-15.7.9-x86_64-i386-64bit,3.11.15,3.3.0,8,Intel(R) Core(TM) i7-1060NG7 CPU @ 1.20GHz,0,,-79.4057,43.709,16.0,machine,3.864845009854865,0,67.94834259093459,8.030792690182091,N,1.0,0.0
2026-09-26T03:24:05,codecarbon,7b39bea9-b149-4954-8f6f-093764bed48b,5b0fa12a-3dd7-45bb-9766-cc326314d9f1,5635.099056897001,0.0014782535037806406,2.623296394357705e-07,4.587929548974365,0.0,10.0,0.007189361855106894,0.0,0.015650563800722328,0.02283992565582921,0.0,Canada,CAN,ontario,,,macOS-15.7.9-x86_64-i386-64bit,3.11.15,3.3.0,8,Intel(R) Core(TM) i7-1060NG7 CPU @ 1.20GHz,0,,-79.4057,43.709,16.0,machine,3.8544853466761975,0,67.95280557541203,8.030262335612997,N,1.0,0.0
2026-09-26T03:24:20,codecarbon,7b39bea9-b149-4954-8f6f-093764bed48b,5b0fa12a-3dd7-45bb-9766-cc326314d9f1,5650.109577166,0.0014818868882579565,2.622757785524659e-07,4.584951199310156,0.0,10.0,0.0072038075598001945,0.0,0.015692256120480655,0.022896063680280836,0.0,Canada,CAN,ontario,,,macOS-15.7.9-x86_64-i386-64bit,3.11.15,3.3.0,8,Intel(R) Core(TM) i7-1060NG7 CPU @ 1.20GHz,0,,-79.4057,43.709,16.0,machine,3.8441810728925327,0,67.95665656745781,8.029629891068726,N,1.0,0.0
2026-09-26T03:24:35,codecarbon,7b39bea9-b149-4954-8f6f-093764bed48b,5b0fa12a-3dd7-45bb-9766-cc326314d9f1,5665.117630110002,0.0014855825523963624,2.6223331083197935e-07,4.582592774444169,0.0,10.0,0.007219224419766075,0.0,0.015733939544027874,0.022953163963793936,0.0,Canada,CAN,ontario,,,macOS-15.7.9-x86_64-i386-64bit,3.11.15,3.3.0,8,Intel(R) Core(TM) i7-1060NG7 CPU @ 1.20GHz,0,,-79.4057,43.709,16.0,machine,3.869480981158905,0,67.96103803768322,8.029101168011755,N,1.0,0.0
2026-09-26T03:24:50,codecarbon,7b39bea9-b149-4954-8f6f-093764bed48b,5b0fa12a-3dd7-45bb-9766-cc326314d9f1,5680.139898248002,0.001489430330943289,2.622171914115518e-07,4.58176174250429,0.0,10.0,0.007236955701336095,0.0,0.015775658807122308,0.02301261450845839,0.0,Canada,CAN,ontario,,,macOS-15.7.9-x86_64-i386-64bit,3.11.15,3.3.0,8,Intel(R) Core(TM) i7-1060NG7 CPU @ 1.20GHz,0,,-79.4057,43.709,16.0,machine,3.8591916326892397,0,67.9665484843123,8.028764058292134,N,1.0,0.0
2026-09-26T03:25:05,codecarbon,7b39bea9-b149-4954-8f6f-093764bed48b,5b0fa12a-3dd7-45bb-9766-cc326314d9f1,5695.151457273001,0.0014932340980384027,2.6219392218822664e-07,4.580516706859747,0.0,10.0,0.007254033329436628,0.0,0.015817351719691758,0.023071385049128375,0.0,Canada,CAN,ontario,,,macOS-15.7.9-x86_64-i386-64bit,3.11.15,3.3.0,8,Intel(R) Core(TM) i7-1060NG7 CPU @ 1.20GHz,0,,-79.4057,43.709,16.0,machine,3.884317538896747,0,67.97220650636594,8.028388155568944,N,1.0,0.0
2026-09-26T03:25:20,codecarbon,7b39bea9-b149-4954-8f6f-093764bed48b,5b0fa12a-3dd7-45bb-9766-cc326314d9f1,5710.1694684150025,0.0014974682783718885,2.622458556886837e-07,4.583379639044609,0.0,10.0,0.007277740443363468,0.0,0.01585906529564176,0.023136805739005218,0.0,Canada,CAN,ontario,,,macOS-15.7.9-x86_64-i386-64bit,3.11.15,3.3.0,8,Intel(R) Core(TM) i7-1060NG7 CPU @ 1.20GHz,0,,-79.4057,43.709,16.0,machine,3.874043378592841,0,67.97898077940498,8.028183343948205,N,1.0,0.0
2026-09-26T03:25:35,codecarbon,7b39bea9-b149-4954-8f6f-093764bed48b,5b0fa12a-3dd7-45bb-9766-cc326314d9f1,5725.185587473003,0.0015015780608986138,2.6227587524571135e-07,4.585084655013561,0.0,10.0,0.007299532690460466,0.0,0.01590077171581121,0.023200304406271667,0.0,Canada,CAN,ontario,,,macOS-15.7.9-x86_64-i386-64bit,3.11.15,3.3.0,8,Intel(R) Core(TM) i7-1060NG7 CPU @ 1.20GHz,0,,-79.4057,43.709,16.0,machine,3.8814104818853323,0,67.98292296869604,8.027669893869245,N,1.0,0.0
2026-09-26T03:25:50,codecarbon,7b39bea9-b149-4954-8f6f-093764bed48b,5b0fa12a-3dd7-45bb-9766-cc326314d9f1,5740.215810690002,0.0015058253553375343,2.6232904911575556e-07,4.588062203798885,0.0,10.0,0.007323409928716649,0.0,0.015942517788425092,0.023265927717141734,0.0,Canada,CAN,ontario,,,macOS-15.7.9-x86_64-i386-64bit,3.11.15,3.3.0,8,Intel(R) Core(TM) i7-1060NG7 CPU @ 1.20GHz,0,,-79.4057,43.709,16.0,machine,3.8711980354323803,0,67.98733555516677,8.027356759850717,N,1.0,0.0
2026-09-26T03:26:05,codecarbon,7b39bea9-b149-4954-8f6f-093764bed48b,5b0fa12a-3dd7-45bb-9766-cc326314d9f1,5755.273984233001,0.00151045352411254,2.6244684931604284e-07,4.5949304905441295,0.0,10.0,0.007353095069965277,0.0,0.0159843407007501,0.02333743577071537,0.0,Canada,CAN,ontario,,,macOS-15.7.9-x86_64-i386-64bit,3.11.15,3.3.0,8,Intel(R) Core(TM) i7-1060NG7 CPU @ 1.20GHz,0,,-79.4057,43.709,16.0,machine,3.8785339398180545,0,67.99011546536138,8.02664839996167,N,1.0,0.0
2026-09-26T03:26:20,codecarbon,7b39bea9-b149-4954-8f6f-093764bed48b,5b0fa12a-3dd7-45bb-9766-cc326314d9f1,5770.286678592001,0.0015142281025244315,2.624181755374962e-07,4.5932815618977205,0.0,10.0,0.007369723453669371,0.0,0.01602603187461121,0.023395755328280574,0.0,Canada,CAN,ontario,,,macOS-15.7.9-x86_64-i386-64bit,3.11.15,3.3.0,8,Intel(R) Core(TM) i7-1060NG7 CPU @ 1.20GHz,0,,-79.4057,43.709,16.0,machine,3.88583144302914,0,67.99186878380836,8.02579229378488,N,1.0,0.0
2026-09-26T03:26:35,codecarbon,7b39bea9-b149-4954-8f6f-093764bed48b,5b0fa12a-3dd7-45bb-9766-cc326314d9f1,5785.299803459002,0.0015180060383801844,2.623902113893175e-07,4.591783966434951,0.0,10.0,0.00738639777549571,0.0,0.016067728984922328,0.02345412676041803,0.0,Canada,CAN,ontario,,,macOS-15.7.9-x86_64-i386-64bit,3.11.15,3.3.0,8,Intel(R) Core(TM) i7-1060NG7 CPU @ 1.20GHz,0,,-79.4057,43.709,16.0,machine,3.8930908458057782,0,67.99634528367662,8.025396370945847,N,1.0,0.0
2026-09-26T03:26:50,codecarbon,7b39bea9-b149-4954-8f6f-093764bed48b,5b0fa12a-3dd7-45bb-9766-cc326314d9f1,5800.316710302002,0.0015216793386569178,2.6234418130207395e-07,4.589227876291006,0.0,10.0,0.007401445660888206,0.0,0.01610943584762788,0.023510881508516077,0.0,Canada,CAN,ontario,,,macOS-15.7.9-x86_64-i386-64bit,3.11.15,3.3.0,8,Intel(R) Core(TM) i7-1060NG7 CPU @ 1.20GHz,0,,-79.4057,43.709,16.0,machine,3.882954348203437,0,67.99937510848913,8.024779606643515,N,1.0,0.0
2026-09-26T03:27:05,codecarbon,7b39bea9-b149-4954-8f6f-093764bed48b,5b0fa12a-3dd7-45bb-9766-cc326314d9f1,5815.328685726003,0.0015260286538028868,2.6241485843243835e-07,4.593010174909093,0.0,10.0,0.0074269492943650015,0.0,0.016151131807680644,0.023578081102045637,0.0,Canada,CAN,ontario,,,macOS-15.7.9-x86_64-i386-64bit,3.11.15,3.3.0,8,Intel(R) Core(TM) i7-1060NG7 CPU @ 1.20GHz,0,,-79.4057,43.709,16.0,machine,3.890857142857143,0,68.00323809523914,8.02437858152183,N,1.0,0.0
2026-09-26T03:27:20,codecarbon,7b39bea9-b149-4954-8f6f-093764bed48b,5b0fa12a-3dd7-45bb-9766-cc326314d9f1,5830.338175372002,0.0015304459466531943,2.624969428219393e-07,4.59752651567844,0.0,10.0,0.007453510262939234,0.0,0.016192820729969526,0.023646330992908752,0.0,Canada,CAN,ontario,,,macOS-15.7.9-x86_64-i386-64bit,3.11.15,3.3.0,8,Intel(R) Core(TM) i7-1060NG7 CPU @ 1.20GHz,0,,-79.4057,43.709,16.0,machine,3.880777202072539,0,68.0065630397247,8.023567925751312,N,1.0,0.0
2026-09-26T03:27:35,codecarbon,7b39bea9-b149-4954-8f6f-093764bed48b,5b0fa12a-3dd7-45bb-9766-cc326314d9f1,5845.349721787999,0.0015341000965661009,2.6244795770694177e-07,4.59482366641508,0.0,10.0,0.0074682735082928055,0.0,0.016234516347816745,0.023702789856109543,0.0,Canada,CAN,ontario,,,macOS-15.7.9-x86_64-i386-64bit,3.11.15,3.3.0,8,Intel(R) Core(TM) i7-1060NG7 CPU @ 1.20GHz,0,,-79.4057,43.709,16.0,machine,3.887975882859604,0,68.00706287683138,8.022378175326404,N,1.0,0.0
2026-09-26T03:27:50,codecarbon,7b39bea9-b149-4954-8f6f-093764bed48b,5b0fa12a-3dd7-45bb-9766-cc326314d9f1,5860.356685485,0.0015377131161136324,2.623924103326779e-07,4.59174181625627,0.0,10.0,0.007482419175284042,0.0,0.01627619405458896,0.023758613229872994,0.0,Canada,CAN,ontario,,,macOS-15.7.9-x86_64-i386-64bit,3.11.15,3.3.0,8,Intel(R) Core(TM) i7-1060NG7 CPU @ 1.20GHz,0,,-79.4057,43.709,16.0,machine,3.8951374570446737,0,68.00661512027597,8.021045393796312,N,1.0,0.0
2026-09-26T03:28:05,codecarbon,7b39bea9-b149-4954-8f6f-093764bed48b,5b0fa12a-3dd7-45bb-9766-cc326314d9f1,5875.3668491490025,0.0015413392874711333,2.6233924230525e-07,4.588796074927902,0.0,10.0,0.007496755926468412,0.0,0.01631788388071951,0.023814639807187916,0.0,Canada,CAN,ontario,,,macOS-15.7.9-x86_64-i386-64bit,3.11.15,3.3.0,8,Intel(R) Core(TM) i7-1060NG7 CPU @ 1.20GHz,0,,-79.4057,43.709,16.0,machine,3.9022622107969154,0,68.00603256212617,8.019707604075663,N,1.0,0.0
2026-09-26T03:28:20,codecarbon,7b39bea9-b149-4954-8f6f-093764bed48b,5b0fa12a-3dd7-45bb-9766-cc326314d9f1,5890.382496629001,0.0015449789744571801,2.622883955908388e-07,4.585971495157385,0.0,10.0,0.007511286015599986,0.0,0.01635958919367506,0.023870875209275038,0.0,Canada,CAN,ontario,,,macOS-15.7.9-x86_64-i386-64bit,3.11.15,3.3.0,8,Intel(R) Core(TM) i7-1060NG7 CPU @ 1.20GHz,0,,-79.4057,43.709,16.0,machine,3.9093504273504274,0,68.0053504273515,8.018364849905682,N,1.0,0.0
2026-09-26T03:28:35,codecarbon,7b39bea9-b149-4954-8f6f-093764bed48b,5b0fa12a-3dd7-45bb-9766-cc326314d9f1,5905.394320989002,0.0015486758735008355,2.6224766532465387e-07,4.583707965281,0.0,10.0,0.00752670836325857,0.0,0.01640128620957506,0.023927994572833622,0.0,Canada,CAN,ontario,,,macOS-15.7.9-x86_64-i386-64bit,3.11.15,3.3.0,8,Intel(R) Core(TM) i7-1060NG7 CPU @ 1.20GHz,0,,-79.4057,43.709,16.0,machine,3.899352088661552,0,68.00786018755434,8.017546220732264,N,1.0,0.0
2026-09-26T03:28:50,codecarbon,7b39bea9-b149-4954-8f6f-093764bed48b,5b0fa12a-3dd7-45bb-9766-cc326314d9f1,5920.403538623999,0.0015523576074509115,2.622046955623071e-07,4.581347136530478,0.0,10.0,0.007541905081998664,0.0,0.016442974544372276,0.02398487962637093,0.0,Canada,CAN,ontario,,,macOS-15.7.9-x86_64-i386-64bit,3.11.15,3.3.0,8,Intel(R) Core(TM) i7-1060NG7 CPU @ 1.20GHz,0,,-79.4057,43.709,16.0,machine,3.889404761904762,0,68.01403061224595,8.017331762378719,N,1.0,0.0
2026-09-26T03:29:05,codecarbon,7b39bea9-b149-4954-8f6f-093764bed48b,5b0fa12a-3dd7-45bb-9766-cc326314d9f1,5935.415726253999,0.0015559886124528939,2.621532651150824e-07,4.578500705772626,0.0,10.0,0.0075563103578653945,0.0,0.016484670528600056,0.024040980886465443,0.0,Canada,CAN,ontario,,,macOS-15.7.9-x86_64-i386-64bit,3.11.15,3.3.0,8,Intel(R) Core(TM) i7-1060NG7 CPU @ 1.20GHz,0,,-79.4057,43.709,16.0,machine,3.879508057675997,0,68.01272264631147,8.015948434559544,N,1.0,0.0
2026-09-26T03:29:20,codecarbon,7b39bea9-b149-4954-8f6f-093764bed48b,5b0fa12a-3dd7-45bb-9766-cc326314d9f1,5950.426246122002,0.0015596095059314113,2.621004683400347e-07,4.57557371935151,0.0,10.0,0.007570562527010053,0.0,0.0165263633902945,0.024096925917304543,0.0,Canada,CAN,ontario,,,macOS-15.7.9-x86_64-i386-64bit,3.11.15,3.3.0,8,Intel(R) Core(TM) i7-1060NG7 CPU @ 1.20GHz,0,,-79.4057,43.709,16.0,machine,3.869661590524535,0,68.01214890017023,8.01468873967979,N,1.0,0.0
2026-09-26T03:29:35,codecarbon,7b39bea9-b149-4954-8f6f-093764bed48b,5b0fa12a-3dd7-45bb-9766-cc326314d9f1,5965.437470495999,0.001563334222972898,2.6206531049983726e-07,4.57357527840723,0.0,10.0,0.007586417273916245,0.0,0.016568057812119504,0.02415447508603574,0.0,Canada,CAN,ontario,,,macOS-15.7.9-x86_64-i386-64bit,3.11.15,3.3.0,8,Intel(R) Core(TM) i7-1060NG7 CPU @ 1.20GHz,0,,-79.4057,43.709,16.0,machine,3.8598649789029538,0,68.02381434599255,8.01453246748397,N,1.0,0.0
2026-09-26T03:29:50,codecarbon,7b39bea9-b149-4954-8f6f-093764bed48b,5b0fa12a-3dd7-45bb-9766-cc326314d9f1,5980.450955247001,0.001567316571242115,2.6207330901476855e-07,4.573879353892782,0.0,10.0,0.007606250976160493,0.0,0.01660975383950006,0.024216004815660542,0.0,Canada,CAN,ontario,,,macOS-15.7.9-x86_64-i386-64bit,3.11.15,3.3.0,8,Intel(R) Core(TM) i7-1060NG7 CPU @ 1.20GHz,0,,-79.4057,43.709,16.0,machine,3.866952861952862,0,68.04164983165083,8.014676814609103,N,1.0,0.0
2026-09-26T03:30:05,codecarbon,7b39bea9-b149-4954-8f6f-093764bed48b,5b0fa12a-3dd7-45bb-9766-cc326314d9f1,5995.472131358001,0.0015722114225472114,2.622331299522025e-07,4.582809739888545,0.0,10.0,0.007640163110129,0.0,0.01665147016818618,0.024291633278315166,0.0,Canada,CAN,ontario,,,macOS-15.7.9-x86_64-i386-64bit,3.11.15,3.3.0,8,Intel(R) Core(TM) i7-1060NG7 CPU @ 1.20GHz,0,,-79.4057,43.709,16.0,machine,3.8656087321578507,0,68.05272879932929,8.014244736832396,N,1.0,0.0
2026-09-26T03:30:20,codecarbon,7b39bea9-b149-4954-8f6f-093764bed48b,5b0fa12a-3dd7-45bb-9766-cc326314d9f1,6010.503577657,0.001577496461013934,2.624566212518369e-07,4.5947705243277746,0.0,10.0,0.007680072914985204,0.0,0.01669321745756951,0.0243732903725547,0.0,Canada,CAN,ontario,,,macOS-15.7.9-x86_64-i386-64bit,3.11.15,3.3.0,8,Intel(R) Core(TM) i7-1060NG7 CPU @ 1.20GHz,0,,-79.4057,43.709,16.0,machine,3.9061474036850923,0,68.06442211055376,8.013850679509405,N,1.0,0.0
2026-09-26T03:30:35,codecarbon,7b39bea9-b149-4954-8f6f-093764bed48b,5b0fa12a-3dd7-45bb-9766-cc326314d9f1,6025.523364951001,0.0015819191553369772,2.625363905380593e-07,4.5996203370716655,0.0,10.0,0.007706716991101399,0.0,0.01673490672839173,0.024441623719493114,0.0,Canada,CAN,ontario,,,macOS-15.7.9-x86_64-i386-64bit,3.11.15,3.3.0,8,Intel(R) Core(TM) i7-1060NG7 CPU @ 1.20GHz,0,,-79.4057,43.709,16.0,machine,3.9130659983291562,0,68.07695906432849,8.013286181380575,N,1.0,0.0
2026-09-26T03:30:50,codecarbon,7b39bea9-b149-4954-8f6f-093764bed48b,5b0fa12a-3dd7-45bb-9766-cc326314d9f1,6040.562291645001,0.0015861709489518449,2.625866388540941e-07,4.602752145699065,0.0,10.0,0.007730641928534298,0.0,0.01677667461686396,0.02450731654539824,0.0,Canada,CAN,ontario,,,macOS-15.7.9-x86_64-i386-64bit,3.11.15,3.3.0,8,Intel(R) Core(TM) i7-1060NG7 CPU @ 1.20GHz,0,,-79.4057,43.709,16.0,machine,3.9366166666666667,0,68.08848333333432,8.01246794573466,N,1.0,0.0
2026-09-26T03:31:05,codecarbon,7b39bea9-b149-4954-8f6f-093764bed48b,5b0fa12a-3dd7-45bb-9766-cc326314d9f1,6055.6067557530005,0.0015902010493029839,2.6259978783996287e-07,4.603589234438859,0.0,10.0,0.007751136172347315,0.0,0.016818447901705627,0.024569584074052925,0.0,Canada,CAN,ontario,,,macOS-15.7.9-x86_64-i386-64bit,3.11.15,3.3.0,8,Intel(R) Core(TM) i7-1060NG7 CPU @ 1.20GHz,0,,-79.4057,43.709,16.0,machine,3.9434247714048216,0,68.09983374896193,8.011608352724553,N,1.0,0.0
2026-09-26T03:31:20,codecarbon,7b39bea9-b149-4954-8f6f-093764bed48b,5b0fa12a-3dd7-45bb-9766-cc326314d9f1,6070.664181493001,0.0015944833031565277,2.626538473364187e-07,4.606290881436043,0.0,10.0,0.007775489309468127,0.0,0.016860258219908403,0.024635747529376514,0.0,Canada,CAN,ontario,,,macOS-15.7.9-x86_64-i386-64bit,3.11.15,3.3.0,8,Intel(R) Core(TM) i7-1060NG7 CPU @ 1.20GHz,0,,-79.4057,43.709,16.0,machine,3.942560955382319,0,68.11089732957471,8.01088904037387,N,1.0,0.0
2026-09-26T03:31:35,codecarbon,7b39bea9-b149-4954-8f6f-093764bed48b,5b0fa12a-3dd7-45bb-9766-cc326314d9f1,6085.733941328002,0.0015987086362918832,2.6269775374751594e-07,4.609161478182194,0.0,10.0,0.007798923310810107,0.0,0.016902108213791747,0.024701031524601836,0.0,Canada,CAN,ontario,,,macOS-15.7.9-x86_64-i386-64bit,3.11.15,3.3.0,8,Intel(R) Core(TM) i7-1060NG7 CPU @ 1.20GHz,0,,-79.4057,43.709,16.0,machine,3.9493216412971544,0,68.12265056254236,8.01012605645655,N,1.0,0.0
2026-09-26T03:31:50,codecarbon,7b39bea9-b149-4954-8f6f-093764bed48b,5b0fa12a-3dd7-45bb-9766-cc326314d9f1,6100.761592028,0.0016030353855656934,2.62759880284523e-07,4.612581284503024,0.0,10.0,0.007824037203907825,0.0,0.0169438452576223,0.024767882461530107,0.0,Canada,CAN,ontario,,,macOS-15.7.9-x86_64-i386-64bit,3.11.15,3.3.0,8,Intel(R) Core(TM) i7-1060NG7 CPU @ 1.20GHz,0,,-79.4057,43.709,16.0,machine,3.939544479287011,0,68.13426307971714,8.0093677688853,N,1.0,0.0
2026-09-26T03:32:05,codecarbon,7b39bea9-b149-4954-8f6f-093764bed48b,5b0fa12a-3dd7-45bb-9766-cc326314d9f1,6115.790765482001,0.0016068309889332602,2.627347877893958e-07,4.611297716592096,0.0,10.0,0.007840941254422652,0.0,0.016985585613166737,0.02482652686758937,0.0,Canada,CAN,ontario,,,macOS-15.7.9-x86_64-i386-64bit,3.11.15,3.3.0,8,Intel(R) Core(TM) i7-1060NG7 CPU @ 1.20GHz,0,,-79.4057,43.709,16.0,machine,3.929815607507409,0,68.14527494237838,8.008541586998069,N,1.0,0.0
2026-09-26T03:32:20,codecarbon,7b39bea9-b149-4954-8f6f-093764bed48b,5b0fa12a-3dd7-45bb-9766-cc326314d9f1,6130.809694374002,0.0016106105644533093,2.627076429939266e-07,4.609757267935079,0.0,10.0,0.00785762542840676,0.0,0.01702729820514174,0.02488492363354848,0.0,Canada,CAN,ontario,,,macOS-15.7.9-x86_64-i386-64bit,3.11.15,3.3.0,8,Intel(R) Core(TM) i7-1060NG7 CPU @ 1.20GHz,0,,-79.4057,43.709,16.0,machine,3.936557727048777,0,68.1555263590091,8.007614061189884,N,1.0,0.0
2026-09-26T03:32:35,codecarbon,7b39bea9-b149-4954-8f6f-093764bed48b,5b0fa12a-3dd7-45bb-9766-cc326314d9f1,6145.835574503002,0.0016148292626828001,2.627517842133919e-07,4.612268648893479,0.0,10.0,0.007881082181945361,0.0,0.01706902293345285,0.02495010511539819,0.0,Canada,CAN,ontario,,,macOS-15.7.9-x86_64-i386-64bit,3.11.15,3.3.0,8,Intel(R) Core(TM) i7-1060NG7 CPU @ 1.20GHz,0,,-79.4057,43.709,16.0,machine,3.9350753604193973,0,68.16571100917533,8.006688272343707,N,1.0,0.0
2026-09-26T03:32:50,codecarbon,7b39bea9-b149-4954-8f6f-093764bed48b,5b0fa12a-3dd7-45bb-9766-cc326314d9f1,6160.853225762003,0.0016187776989290538,2.6275219350463196e-07,4.612388620092764,0.0,10.0,0.00790038189953407,0.0,0.01711072898388064,0.025011110883414688,0.0,Canada,CAN,ontario,,,macOS-15.7.9-x86_64-i386-64bit,3.11.15,3.3.0,8,Intel(R) Core(TM) i7-1060NG7 CPU @ 1.20GHz,0,,-79.4057,43.709,16.0,machine,3.9336002614806342,0,68.17584572642687,8.005766385909602,N,1.0,0.0
2026-09-26T03:33:05,codecarbon,7b39bea9-b149-4954-8f6f-093764bed48b,5b0fa12a-3dd7-45bb-9766-cc326314d9f1,6175.872965123999,0.0016226670262788601,2.627429410291117e-07,4.611759021870425,0.0,10.0,0.00791877471102762,0.0,0.01715242867160564,0.02507120338263324,0.0,Canada,CAN,ontario,,,macOS-15.7.9-x86_64-i386-64bit,3.11.15,3.3.0,8,Intel(R) Core(TM) i7-1060NG7 CPU @ 1.20GHz,0,,-79.4057,43.709,16.0,machine,3.9402836648190416,0,68.185979784807,8.004849722768649,N,1.0,0.0
2026-09-26T03:33:20,codecarbon,7b39bea9-b149-4954-8f6f-093764bed48b,5b0fa12a-3dd7-45bb-9766-cc326314d9f1,6190.897941954001,0.001626716179680787,2.627593274728343e-07,4.612812094460314,0.0,10.0,0.007939610143136034,0.0,0.01719415514950287,0.025133765292638888,0.0,Canada,CAN,ontario,,,macOS-15.7.9-x86_64-i386-64bit,3.11.15,3.3.0,8,Intel(R) Core(TM) i7-1060NG7 CPU @ 1.20GHz,0,,-79.4057,43.709,16.0,machine,3.95506586436819,0,68.19575540738433,8.00389919197255,N,1.0,0.0
2026-09-26T03:33:35,codecarbon,7b39bea9-b149-4954-8f6f-093764bed48b,5b0fa12a-3dd7-45bb-9766-cc326314d9f1,6205.920738893001,0.001630478059790038,2.627294366767693e-07,4.611140695141668,0.0,10.0,0.007956011359130774,0.0,0.017235877294488975,0.02519188865361973,0.0,Canada,CAN,ontario,,,macOS-15.7.9-x86_64-i386-64bit,3.11.15,3.3.0,8,Intel(R) Core(TM) i7-1060NG7 CPU @ 1.20GHz,0,,-79.4057,43.709,16.0,machine,3.961664503569111,0,68.20689487345982,8.003185192382931,N,1.0,0.0
2026-09-26T03:33:51,codecarbon,7b39bea9-b149-4954-8f6f-093764bed48b,5b0fa12a-3dd7-45bb-9766-cc326314d9f1,6220.947685531002,0.0016354939158491225,2.6290108814980676e-07,4.620753867826503,0.0,10.0,0.007991784001846743,0.0,0.017277602712286195,0.02526938671413292,0.0,Canada,CAN,ontario,,,macOS-15.7.9-x86_64-i386-64bit,3.11.15,3.3.0,8,Intel(R) Core(TM) i7-1060NG7 CPU @ 1.20GHz,0,,-79.4057,43.709,16.0,machine,3.968231105356854,0,68.21877326428327,8.00253781208928,N,1.0,0.0
2026-09-26T03:34:06,codecarbon,7b39bea9-b149-4954-8f6f-093764bed48b,5b0fa12a-3dd7-45bb-9766-cc326314d9f1,6235.981879474002,0.0016402083018477564,2.6302326298390496e-07,4.628421433667346,0.0,10.0,0.008022870925337435,0.0,0.01731935595149175,0.02534222687682917,0.0,Canada,CAN,ontario,,,macOS-15.7.9-x86_64-i386-64bit,3.11.15,3.3.0,8,Intel(R) Core(TM) i7-1060NG7 CPU @ 1.20GHz,0,,-79.4057,43.709,16.0,machine,3.9586212463674526,0,68.22888278979761,8.001593872774867,N,1.0,0.0
2026-09-26T03:34:21,codecarbon,7b39bea9-b149-4954-8f6f-093764bed48b,5b0fa12a-3dd7-45bb-9766-cc326314d9f1,6251.005876022002,0.0016445449772913953,2.630848554469679e-07,4.632077050200555,0.0,10.0,0.008048153694096241,0.0,0.01736107748508897,0.0254092311791852,0.0,Canada,CAN,ontario,,,macOS-15.7.9-x86_64-i386-64bit,3.11.15,3.3.0,8,Intel(R) Core(TM) i7-1060NG7 CPU @ 1.20GHz,0,,-79.4057,43.709,16.0,machine,3.9973747785472704,0,68.23849251087236,8.000610413000691,N,1.0,0.0
2026-09-26T03:34:36,codecarbon,7b39bea9-b149-4954-8f6f-093764bed48b,5b0fa12a-3dd7-45bb-9766-cc326314d9f1,6266.036477884001,0.0016483121666187035,2.63054990572817e-07,4.630439589582083,0.0,10.0,0.008064616354544196,0.0,0.01740282021630564,0.025467436570849822,0.0,Canada,CAN,ontario,,,macOS-15.7.9-x86_64-i386-64bit,3.11.15,3.3.0,8,Intel(R) Core(TM) i7-1060NG7 CPU @ 1.20GHz,0,,-79.4057,43.709,16.0,machine,4.003807840616966,0,68.24823264781595,7.999656888084117,N,1.0,0.0
2026-09-26T03:34:51,codecarbon,7b39bea9-b149-4954-8f6f-093764bed48b,5b0fa12a-3dd7-45bb-9766-cc326314d9f1,6281.063533188,0.0016520165953126122,2.630154251081296e-07,4.628237306351267,0.0,10.0,0.008080116900068296,0.0,0.017444555372066742,0.025524672272135025,0.0,Canada,CAN,ontario,,,macOS-15.7.9-x86_64-i386-64bit,3.11.15,3.3.0,8,Intel(R) Core(TM) i7-1060NG7 CPU @ 1.20GHz,0,,-79.4057,43.709,16.0,machine,4.010209969546402,0,68.25707645456107,7.998579470693616,N,1.0,0.0
2026-09-26T03:35:06,codecarbon,7b39bea9-b149-4954-8f6f-093764bed48b,5b0fa12a-3dd7-45bb-9766-cc326314d9f1,6296.077854158,0.0016558301450040388,2.6299391198133134e-07,4.626935120241116,0.0,10.0,0.008097340511839156,0.0,0.017486253448094513,0.025583593959933655,0.0,Canada,CAN,ontario,,,macOS-15.7.9-x86_64-i386-64bit,3.11.15,3.3.0,8,Intel(R) Core(TM) i7-1060NG7 CPU @ 1.20GHz,0,,-79.4057,43.709,16.0,machine,4.032571154461145,0,68.26618164374902,7.997572986394177,N,1.0,0.0
2026-09-26T03:35:21,codecarbon,7b39bea9-b149-4954-8f6f-093764bed48b,5b0fa12a-3dd7-45bb-9766-cc326314d9f1,6311.087325433,0.0016594794759307657,2.629466826173111e-07,4.624306933758327,0.0,10.0,0.008112035641509582,0.0,0.01752794272532506,0.02563997836683463,0.0,Canada,CAN,ontario,,,macOS-15.7.9-x86_64-i386-64bit,3.11.15,3.3.0,8,Intel(R) Core(TM) i7-1060NG7 CPU @ 1.20GHz,0,,-79.4057,43.709,16.0,machine,4.023564135290364,0,68.27691448628053,7.997031526498606,N,1.0,0.0
2026-09-26T03:35:36,codecarbon,7b39bea9-b149-4954-8f6f-093764bed48b,5b0fa12a-3dd7-45bb-9766-cc326314d9f1,6326.100303605002,0.001663130834364168,2.628998521279236e-07,4.621706875310976,0.0,10.0,0.008126754948124355,0.0,0.017569639151836174,0.025696394099960513,0.0,Canada,CAN,ontario,,,macOS-15.7.9-x86_64-i386-64bit,3.11.15,3.3.0,8,Intel(R) Core(TM) i7-1060NG7 CPU @ 1.20GHz,0,,-79.4057,43.709,16.0,machine,4.013958300175076,0,68.28798344739876,7.996408598828653,N,1.0,0.0
2026-09-26T03:35:51,codecarbon,7b39bea9-b149-4954-8f6f-093764bed48b,5b0fa12a-3dd7-45bb-9766-cc326314d9f1,6341.116003315001,0.001667814855233235,2.63015982417186e-07,4.627184335215093,0.0,10.0,0.008157423500360254,0.0,0.01761134160237229,0.025768765102732526,0.0,Canada,CAN,ontario,,,macOS-15.7.9-x86_64-i386-64bit,3.11.15,3.3.0,8,Intel(R) Core(TM) i7-1060NG7 CPU @ 1.20GHz,0,,-79.4057,43.709,16.0,machine,4.0361543347094315,0,68.29976182915313,7.995905578458222,N,1.0,0.0
2026-09-26T03:36:06,codecarbon,7b39bea9-b149-4954-8f6f-093764bed48b,5b0fa12a-3dd7-45bb-9766-cc326314d9f1,6356.190665288999,0.0016722031516312106,2.630825976890641e-07,4.630992856919898,0.0,10.0,0.008183391564587405,0.0,0.01765317541598894,0.025836566980576327,0.0,Canada,CAN,ontario,,,macOS-15.7.9-x86_64-i386-64bit,3.11.15,3.3.0,8,Intel(R) Core(TM) i7-1060NG7 CPU @ 1.20GHz,0,,-79.4057,43.709,16.0,machine,4.026564232536037,0,68.31053381910445,7.995261771958773,N,1.0,0.0
2026-09-26T03:36:21,codecarbon,7b39bea9-b149-4954-8f6f-093764bed48b,5b0fa12a-3dd7-45bb-9766-cc326314d9f1,6371.231930310001,0.0016765996899291012,2.631515707273152e-07,4.635013700215257,0.0,10.0,0.008209583347939203,0.0,0.01769491285290282,0.02590449620084201,0.0,Canada,CAN,ontario,,,macOS-15.7.9-x86_64-i386-64bit,3.11.15,3.3.0,8,Intel(R) Core(TM) i7-1060NG7 CPU @ 1.20GHz,0,,-79.4057,43.709,16.0,machine,4.048625158027813,0,68.32044879898963,7.994491976823578,N,1.0,0.0
2026-09-26T03:36:36,codecarbon,7b39bea9-b149-4954-8f6f-093764bed48b,5b0fa12a-3dd7-45bb-9766-cc326314d9f1,6386.2850914539995,0.001680837704233478,2.631949059841913e-07,4.6376965098937175,0.0,10.0,0.00823324620422949,0.0,0.017736729923697264,0.02596997612792674,0.0,Canada,CAN,ontario,,,macOS-15.7.9-x86_64-i386-64bit,3.11.15,3.3.0,8,Intel(R) Core(TM) i7-1060NG7 CPU @ 1.20GHz,0,,-79.4057,43.709,16.0,machine,4.039050922276526,0,68.32949708340003,7.993612750403873,N,1.0,0.0
2026-09-26T03:36:51,codecarbon,7b39bea9-b149-4954-8f6f-093764bed48b,5b0fa12a-3dd7-45bb-9766-cc326314d9f1,6401.302399923003,0.0016847968871396622,2.6319595324225387e-07,4.637807512155163,0.0,10.0,0.008252716735908685,0.0,0.017778431202538934,0.026031147938447605,0.0,Canada,CAN,ontario,,,macOS-15.7.9-x86_64-i386-64bit,3.11.15,3.3.0,8,Intel(R) Core(TM) i7-1060NG7 CPU @ 1.20GHz,0,,-79.4057,43.709,16.0,machine,4.029521862220824,0,68.3379521862231,7.992766429208742,N,1.0,0.0
2026-09-26T03:37:06,codecarbon,7b39bea9-b149-4954-8f6f-093764bed48b,5b0fa12a-3dd7-45bb-9766-cc326314d9f1,6416.331262888001,0.0016891811915504915,2.6326277779962817e-07,4.641389731524076,0.0,10.0,0.008278724476821278,0.0,0.01782016366081394,0.026098888137635202,0.0,Canada,CAN,ontario,,,macOS-15.7.9-x86_64-i386-64bit,3.11.15,3.3.0,8,Intel(R) Core(TM) i7-1060NG7 CPU @ 1.20GHz,0,,-79.4057,43.709,16.0,machine,4.05142005335007,0,68.3463988702348,7.991944230296783,N,1.0,0.0
2026-09-26T03:37:21,codecarbon,7b39bea9-b149-4954-8f6f-093764bed48b,5b0fa12a-3dd7-45bb-9766-cc326314d9f1,6431.432976049,0.0016936778646418037,2.63343779053463e-07,4.646781168205167,0.0,10.0,0.008306257463248989,0.0,0.017862107038786164,0.026168364502035135,0.0,Canada,CAN,ontario,,,macOS-15.7.9-x86_64-i386-64bit,3.11.15,3.3.0,8,Intel(R) Core(TM) i7-1060NG7 CPU @ 1.20GHz,0,,-79.4057,43.709,16.0,machine,4.073215403882279,0,68.3568566061375,7.991482366228671,N,1.0,0.0
2026-09-26T03:37:36,codecarbon,7b39bea9-b149-4954-8f6f-093764bed48b,5b0fa12a-3dd7-45bb-9766-cc326314d9f1,6446.452696509001,0.0016976772896019935,2.633506161491498e-07,4.647575291794884,0.0,10.0,0.008326333529325287,0.0,0.017903824547711167,0.026230158077036436,0.0,Canada,CAN,ontario,,,macOS-15.7.9-x86_64-i386-64bit,3.11.15,3.3.0,8,Intel(R) Core(TM) i7-1060NG7 CPU @ 1.20GHz,0,,-79.4057,43.709,16.0,machine,4.079290957363736,0,68.36596907699614,7.9908664535958565,N,1.0,0.0
2026-09-26T03:37:51,codecarbon,7b39bea9-b149-4954-8f6f-093764bed48b,5b0fa12a-3dd7-45bb-9766-cc326314d9f1,6461.467302839999,0.0017014794149916095,2.633270951079116e-07,4.646131943126079,0.0,10.0,0.008343376924444139,0.0,0.017945526327902826,0.026288903252346948,0.0,Canada,CAN,ontario,,,macOS-15.7.9-x86_64-i386-64bit,3.11.15,3.3.0,8,Intel(R) Core(TM) i7-1060NG7 CPU @ 1.20GHz,0,,-79.4057,43.709,16.0,machine,4.069756933624182,0,68.37530383297074,7.990301726576917,N,1.0,0.0
2026-09-26T03:38:06,codecarbon,7b39bea9-b149-4954-8f6f-093764bed48b,5b0fa12a-3dd7-45bb-9766-cc326314d9f1,6476.478763858002,0.0017051847905158368,2.632888723470573e-07,4.644068359148287,0.0,10.0,0.008358932735256666,0.0,0.01798722084748616,0.02634615358274281,0.0,Canada,CAN,ontario,,,macOS-15.7.9-x86_64-i386-64bit,3.11.15,3.3.0,8,Intel(R) Core(TM) i7-1060NG7 CPU @ 1.20GHz,0,,-79.4057,43.709,16.0,machine,4.091357065132908,0,68.38406653194563,7.989656707796879,N,1.0,0.0
2026-09-26T03:38:21,codecarbon,7b39bea9-b149-4954-8f6f-093764bed48b,5b0fa12a-3dd7-45bb-9766-cc326314d9f1,6491.489883825001,0.0017092125542393615,2.633005034018842e-07,4.645368661643851,0.0,10.0,0.00837947403791673,0.0,0.018028910971147272,0.02640838500906399,0.0,Canada,CAN,ontario,,,macOS-15.7.9-x86_64-i386-64bit,3.11.15,3.3.0,8,Intel(R) Core(TM) i7-1060NG7 CPU @ 1.20GHz,0,,-79.4057,43.709,16.0,machine,4.081839330024814,0,68.39271091811513,7.988987231077095,N,1.0,0.0
2026-09-26T03:38:36,codecarbon,7b39bea9-b149-4954-8f6f-093764bed48b,5b0fa12a-3dd7-45bb-9766-cc326314d9f1,6506.505733536,0.0017137117544801636,2.6338434555545017e-07,4.649218607363546,0.0,10.0,0.008407284117894176,0.0,0.018070616301583395,0.02647790041947756,0.0,Canada,CAN,ontario,,,macOS-15.7.9-x86_64-i386-64bit,3.11.15,3.3.0,8,Intel(R) Core(TM) i7-1060NG7 CPU @ 1.20GHz,0,,-79.4057,43.709,16.0,machine,4.095574810459539,0,68.40171746866878,7.988519628738151,N,1.0,0.0
2026-09-26T03:38:51,codecarbon,7b39bea9-b149-4954-8f6f-093764bed48b,5b0fa12a-3dd7-45bb-9766-cc326314d9f1,6521.535068729001,0.0017186039291424047,2.6352751476921027e-07,4.656605154316712,0.0,10.0,0.008441137513987418,0.0,0.018112350012366715,0.02655348752635412,0.0,Canada,CAN,ontario,,,macOS-15.7.9-x86_64-i386-64bit,3.11.15,3.3.0,8,Intel(R) Core(TM) i7-1060NG7 CPU @ 1.20GHz,0,,-79.4057,43.709,16.0,machine,4.124683544303798,0,68.41097560975707,7.9882362691956414,N,1.0,0.0
2026-09-26T03:39:06,codecarbon,7b39bea9-b149-4954-8f6f-093764bed48b,5b0fa12a-3dd7-45bb-9766-cc326314d9f1,6536.564255724003,0.0017238281063553513,2.637208231902276e-07,4.667775159203766,0.0,10.0,0.008480114703752928,0.0,0.018154089573044492,0.02663420427679741,0.0,Canada,CAN,ontario,,,macOS-15.7.9-x86_64-i386-64bit,3.11.15,3.3.0,8,Intel(R) Core(TM) i7-1060NG7 CPU @ 1.20GHz,0,,-79.4057,43.709,16.0,machine,4.130555983366703,0,68.41905128600129,7.987927967790057,N,1.0,0.0
2026-09-26T03:39:21,codecarbon,7b39bea9-b149-4954-8f6f-093764bed48b,5b0fa12a-3dd7-45bb-9766-cc326314d9f1,6551.591167500999,0.0017288229581374534,2.638783333601821e-07,4.676546826593213,0.0,10.0,0.008515552284645587,0.0,0.018195825523669485,0.026711377808315062,0.0,Canada,CAN,ontario,,,macOS-15.7.9-x86_64-i386-64bit,3.11.15,3.3.0,8,Intel(R) Core(TM) i7-1060NG7 CPU @ 1.20GHz,0,,-79.4057,43.709,16.0,machine,4.167132759680394,0,68.42715119852589,7.987817798279221,N,1.0,0.0
2026-09-26T03:39:36,codecarbon,7b39bea9-b149-4954-8f6f-093764bed48b,5b0fa12a-3dd7-45bb-9766-cc326314d9f1,6566.620270312,0.0017338826938746489,2.6404491542074e-07,4.685533603576021,0.0,10.0,0.008551997599807421,0.0,0.018237556237030588,0.026789553836838,0.0,Canada,CAN,ontario,,,macOS-15.7.9-x86_64-i386-64bit,3.11.15,3.3.0,8,Intel(R) Core(TM) i7-1060NG7 CPU @ 1.20GHz,0,,-79.4057,43.709,16.0,machine,4.1735203925176325,0,68.43357865685473,7.987625483536567,N,1.0,0.0
2026-09-26T03:39:51,codecarbon,7b39bea9-b149-4954-8f6f-093764bed48b,5b0fa12a-3dd7-45bb-9766-cc326314d9f1,6581.684265166001,0.0017413887453244753,2.6458102138701645e-07,4.7130801035660665,0.0,10.0,0.008626141595200636,0.0,0.018279385352233366,0.02690552694743399,0.0,Canada,CAN,ontario,,,macOS-15.7.9-x86_64-i386-64bit,3.11.15,3.3.0,8,Intel(R) Core(TM) i7-1060NG7 CPU @ 1.20GHz,0,,-79.4057,43.709,16.0,machine,4.19453877925654,0,68.44021722502778,7.9874528998972645,N,1.0,0.0
2026-09-26T03:40:06,codecarbon,7b39bea9-b149-4954-8f6f-093764bed48b,5b0fa12a-3dd7-45bb-9766-cc326314d9f1,6596.731764017,0.0017482626631061687,2.6501951657976543e-07,4.738792852274273,0.0,10.0,0.008690561863042137,0.0,0.01832117134109725,0.027011733204139375,0.0,Canada,CAN,ontario,,,macOS-15.7.9-x86_64-i386-64bit,3.11.15,3.3.0,8,Intel(R) Core(TM) i7-1060NG7 CPU @ 1.20GHz,0,,-79.4057,43.709,16.0,machine,4.215460927960928,0,68.44830586080684,7.987569220919021,N,1.0,0.0
2026-09-26T03:40:21,codecarbon,7b39bea9-b149-4954-8f6f-093764bed48b,5b0fa12a-3dd7-45bb-9766-cc326314d9f1,6611.791315204002,0.0017542247084388327,2.6531761587891365e-07,4.75557111802361,0.0,10.0,0.008740854672911186,0.0,0.01836299579785836,0.027103850470769537,0.0,Canada,CAN,ontario,,,macOS-15.7.9-x86_64-i386-64bit,3.11.15,3.3.0,8,Intel(R) Core(TM) i7-1060NG7 CPU @ 1.20GHz,0,,-79.4057,43.709,16.0,machine,4.2362874980965435,0,68.45485000761481,7.9874771272680505,N,1.0,0.0
2026-09-26T03:40:36,codecarbon,7b39bea9-b149-4954-8f6f-093764bed48b,5b0fa12a-3dd7-45bb-9766-cc326314d9f1,6626.822895032001,0.0017600252491244894,2.655911100995238e-07,4.771221255801211,0.0,10.0,0.008788738902900476,0.0,0.01840473348838892,0.027193472391289383,0.0,Canada,CAN,ontario,,,macOS-15.7.9-x86_64-i386-64bit,3.11.15,3.3.0,8,Intel(R) Core(TM) i7-1060NG7 CPU @ 1.20GHz,0,,-79.4057,43.709,16.0,machine,4.257019143117594,0,68.46144029170564,7.987408179854303,N,1.0,0.0
2026-09-26T03:40:51,codecarbon,7b39bea9-b149-4954-8f6f-093764bed48b,5b0fa12a-3dd7-45bb-9766-cc326314d9f1,6641.868369311,0.0017654287143016674,2.658030265186971e-07,4.782970871420502,0.0,10.0,0.008830446017768463,0.0,0.01844651323326114,0.027276959251029593,0.0,Canada,CAN,ontario,,,macOS-15.7.9-x86_64-i386-64bit,3.11.15,3.3.0,8,Intel(R) Core(TM) i7-1060NG7 CPU @ 1.20GHz,0,,-79.4057,43.709,16.0,machine,4.29281491587085,0,68.46728816128642,7.9872441189893,N,1.0,0.0
2026-09-26T03:41:06,codecarbon,7b39bea9-b149-4954-8f6f-093764bed48b,5b0fa12a-3dd7-45bb-9766-cc326314d9f1,6656.905800102002,0.0017708940293741878,2.660235975319123e-07,4.795309304840858,0.0,10.0,0.008873130947666733,0.0,0.018488270782019475,0.027361401729686197,0.0,Canada,CAN,ontario,,,macOS-15.7.9-x86_64-i386-64bit,3.11.15,3.3.0,8,Intel(R) Core(TM) i7-1060NG7 CPU @ 1.20GHz,0,,-79.4057,43.709,16.0,machine,4.31332425892317,0,68.4729128856634,7.987079048618287,N,1.0,0.0
2026-09-26T03:41:22,codecarbon,7b39bea9-b149-4954-8f6f-093764bed48b,5b0fa12a-3dd7-45bb-9766-cc326314d9f1,6671.932603287001,0.001776595281316325,2.662789609776732e-07,4.810122693525908,0.0,10.0,0.008919491039868577,0.0,0.01852999853819447,0.02744948957806304,0.0,Canada,CAN,ontario,,,macOS-15.7.9-x86_64-i386-64bit,3.11.15,3.3.0,8,Intel(R) Core(TM) i7-1060NG7 CPU @ 1.20GHz,0,,-79.4057,43.709,16.0,machine,4.3111060811830395,0,68.47784819677176,7.986903974476381,N,1.0,0.0
2026-09-26T03:41:37,codecarbon,7b39bea9-b149-4954-8f6f-093764bed48b,5b0fa12a-3dd7-45bb-9766-cc326314d9f1,6686.972174872,0.0017821501051918044,2.665107702838494e-07,4.8228556888032905,0.0,10.0,0.008963569458105874,0.0,0.01857174556466114,0.027535315022767008,0.0,Canada,CAN,ontario,,,macOS-15.7.9-x86_64-i386-64bit,3.11.15,3.3.0,8,Intel(R) Core(TM) i7-1060NG7 CPU @ 1.20GHz,0,,-79.4057,43.709,16.0,machine,4.321439325504366,0,68.48274616079591,7.986754836967213,N,1.0,0.0
2026-09-26T03:41:52,codecarbon,7b39bea9-b149-4954-8f6f-093764bed48b,5b0fa12a-3dd7-45bb-9766-cc326314d9f1,6702.026124215001,0.0017875413765566933,2.667165635326534e-07,4.834431866844761,0.0,10.0,0.009005108877511757,0.0,0.01861350460309726,0.02761861348060901,0.0,Canada,CAN,ontario,,,macOS-15.7.9-x86_64-i386-64bit,3.11.15,3.3.0,8,Intel(R) Core(TM) i7-1060NG7 CPU @ 1.20GHz,0,,-79.4057,43.709,16.0,machine,4.342397836538462,0,68.48727463942403,7.98662711164126,N,1.0,0.0
2026-09-26T03:42:07,codecarbon,7b39bea9-b149-4954-8f6f-093764bed48b,5b0fa12a-3dd7-45bb-9766-cc326314d9f1,6717.0668602760015,0.0017933506365701176,2.6698418727611556e-07,4.84867611116226,0.0,10.0,0.009053105975493506,0.0,0.018655264144611144,0.02770837012010464,0.0,Canada,CAN,ontario,,,macOS-15.7.9-x86_64-i386-64bit,3.11.15,3.3.0,8,Intel(R) Core(TM) i7-1060NG7 CPU @ 1.20GHz,0,,-79.4057,43.709,16.0,machine,4.332633788037776,0,68.49295457952427,7.9866584082483225,N,1.0,0.0
2026-09-26T03:42:22,codecarbon,7b39bea9-b149-4954-8f6f-093764bed48b,5b0fa12a-3dd7-45bb-9766-cc326314d9f1,6732.112016065999,0.0017977749115305208,2.670447115615695e-07,4.854098280163574,0.0,10.0,0.009079677641881664,0.0,0.018697050246980592,0.02777672788886225,0.0,Canada,CAN,ontario,,,macOS-15.7.9-x86_64-i386-64bit,3.11.15,3.3.0,8,Intel(R) Core(TM) i7-1060NG7 CPU @ 1.20GHz,0,,-79.4057,43.709,16.0,machine,4.337870176488185,0,68.49754711337219,7.98662216022205,N,1.0,0.0
2026-09-26T03:42:37,codecarbon,7b39bea9-b149-4954-8f6f-093764bed48b,5b0fa12a-3dd7-45bb-9766-cc326314d9f1,6747.127992370002,0.001801378979942081,2.6698455727817413e-07,4.8507540306802674,0.0,10.0,0.009093659395973376,0.0,0.018738753566097253,0.027832412962070622,0.0,Canada,CAN,ontario,,,macOS-15.7.9-x86_64-i386-64bit,3.11.15,3.3.0,8,Intel(R) Core(TM) i7-1060NG7 CPU @ 1.20GHz,0,,-79.4057,43.709,16.0,machine,4.328159976122967,0,68.49900014923244,7.986085643805313,N,1.0,0.0
2026-09-26T03:42:52,codecarbon,7b39bea9-b149-4954-8f6f-093764bed48b,5b0fa12a-3dd7-45bb-9766-cc326314d9f1,6762.142888658,0.0018052158665685647,2.66959142433446e-07,4.848955950555187,0.0,10.0,0.00911124042703867,0.0,0.018780454792827805,0.027891695219866466,0.0,Canada,CAN,ontario,,,macOS-15.7.9-x86_64-i386-64bit,3.11.15,3.3.0,8,Intel(R) Core(TM) i7-1060NG7 CPU @ 1.20GHz,0,,-79.4057,43.709,16.0,machine,4.318493150684931,0,68.500893388923,7.9856306022657675,N,1.0,0.0
2026-09-26T03:43:07,codecarbon,7b39bea9-b149-4954-8f6f-093764bed48b,5b0fa12a-3dd7-45bb-9766-cc326314d9f1,6777.1640880680025,0.001809175576820939,2.6695171509956594e-07,4.849151906625439,0.0,10.0,0.009130701452410234,0.0,0.018822173725800025,0.02795287517821025,0.0,Canada,CAN,ontario,,,macOS-15.7.9-x86_64-i386-64bit,3.11.15,3.3.0,8,Intel(R) Core(TM) i7-1060NG7 CPU @ 1.20GHz,0,,-79.4057,43.709,16.0,machine,4.338582677165355,0,68.50514039518748,7.985583176568223,N,1.0,0.0
2026-09-26T03:43:22,codecarbon,7b39bea9-b149-4954-8f6f-093764bed48b,5b0fa12a-3dd7-45bb-9766-cc326314d9f1,6792.180141168003,0.0018132465523493784,2.6696090425504633e-07,4.849075951170154,0.0,10.0,0.009151897999597904,0.0,0.0188638762538917,0.028015774253489598,0.0,Canada,CAN,ontario,,,macOS-15.7.9-x86_64-i386-64bit,3.11.15,3.3.0,8,Intel(R) Core(TM) i7-1060NG7 CPU @ 1.20GHz,0,,-79.4057,43.709,16.0,machine,4.343759264749481,0,68.50822709754031,7.985352403361968,N,1.0,0.0
2026-09-26T03:43:37,codecarbon,7b39bea9-b149-4954-8f6f-093764bed48b,5b0fa12a-3dd7-45bb-9766-cc326314d9f1,6807.193233652,0.00181685918188618,2.6690283638554076e-07,4.8458951355877975,0.0,10.0,0.009166019852036312,0.0,0.01890557174931114,0.028071591601347444,0.0,Canada,CAN,ontario,,,macOS-15.7.9-x86_64-i386-64bit,3.11.15,3.3.0,8,Intel(R) Core(TM) i7-1060NG7 CPU @ 1.20GHz,0,,-79.4057,43.709,16.0,machine,4.334122171276438,0,68.50962875314403,7.984859769539339,N,1.0,0.0
2026-09-26T03:43:52,codecarbon,7b39bea9-b149-4954-8f6f-093764bed48b,5b0fa12a-3dd7-45bb-9766-cc326314d9f1,6822.207652061999,0.0018214688525863883,2.6699111863530755e-07,4.850180536260689,0.0,10.0,0.009195543844057068,0.0,0.018947270004233376,0.028142813848290437,0.0,Canada,CAN,ontario,,,macOS-15.7.9-x86_64-i386-64bit,3.11.15,3.3.0,8,Intel(R) Core(TM) i7-1060NG7 CPU @ 1.20GHz,0,,-79.4057,43.709,16.0,machine,4.339285714285714,0,68.51461038961139,7.984957958478151,N,1.0,0.0
2026-09-26T03:44:07,codecarbon,7b39bea9-b149-4954-8f6f-093764bed48b,5b0fa12a-3dd7-45bb-9766-cc326314d9f1,6837.224422028001,0.0018257984057672475,2.670379518163738e-07,4.852189996258436,0.0,10.0,0.00922073019492068,0.0,0.01898897791238615,0.028209708107306823,0.0,Canada,CAN,ontario,,,macOS-15.7.9-x86_64-i386-64bit,3.11.15,3.3.0,8,Intel(R) Core(TM) i7-1060NG7 CPU @ 1.20GHz,0,,-79.4057,43.709,16.0,machine,4.3444264467677804,0,68.51878957443775,7.984950269941482,N,1.0,0.0
2026-09-26T03:44:22,codecarbon,7b39bea9-b149-4954-8f6f-093764bed48b,5b0fa12a-3dd7-45bb-9766-cc326314d9f1,6852.274846395001,0.0018296506996412615,2.670136182006542e-07,4.851182743272359,0.0,10.0,0.009238460945881918,0.0,0.01903076747066948,0.02826922841655139,0.0,Canada,CAN,ontario,,,macOS-15.7.9-x86_64-i386-64bit,3.11.15,3.3.0,8,Intel(R) Core(TM) i7-1060NG7 CPU @ 1.20GHz,0,,-79.4057,43.709,16.0,machine,4.334851601528063,0,68.52151043197277,7.984714034442302,N,1.0,0.0
2026-09-26T03:44:37,codecarbon,7b39bea9-b149-4954-8f6f-093764bed48b,5b0fa12a-3dd7-45bb-9766-cc326314d9f1,6867.3110709890025,0.001834592121941368,2.6714853935940275e-07,4.858439368094558,0.0,10.0,0.009273050181305684,0.0,0.019072526248411145,0.028345576429716822,0.0,Canada,CAN,ontario,,,macOS-15.7.9-x86_64-i386-64bit,3.11.15,3.3.0,8,Intel(R) Core(TM) i7-1060NG7 CPU @ 1.20GHz,0,,-79.4057,43.709,16.0,machine,4.354640082099399,0,68.52781117138349,7.985041769486581,N,1.0,0.0
2026-09-26T03:44:52,codecarbon,7b39bea9-b149-4954-8f6f-093764bed48b,5b0fa12a-3dd7-45bb-9766-cc326314d9f1,6882.329262994001,0.001839583088572836,2.672907700688193e-07,4.865403918543047,0.0,10.0,0.009308486021993051,0.0,0.019114203911275045,0.028422689933268085,0.0,Canada,CAN,ontario,,,macOS-15.7.9-x86_64-i386-64bit,3.11.15,3.3.0,8,Intel(R) Core(TM) i7-1060NG7 CPU @ 1.20GHz,0,,-79.4057,43.709,16.0,machine,4.359713282621416,0,68.53212404915257,7.9850446490114235,N,1.0,0.0
2026-09-26T03:45:07,codecarbon,7b39bea9-b149-4954-8f6f-093764bed48b,5b0fa12a-3dd7-45bb-9766-cc326314d9f1,6897.373523860002,0.0018473453504208514,2.6783316055457223e-07,4.895755439800861,0.0,10.0,0.009386640548611973,0.0,0.019155981103455594,0.028542621652067557,0.0,Canada,CAN,ontario,,,macOS-15.7.9-x86_64-i386-64bit,3.11.15,3.3.0,8,Intel(R) Core(TM) i7-1060NG7 CPU @ 1.20GHz,0,,-79.4057,43.709,16.0,machine,4.37936067727339,0,68.5360531309308,7.984988365568674,N,1.0,0.0
2026-09-26T03:45:22,codecarbon,7b39bea9-b149-4954-8f6f-093764bed48b,5b0fa12a-3dd7-45bb-9766-cc326314d9f1,6912.396895624999,0.0018541797966411635,2.682397762510878e-07,4.917632913047686,0.0,10.0,0.00945051241947455,0.0,0.019197705629402814,0.028648218048877353,0.0,Canada,CAN,ontario,,,macOS-15.7.9-x86_64-i386-64bit,3.11.15,3.3.0,8,Intel(R) Core(TM) i7-1060NG7 CPU @ 1.20GHz,0,,-79.4057,43.709,16.0,machine,4.384357704631517,0,68.54244101369166,7.985134684237384,N,1.0,0.0
2026-09-26T03:45:37,codecarbon,7b39bea9-b149-4954-8f6f-093764bed48b,5b0fa12a-3dd7-45bb-9766-cc326314d9f1,6927.431228081001,0.0018612948257790754,2.6868470642251054e-07,4.941254470550469,0.0,10.0,0.00951869151384456,0.0,0.019239458110458366,0.02875814962430292,0.0,Canada,CAN,ontario,,,macOS-15.7.9-x86_64-i386-64bit,3.11.15,3.3.0,8,Intel(R) Core(TM) i7-1060NG7 CPU @ 1.20GHz,0,,-79.4057,43.709,16.0,machine,4.403865717192269,0,68.54691178607862,7.984890219188502,N,1.0,0.0
2026-09-26T03:45:52,codecarbon,7b39bea9-b149-4954-8f6f-093764bed48b,5b0fa12a-3dd7-45bb-9766-cc326314d9f1,6942.482374096002,0.0018674113239775224,2.689832286712406e-07,4.9585563120210425,0.0,10.0,0.009571394191012104,0.0,0.01928125909167503,0.028852653282687126,0.0,Canada,CAN,ontario,,,macOS-15.7.9-x86_64-i386-64bit,3.11.15,3.3.0,8,Intel(R) Core(TM) i7-1060NG7 CPU @ 1.20GHz,0,,-79.4057,43.709,16.0,machine,4.423288863109049,0,68.55131960556945,7.984694335410877,N,1.0,0.0
2026-09-26T03:46:07,codecarbon,7b39bea9-b149-4954-8f6f-093764bed48b,5b0fa12a-3dd7-45bb-9766-cc326314d9f1,6957.500466900001,0.0018726795656670366,2.6915981889993776e-07,4.966856463036833,0.0,10.0,0.009611110652392708,0.0,0.019322940203997253,0.02893405085638995,0.0,Canada,CAN,ontario,,,macOS-15.7.9-x86_64-i386-64bit,3.11.15,3.3.0,8,Intel(R) Core(TM) i7-1060NG7 CPU @ 1.20GHz,0,,-79.4057,43.709,16.0,machine,4.4432706222865415,0,68.55516642547133,7.9845078077744125,N,1.0,0.0
2026-09-26T03:46:22,codecarbon,7b39bea9-b149-4954-8f6f-093764bed48b,5b0fa12a-3dd7-45bb-9766-cc326314d9f1,6972.515805251001,0.001876677489769322,2.691535655402884e-07,4.966550661739026,0.0,10.0,0.009631191967047025,0.0,0.019364629275166693,0.028995821242213705,0.0,Canada,CAN,ontario,,,macOS-15.7.9-x86_64-i386-64bit,3.11.15,3.3.0,8,Intel(R) Core(TM) i7-1060NG7 CPU @ 1.20GHz,0,,-79.4057,43.709,16.0,machine,4.448086642599278,0,68.55773285198654,7.984060753226711,N,1.0,0.0
2026-09-26T03:46:37,codecarbon,7b39bea9-b149-4954-8f6f-093764bed48b,5b0fa12a-3dd7-45bb-9766-cc326314d9f1,6987.528937917999,0.0018807690632553563,2.6916082637587605e-07,4.966582875807729,0.0,10.0,0.009652717311862515,0.0,0.01940632125674169,0.029059038568604194,0.0,Canada,CAN,ontario,,,macOS-15.7.9-x86_64-i386-64bit,3.11.15,3.3.0,8,Intel(R) Core(TM) i7-1060NG7 CPU @ 1.20GHz,0,,-79.4057,43.709,16.0,machine,4.438472622478386,0,68.56073487031797,7.9836891993322014,N,1.0,0.0
2026-09-26T03:46:52,codecarbon,7b39bea9-b149-4954-8f6f-093764bed48b,5b0fa12a-3dd7-45bb-9766-cc326314d9f1,7002.543096264002,0.0018850141416300887,2.6918993795779444e-07,4.968215452038232,0.0,10.0,0.009676611803308704,0.0,0.019448015836611137,0.02912462763991983,0.0,Canada,CAN,ontario,,,macOS-15.7.9-x86_64-i386-64bit,3.11.15,3.3.0,8,Intel(R) Core(TM) i7-1060NG7 CPU @ 1.20GHz,0,,-79.4057,43.709,16.0,machine,4.4432782171099925,0,68.56347951114404,7.983285825771878,N,1.0,0.0
2026-09-26T03:47:07,codecarbon,7b39bea9-b149-4954-8f6f-093764bed48b,5b0fa12a-3dd7-45bb-9766-cc326314d9f1,7017.573016771999,0.0018900297387688307,2.693281187458484e-07,4.975882390554391,0.0,10.0,0.00971236574266838,0.0,0.019489755957286144,0.029202121699954512,0.0,Canada,CAN,ontario,,,macOS-15.7.9-x86_64-i386-64bit,3.11.15,3.3.0,8,Intel(R) Core(TM) i7-1060NG7 CPU @ 1.20GHz,0,,-79.4057,43.709,16.0,machine,4.433715925394548,0,68.56734576757628,7.983069905044359,N,1.0,0.0
2026-09-26T03:47:22,codecarbon,7b39bea9-b149-4954-8f6f-093764bed48b,5b0fa12a-3dd7-45bb-9766-cc326314d9f1,7032.594441069003,0.001893893072183539,2.693021882683248e-07,4.974942344188989,0.0,10.0,0.00973033691364413,0.0,0.019531475663247238,0.029261812576891352,0.0,Canada,CAN,ontario,,,macOS-15.7.9-x86_64-i386-64bit,3.11.15,3.3.0,8,Intel(R) Core(TM) i7-1060NG7 CPU @ 1.20GHz,0,,-79.4057,43.709,16.0,machine,4.4241947029348605,0,68.57016463851208,7.98268791531868,N,1.0,0.0
2026-09-26T03:47:37,codecarbon,7b39bea9-b149-4954-8f6f-093764bed48b,5b0fa12a-3dd7-45bb-9766-cc326314d9f1,7047.612737597003,0.0018975820577033869,2.69251749259764e-07,4.972160325003921,0.0,10.0,0.009745626642882508,0.0,0.019573183028758354,0.029318809671640845,0.0,Canada,CAN,ontario,,,macOS-15.7.9-x86_64-i386-64bit,3.11.15,3.3.0,8,Intel(R) Core(TM) i7-1060NG7 CPU @ 1.20GHz,0,,-79.4057,43.709,16.0,machine,4.414714285714286,0,68.57191428571531,7.982139958517892,N,1.0,0.0
2026-09-26T03:47:52,codecarbon,7b39bea9-b149-4954-8f6f-093764bed48b,5b0fa12a-3dd7-45bb-9766-cc326314d9f1,7062.636632829002,0.0019014703616757652,2.6922953289671284e-07,4.970837728785615,0.0,10.0,0.009763986919029372,0.0,0.019614899440019474,0.02937888635904883,0.0,Canada,CAN,ontario,,,macOS-15.7.9-x86_64-i386-64bit,3.11.15,3.3.0,8,Intel(R) Core(TM) i7-1060NG7 CPU @ 1.20GHz,0,,-79.4057,43.709,16.0,machine,4.419529579472559,0,68.57322879543938,7.981533234338631,N,1.0,0.0
2026-09-26T03:48:07,codecarbon,7b39bea9-b149-4954-8f6f-093764bed48b,5b0fa12a-3dd7-45bb-9766-cc326314d9f1,7077.651439721001,0.0019051791452832161,2.69182392140848e-07,4.96826488230513,0.0,10.0,0.009779590262545663,0.0,0.019656599083880576,0.029436189346426226,0.0,Canada,CAN,ontario,,,macOS-15.7.9-x86_64-i386-64bit,3.11.15,3.3.0,8,Intel(R) Core(TM) i7-1060NG7 CPU @ 1.20GHz,0,,-79.4057,43.709,16.0,machine,4.424324324324324,0,68.57433854907637,7.980881890395966,N,1.0,0.0
2026-09-26T03:48:22,codecarbon,7b39bea9-b149-4954-8f6f-093764bed48b,5b0fa12a-3dd7-45bb-9766-cc326314d9f1,7092.671308853001,0.0019088781778225994,2.691338840755185e-07,4.965542720205859,0.0,10.0,0.009795030786211311,0.0,0.019698310887594456,0.029493341673805757,0.0,Canada,CAN,ontario,,,macOS-15.7.9-x86_64-i386-64bit,3.11.15,3.3.0,8,Intel(R) Core(TM) i7-1060NG7 CPU @ 1.20GHz,0,,-79.4057,43.709,16.0,machine,4.422001419446416,0,68.57535841022097,7.98023302174359,N,1.0,0.0
2026-09-26T03:48:37,codecarbon,7b39bea9-b149-4954-8f6f-093764bed48b,5b0fa12a-3dd7-45bb-9766-cc326314d9f1,7107.691288819002,0.0019125776983041555,2.6908564547714696e-07,4.962855568585265,0.0,10.0,0.009810479751141916,0.0,0.01974002178905,0.029550501540191905,0.0,Canada,CAN,ontario,,,macOS-15.7.9-x86_64-i386-64bit,3.11.15,3.3.0,8,Intel(R) Core(TM) i7-1060NG7 CPU @ 1.20GHz,0,,-79.4057,43.709,16.0,machine,4.412606232294618,0,68.57637393767799,7.979584833852968,N,1.0,0.0
2026-09-26T03:48:52,codecarbon,7b39bea9-b149-4954-8f6f-093764bed48b,5b0fa12a-3dd7-45bb-9766-cc326314d9f1,7122.709115883001,0.001916262104437021,2.690355696491843e-07,4.960104507009551,0.0,10.0,0.009825695825202086,0.0,0.019781732055394446,0.029607427880596518,0.0,Canada,CAN,ontario,,,macOS-15.7.9-x86_64-i386-64bit,3.11.15,3.3.0,8,Intel(R) Core(TM) i7-1060NG7 CPU @ 1.20GHz,0,,-79.4057,43.709,16.0,machine,4.403250883392226,0,68.57735689046027,7.978934876674477,N,1.0,0.0
2026-09-26T03:49:07,codecarbon,7b39bea9-b149-4954-8f6f-093764bed48b,5b0fa12a-3dd7-45bb-9766-cc326314d9f1,7137.729641843001,0.0019199374397554686,2.6898433200668696e-07,4.957295608203643,0.0,10.0,0.009840766460326583,0.0,0.019823447611013886,0.02966421407134046,0.0,Canada,CAN,ontario,,,macOS-15.7.9-x86_64-i386-64bit,3.11.15,3.3.0,8,Intel(R) Core(TM) i7-1060NG7 CPU @ 1.20GHz,0,,-79.4057,43.709,16.0,machine,4.422143864598025,0,68.57846262341411,7.978303143672109,N,1.0,0.0
2026-09-26T03:49:22,codecarbon,7b39bea9-b149-4954-8f6f-093764bed48b,5b0fa12a-3dd7-45bb-9766-cc326314d9f1,7152.747085812,0.0019236573460910229,2.689396567518428e-07,4.9547208759238295,0.0,10.0,0.009856534509987322,0.0,0.019865154401719442,0.02972168891170675,0.0,Canada,CAN,ontario,,,macOS-15.7.9-x86_64-i386-64bit,3.11.15,3.3.0,8,Intel(R) Core(TM) i7-1060NG7 CPU @ 1.20GHz,0,,-79.4057,43.709,16.0,machine,4.431569317382126,0,68.57949331456803,7.977663425926085,N,1.0,0.0
2026-09-26T03:49:37,codecarbon,7b39bea9-b149-4954-8f6f-093764bed48b,5b0fa12a-3dd7-45bb-9766-cc326314d9f1,7167.765156424,0.001927404785205735,2.688989863846652e-07,4.95240508805307,0.0,10.0,0.009872730513630664,0.0,0.019906858636811117,0.029779589150441765,0.0,Canada,CAN,ontario,,,macOS-15.7.9-x86_64-i386-64bit,3.11.15,3.3.0,8,Intel(R) Core(TM) i7-1060NG7 CPU @ 1.20GHz,0,,-79.4057,43.709,16.0,machine,4.4737359550561795,0,68.58046348314686,7.977027318718728,N,1.0,0.0
2026-09-26T03:49:52,codecarbon,7b39bea9-b149-4954-8f6f-093764bed48b,5b0fa12a-3dd7-45bb-9766-cc326314d9f1,7182.790070761002,0.0019311517262018507,2.6885816057230933e-07,4.950177705142121,0.0,10.0,0.009888893085335401,0.0,0.019948588607602773,0.029837481692938157,0.0,Canada,CAN,ontario,,,macOS-15.7.9-x86_64-i386-64bit,3.11.15,3.3.0,8,Intel(R) Core(TM) i7-1060NG7 CPU @ 1.20GHz,0,,-79.4057,43.709,16.0,machine,4.478346180798879,0,68.58155571128316,7.976417510494454,N,1.0,0.0
2026-09-26T03:50:07,codecarbon,7b39bea9-b149-4954-8f6f-093764bed48b,5b0fa12a-3dd7-45bb-9766-cc326314d9f1,7197.813474259001,0.00193570947068979,2.689302074320656e-07,4.95263207116192,0.0,10.0,0.009917589818762299,0.0,0.019990311829208327,0.02990790164797061,0.0,Canada,CAN,ontario,,,macOS-15.7.9-x86_64-i386-64bit,3.11.15,3.3.0,8,Intel(R) Core(TM) i7-1060NG7 CPU @ 1.20GHz,0,,-79.4057,43.709,16.0,machine,4.496923076923077,0,68.58395804195877,7.976017901547305,N,1.0,0.0
2026-09-26T03:50:22,codecarbon,7b39bea9-b149-4954-8f6f-093764bed48b,5b0fa12a-3dd7-45bb-9766-cc326314d9f1,7212.837132406003,0.0019395620319838378,2.6890417686956057e-07,4.9511174545285686,0.0,10.0,0.009935387668044167,0.0,0.020032038420974993,0.02996742608901914,0.0,Canada,CAN,ontario,,,macOS-15.7.9-x86_64-i386-64bit,3.11.15,3.3.0,8,Intel(R) Core(TM) i7-1060NG7 CPU @ 1.20GHz,0,,-79.4057,43.709,16.0,machine,4.522400558269365,0,68.58815073272928,7.975923299955806,N,1.0,0.0
2026-09-26T03:50:37,codecarbon,7b39bea9-b149-4954-8f6f-093764bed48b,5b0fa12a-3dd7-45bb-9766-cc326314d9f1,7227.850403001001,0.0019435071939177043,2.6889145258329653e-07,4.949890461387624,0.0,10.0,0.009954647180909696,0.0,0.020073734085986103,0.030028381266895783,0.0,Canada,CAN,ontario,,,macOS-15.7.9-x86_64-i386-64bit,3.11.15,3.3.0,8,Intel(R) Core(TM) i7-1060NG7 CPU @ 1.20GHz,0,,-79.4057,43.709,16.0,machine,4.512952646239555,0,68.59266016713164,7.975890999584145,N,1.0,0.0
2026-09-26T03:50:52,codecarbon,7b39bea9-b149-4954-8f6f-093764bed48b,5b0fa12a-3dd7-45bb-9766-cc326314d9f1,7242.870253500001,0.0019474153044655158,2.688734212137044e-07,4.948915750648168,0.0,10.0,0.009973312864498885,0.0,0.020115451113575,0.030088763978073866,0.0,Canada,CAN,ontario,,,macOS-15.7.9-x86_64-i386-64bit,3.11.15,3.3.0,8,Intel(R) Core(TM) i7-1060NG7 CPU @ 1.20GHz,0,,-79.4057,43.709,16.0,machine,4.503544127866574,0,68.59646977067483,7.975743287532507,N,1.0,0.0
2026-09-26T03:51:07,codecarbon,7b39bea9-b149-4954-8f6f-093764bed48b,5b0fa12a-3dd7-45bb-9766-cc326314d9f1,7257.882042175002,0.0019515300094376557,2.688842279465914e-07,4.94989870025874,0.0,10.0,0.009995199056776722,0.0,0.020157139643372225,0.03015233870014893,0.0,Canada,CAN,ontario,,,macOS-15.7.9-x86_64-i386-64bit,3.11.15,3.3.0,8,Intel(R) Core(TM) i7-1060NG7 CPU @ 1.20GHz,0,,-79.4057,43.709,16.0,machine,4.494798168955472,0,68.60081842141842,7.9757388497642445,N,1.0,0.0
2026-09-26T03:51:22,codecarbon,7b39bea9-b149-4954-8f6f-093764bed48b,5b0fa12a-3dd7-45bb-9766-cc326314d9f1,7272.896398511002,0.0019556322815115386,2.688931856518567e-07,4.950611622246613,0.0,10.0,0.010016888809956133,0.0,0.020198832516344446,0.03021572132630056,0.0,Canada,CAN,ontario,,,macOS-15.7.9-x86_64-i386-64bit,3.11.15,3.3.0,8,Intel(R) Core(TM) i7-1060NG7 CPU @ 1.20GHz,0,,-79.4057,43.709,16.0,machine,4.499307862679956,0,68.6055786268003,7.975752123434546,N,1.0,0.0
2026-09-26T03:51:37,codecarbon,7b39bea9-b149-4954-8f6f-093764bed48b,5b0fa12a-3dd7-45bb-9766-cc326314d9f1,7287.911421798002,0.0019597872596574498,2.6890931382559945e-07,4.950674423103683,0.0,10.0,0.01003938526838115,0.0,0.020240533025294445,0.030279918293675576,0.0,Canada,CAN,ontario,,,macOS-15.7.9-x86_64-i386-64bit,3.11.15,3.3.0,8,Intel(R) Core(TM) i7-1060NG7 CPU @ 1.20GHz,0,,-79.4057,43.709,16.0,machine,4.503798867246857,0,68.60931067827124,7.975618117124703,N,1.0,0.0
2026-09-26T03:51:53,codecarbon,7b39bea9-b149-4954-8f6f-093764bed48b,5b0fa12a-3dd7-45bb-9766-cc326314d9f1,7302.943677677002,0.001963628355635996,2.6888176087654123e-07,4.948912526906405,0.0,10.0,0.01005702998986594,0.0,0.020282235598683328,0.030339265588549248,0.0,Canada,CAN,ontario,,,macOS-15.7.9-x86_64-i386-64bit,3.11.15,3.3.0,8,Intel(R) Core(TM) i7-1060NG7 CPU @ 1.20GHz,0,,-79.4057,43.709,16.0,machine,4.494485800937414,0,68.6119520264689,7.975315523634017,N,1.0,0.0
2026-09-26T03:52:08,codecarbon,7b39bea9-b149-4954-8f6f-093764bed48b,5b0fa12a-3dd7-45bb-9766-cc326314d9f1,7318.018823152001,0.001967762106860822,2.688927364651505e-07,4.95115185809716,0.0,10.0,0.01007903345885989,0.0,0.02032410112808055,0.03040313458694042,0.0,Canada,CAN,ontario,,,macOS-15.7.9-x86_64-i386-64bit,3.11.15,3.3.0,8,Intel(R) Core(TM) i7-1060NG7 CPU @ 1.20GHz,0,,-79.4057,43.709,16.0,machine,4.498968221213372,0,68.61498142798256,7.975070529338959,N,1.0,0.0
2026-09-26T03:52:23,codecarbon,7b39bea9-b149-4954-8f6f-093764bed48b,5b0fa12a-3dd7-45bb-9766-cc326314d9f1,7333.033281348002,0.0019713954195065262,2.688376479240706e-07,4.9480991462229875,0.0,10.0,0.010093468268668953,0.0,0.02036580323288054,0.030459271501549475,0.0,Canada,CAN,ontario,,,macOS-15.7.9-x86_64-i386-64bit,3.11.15,3.3.0,8,Intel(R) Core(TM) i7-1060NG7 CPU @ 1.20GHz,0,,-79.4057,43.709,16.0,machine,4.517160900604064,0,68.61831411312538,7.974877271594614,N,1.0,0.0
2026-09-26T03:52:38,codecarbon,7b39bea9-b149-4954-8f6f-093764bed48b,5b0fa12a-3dd7-45bb-9766-cc326314d9f1,7348.067659077002,0.0019756788618213875,2.688705321569609e-07,4.948754110328168,0.0,10.0,0.010117939309656264,0.0,0.02040751400967499,0.030525453319331236,0.0,Canada,CAN,ontario,,,macOS-15.7.9-x86_64-i386-64bit,3.11.15,3.3.0,8,Intel(R) Core(TM) i7-1060NG7 CPU @ 1.20GHz,0,,-79.4057,43.709,16.0,machine,4.535278805315797,0,68.62252363337515,7.974833728744814,N,1.0,0.0
2026-09-26T03:52:53,codecarbon,7b39bea9-b149-4954-8f6f-093764bed48b,5b0fa12a-3dd7-45bb-9766-cc326314d9f1,7363.105812785001,0.001981029957995725,2.690481446777451e-07,4.957836944372685,0.0,10.0,0.010158825099921555,0.0,0.02044930594585275,0.030608131045774287,0.0,Canada,CAN,ontario,,,macOS-15.7.9-x86_64-i386-64bit,3.11.15,3.3.0,8,Intel(R) Core(TM) i7-1060NG7 CPU @ 1.20GHz,0,,-79.4057,43.709,16.0,machine,4.539649986327591,0,68.62783702488447,7.974976339071606,N,1.0,0.0
2026-09-26T03:53:08,codecarbon,7b39bea9-b149-4954-8f6f-093764bed48b,5b0fa12a-3dd7-45bb-9766-cc326314d9f1,7378.149212152002,0.001986394758661644,2.692266992093357e-07,4.967977869680351,0.0,10.0,0.010199939095511854,0.0,0.02049108141952775,0.030691020515039583,0.0,Canada,CAN,ontario,,,macOS-15.7.9-x86_64-i386-64bit,3.11.15,3.3.0,8,Intel(R) Core(TM) i7-1060NG7 CPU @ 1.20GHz,0,,-79.4057,43.709,16.0,machine,4.530358848410424,0,68.6321189793976,7.974997255125188,N,1.0,0.0
2026-09-26T03:53:23,codecarbon,7b39bea9-b149-4954-8f6f-093764bed48b,5b0fa12a-3dd7-45bb-9766-cc326314d9f1,7393.179708668002,0.0019918073763252556,2.694114650006406e-07,4.977592791579367,0.0,10.0,0.010241826057362255,0.0,0.020532822728961096,0.030774648786323328,0.0,Canada,CAN,ontario,,,macOS-15.7.9-x86_64-i386-64bit,3.11.15,3.3.0,8,Intel(R) Core(TM) i7-1060NG7 CPU @ 1.20GHz,0,,-79.4057,43.709,16.0,machine,4.544934640522876,0,68.63607026143859,7.975006204804564,N,1.0,0.0
2026-09-26T03:53:38,codecarbon,7b39bea9-b149-4954-8f6f-093764bed48b,5b0fa12a-3dd7-45bb-9766-cc326314d9f1,7408.240574084,0.0019972060141506057,2.6959248882080917e-07,4.987973189727922,0.0,10.0,0.010283428508820457,0.0,0.020574632551688874,0.03085806106050931,0.0,Canada,CAN,ontario,,,macOS-15.7.9-x86_64-i386-64bit,3.11.15,3.3.0,8,Intel(R) Core(TM) i7-1060NG7 CPU @ 1.20GHz,0,,-79.4057,43.709,16.0,machine,4.549259410245957,0,68.64000543552181,7.975048649908813,N,1.0,0.0
2026-09-26T03:53:53,codecarbon,7b39bea9-b149-4954-8f6f-093764bed48b,5b0fa12a-3dd7-45bb-9766-cc326314d9f1,7423.278822717002,0.0020025394628372995,2.6976481830495866e-07,4.997650594577521,0.0,10.0,0.010324084309541329,0.0,0.02061638181287499,0.030940466122416296,0.0,Canada,CAN,ontario,,,macOS-15.7.9-x86_64-i386-64bit,3.11.15,3.3.0,8,Intel(R) Core(TM) i7-1060NG7 CPU @ 1.20GHz,0,,-79.4057,43.709,16.0,machine,4.573908326552753,0,68.64380254949891,7.975095764420884,N,1.0,0.0
2026-09-26T03:54:08,codecarbon,7b39bea9-b149-4954-8f6f-093764bed48b,5b0fa12a-3dd7-45bb-9766-cc326314d9f1,7438.3308064990015,0.002007883936517113,2.6993743472161643e-07,5.007274844090946,0.0,10.0,0.010364860644368836,0.0,0.020658180882877766,0.031023041527246577,0.0,Canada,CAN,ontario,,,macOS-15.7.9-x86_64-i386-64bit,3.11.15,3.3.0,8,Intel(R) Core(TM) i7-1060NG7 CPU @ 1.20GHz,0,,-79.4057,43.709,16.0,machine,4.598457166057654,0,68.64746244417445,7.975141802762097,N,1.0,0.0
2026-09-26T03:54:23,codecarbon,7b39bea9-b149-4954-8f6f-093764bed48b,5b0fa12a-3dd7-45bb-9766-cc326314d9f1,7453.362778911,0.002013652058876627,2.7016691909512004e-07,5.020060898459036,0.0,10.0,0.010412232021286993,0.0,0.02069993054340555,0.03111216256469252,0.0,Canada,CAN,ontario,,,macOS-15.7.9-x86_64-i386-64bit,3.11.15,3.3.0,8,Intel(R) Core(TM) i7-1060NG7 CPU @ 1.20GHz,0,,-79.4057,43.709,16.0,machine,4.616776982304471,0,68.65201945157436,7.975330700089154,N,1.0,0.0
2026-09-26T03:54:38,codecarbon,7b39bea9-b149-4954-8f6f-093764bed48b,5b0fa12a-3dd7-45bb-9766-cc326314d9f1,7468.3784111660025,0.0020190123675484437,2.7034146589704266e-07,5.028599816339375,0.0,10.0,0.010453348378189464,0.0,0.020741634251697227,0.031194982629886667,0.0,Canada,CAN,ontario,,,macOS-15.7.9-x86_64-i386-64bit,3.11.15,3.3.0,8,Intel(R) Core(TM) i7-1060NG7 CPU @ 1.20GHz,0,,-79.4057,43.709,16.0,machine,4.634402803990294,0,68.65696953356768,7.97537094912268,N,1.0,0.0
2026-09-26T03:54:53,codecarbon,7b39bea9-b149-4954-8f6f-093764bed48b,5b0fa12a-3dd7-45bb-9766-cc326314d9f1,7483.4155658180025,0.002024259807815557,2.704994517559293e-07,5.037928224081486,0.0,10.0,0.010492659057485889,0.0,0.020783399751336116,0.031276058808821984,0.0,Canada,CAN,ontario,,,macOS-15.7.9-x86_64-i386-64bit,3.11.15,3.3.0,8,Intel(R) Core(TM) i7-1060NG7 CPU @ 1.20GHz,0,,-79.4057,43.709,16.0,machine,4.635813265168841,0,68.66212834656328,7.975218261345132,N,1.0,0.0
2026-09-26T03:55:08,codecarbon,7b39bea9-b149-4954-8f6f-093764bed48b,5b0fa12a-3dd7-45bb-9766-cc326314d9f1,7498.429205354001,0.0020279082660642446,2.7044441049283827e-07,5.034971084694663,0.0,10.0,0.010507331220516194,0.0,0.020825098511794444,0.03133242973231062,0.0,Canada,CAN,ontario,,,macOS-15.7.9-x86_64-i386-64bit,3.11.15,3.3.0,8,Intel(R) Core(TM) i7-1060NG7 CPU @ 1.20GHz,0,,-79.4057,43.709,16.0,machine,4.639903329752954,0,68.66452738990398,7.974630550462372,N,1.0,0.0
2026-09-26T03:55:23,codecarbon,7b39bea9-b149-4954-8f6f-093764bed48b,5b0fa12a-3dd7-45bb-9766-cc326314d9f1,7513.443781383001,0.0020315625245302693,2.7039032747727823e-07,5.03193313370579,0.0,10.0,0.010522090454009954,0.0,0.02086679981871389,0.03138889027272383,0.0,Canada,CAN,ontario,,,macOS-15.7.9-x86_64-i386-64bit,3.11.15,3.3.0,8,Intel(R) Core(TM) i7-1060NG7 CPU @ 1.20GHz,0,,-79.4057,43.709,16.0,machine,4.6305775157443385,0,68.67005225780582,7.974547977950991,N,1.0,0.0
2026-09-26T03:55:38,codecarbon,7b39bea9-b149-4954-8f6f-093764bed48b,5b0fa12a-3dd7-45bb-9766-cc326314d9f1,7528.456875833002,0.0020352118361542126,2.7033585630109917e-07,5.028950946464394,0.0,10.0,0.010536777059329384,0.0,0.020908497322055557,0.03144527438138493,0.0,Canada,CAN,ontario,,,macOS-15.7.9-x86_64-i386-64bit,3.11.15,3.3.0,8,Intel(R) Core(TM) i7-1060NG7 CPU @ 1.20GHz,0,,-79.4057,43.709,16.0,machine,4.621289114736561,0,68.67592939288645,7.97450672352687,N,1.0,0.0
2026-09-26T03:55:53,codecarbon,7b39bea9-b149-4954-8f6f-093764bed48b,5b0fa12a-3dd7-45bb-9766-cc326314d9f1,7543.476354786002,0.002039657138374395,2.703868935812761e-07,5.034565605301426,0.0,10.0,0.01056374649258919,0.0,0.020950210541647234,0.03151395703423642,0.0,Canada,CAN,ontario,,,macOS-15.7.9-x86_64-i386-64bit,3.11.15,3.3.0,8,Intel(R) Core(TM) i7-1060NG7 CPU @ 1.20GHz,0,,-79.4057,43.709,16.0,machine,4.652075270252236,0,68.68050180168221,7.974228306954492,N,1.0,0.0
2026-09-26T03:56:08,codecarbon,7b39bea9-b149-4954-8f6f-093764bed48b,5b0fa12a-3dd7-45bb-9766-cc326314d9f1,7558.49017641,0.0020432230057624737,2.7032157984928787e-07,5.030949883185489,0.0,10.0,0.010577141788993822,0.0,0.020991910089147234,0.03156905187814105,0.0,Canada,CAN,ontario,,,macOS-15.7.9-x86_64-i386-64bit,3.11.15,3.3.0,8,Intel(R) Core(TM) i7-1060NG7 CPU @ 1.20GHz,0,,-79.4057,43.709,16.0,machine,4.656100159829515,0,68.6815396909969,7.973392489620772,N,1.0,0.0
2026-09-26T03:56:23,codecarbon,7b39bea9-b149-4954-8f6f-093764bed48b,5b0fa12a-3dd7-45bb-9766-cc326314d9f1,7573.503377942001,0.0020468414948536383,2.7026349533494765e-07,5.0276568135671384,0.0,10.0,0.010591350182733673,0.0,0.021033609576983348,0.03162495975971701,0.0,Canada,CAN,ontario,,,macOS-15.7.9-x86_64-i386-64bit,3.11.15,3.3.0,8,Intel(R) Core(TM) i7-1060NG7 CPU @ 1.20GHz,0,,-79.4057,43.709,16.0,machine,4.6468164296158445,0,68.68220124950219,7.972498058971692,N,1.0,0.0
2026-09-26T03:56:38,codecarbon,7b39bea9-b149-4954-8f6f-093764bed48b,5b0fa12a-3dd7-45bb-9766-cc326314d9f1,7588.515070742,0.0020504997111482634,2.7021092954721734e-07,5.024751833820921,0.0,10.0,0.010606176727207563,0.0,0.021075304723808346,0.031681481451015896,0.0,Canada,CAN,ontario,,,macOS-15.7.9-x86_64-i386-64bit,3.11.15,3.3.0,8,Intel(R) Core(TM) i7-1060NG7 CPU @ 1.20GHz,0,,-79.4057,43.709,16.0,machine,4.637569647121253,0,68.68591138233018,7.972099138716862,N,1.0,0.0
2026-09-26T03:56:53,codecarbon,7b39bea9-b149-4954-8f6f-093764bed48b,5b0fa12a-3dd7-45bb-9766-cc326314d9f1,7603.526616511001,0.002054102626869131,2.7015130352916275e-07,5.021494175743055,0.0,10.0,0.010620154528952588,0.0,0.021116994185491674,0.03173714871444425,0.0,Canada,CAN,ontario,,,macOS-15.7.9-x86_64-i386-64bit,3.11.15,3.3.0,8,Intel(R) Core(TM) i7-1060NG7 CPU @ 1.20GHz,0,,-79.4057,43.709,16.0,machine,4.628359592215014,0,68.68916986627892,7.971629892897483,N,1.0,0.0
2026-09-26T03:57:08,codecarbon,7b39bea9-b149-4954-8f6f-093764bed48b,5b0fa12a-3dd7-45bb-9766-cc326314d9f1,7618.539742928002,0.0020577117789216197,2.700926750210517e-07,5.018218992969967,0.0,10.0,0.010634220561981043,0.0,0.021158691771050012,0.03179291233303105,0.0,Canada,CAN,ontario,,,macOS-15.7.9-x86_64-i386-64bit,3.11.15,3.3.0,8,Intel(R) Core(TM) i7-1060NG7 CPU @ 1.20GHz,0,,-79.4057,43.709,16.0,machine,4.619186046511628,0,68.69195295983148,7.971097393721405,N,1.0,0.0
2026-09-26T03:57:23,codecarbon,7b39bea9-b149-4954-8f6f-093764bed48b,5b0fa12a-3dd7-45bb-9766-cc326314d9f1,7633.552923826999,0.002061308076157084,2.700325912096604e-07,5.014906080565148,0.0,10.0,0.010648087618928877,0.0,0.02120038971786113,0.031848477336790006,0.0,Canada,CAN,ontario,,,macOS-15.7.9-x86_64-i386-64bit,3.11.15,3.3.0,8,Intel(R) Core(TM) i7-1060NG7 CPU @ 1.20GHz,0,,-79.4057,43.709,16.0,machine,4.610048793353554,0,68.69508110246665,7.970616196385006,N,1.0,0.0
2026-09-26T03:57:38,codecarbon,7b39bea9-b149-4954-8f6f-093764bed48b,5b0fa12a-3dd7-45bb-9766-cc326314d9f1,7648.5675232210015,0.0020649545878170784,2.6997925840987733e-07,5.011821276367297,0.0,10.0,0.010662725225133503,0.0,0.021242092959152806,0.03190481818428631,0.0,Canada,CAN,ontario,,,macOS-15.7.9-x86_64-i386-64bit,3.11.15,3.3.0,8,Intel(R) Core(TM) i7-1060NG7 CPU @ 1.20GHz,0,,-79.4057,43.709,16.0,machine,4.614108976046328,0,68.69752566464922,7.970043882253014,N,1.0,0.0
2026-09-26T03:57:53,codecarbon,7b39bea9-b149-4954-8f6f-093764bed48b,5b0fa12a-3dd7-45bb-9766-cc326314d9f1,7663.577187856001,0.0020685295848084945,2.699169766419742e-07,5.008415858512396,0.0,10.0,0.010676273679784876,0.0,0.021283780406391693,0.03196005408617657,0.0,Canada,CAN,ontario,,,macOS-15.7.9-x86_64-i386-64bit,3.11.15,3.3.0,8,Intel(R) Core(TM) i7-1060NG7 CPU @ 1.20GHz,0,,-79.4057,43.709,16.0,machine,4.60501773282543,0,68.70043346906672,7.969560416975864,N,1.0,0.0
2026-09-26T03:58:08,codecarbon,7b39bea9-b149-4954-8f6f-093764bed48b,5b0fa12a-3dd7-45bb-9766-cc326314d9f1,7678.590334215001,0.0020721325925406766,2.698584639041712e-07,5.005133854530162,0.0,10.0,0.010690244981152959,0.0,0.02132547779008336,0.03201572277123631,0.0,Canada,CAN,ontario,,,macOS-15.7.9-x86_64-i386-64bit,3.11.15,3.3.0,8,Intel(R) Core(TM) i7-1060NG7 CPU @ 1.20GHz,0,,-79.4057,43.709,16.0,machine,4.595962244362874,0,68.7033036182492,7.969077737405154,N,1.0,0.0
2026-09-26T03:58:23,codecarbon,7b39bea9-b149-4954-8f6f-093764bed48b,5b0fa12a-3dd7-45bb-9766-cc326314d9f1,7693.602180620001,0.002075846919111422,2.6981469412863983e-07,5.002774990779976,0.0,10.0,0.010705937839180129,0.0,0.021367173561625027,0.03207311140080514,0.0,Canada,CAN,ontario,,,macOS-15.7.9-x86_64-i386-64bit,3.11.15,3.3.0,8,Intel(R) Core(TM) i7-1060NG7 CPU @ 1.20GHz,0,,-79.4057,43.709,16.0,machine,4.586942300143923,0,68.70599241135746,7.968581402658964,N,1.0,0.0
2026-09-26T03:58:38,codecarbon,7b39bea9-b149-4954-8f6f-093764bed48b,5b0fa12a-3dd7-45bb-9766-cc326314d9f1,7708.615412809002,0.0020797558696293854,2.697962939198606e-07,5.0020276682839055,0.0,10.0,0.010724643862166356,0.0,0.02140886322787225,0.03213350709003859,0.0,Canada,CAN,ontario,,,macOS-15.7.9-x86_64-i386-64bit,3.11.15,3.3.0,8,Intel(R) Core(TM) i7-1060NG7 CPU @ 1.20GHz,0,,-79.4057,43.709,16.0,machine,4.585085542640721,0,68.70942928039769,7.968289464856153,N,1.0,0.0
2026-09-26T03:58:53,codecarbon,7b39bea9-b149-4954-8f6f-093764bed48b,5b0fa12a-3dd7-45bb-9766-cc326314d9f1,7723.646461773002,0.0020839079034140457,2.6980881552878255e-07,5.003161786906695,0.0,10.0,0.01074704901224392,0.0,0.021450609552977794,0.03219765856522171,0.0,Canada,CAN,ontario,,,macOS-15.7.9-x86_64-i386-64bit,3.11.15,3.3.0,8,Intel(R) Core(TM) i7-1060NG7 CPU @ 1.20GHz,0,,-79.4057,43.709,16.0,machine,4.589155370177268,0,68.71274765380667,7.96792393009158,N,1.0,0.0
2026-09-26T03:59:08,codecarbon,7b39bea9-b149-4954-8f6f-093764bed48b,5b0fa12a-3dd7-45bb-9766-cc326314d9f1,7738.673271812,0.0020884178266394444,2.6986768316559826e-07,5.00533226528074,0.0,10.0,0.010775008185046732,0.0,0.021492331467294457,0.03226733965234118,0.0,Canada,CAN,ontario,,,macOS-15.7.9-x86_64-i386-64bit,3.11.15,3.3.0,8,Intel(R) Core(TM) i7-1060NG7 CPU @ 1.20GHz,0,,-79.4057,43.709,16.0,machine,4.593209314426955,0,68.71532457395668,7.967450164858442,N,1.0,0.0
2026-09-26T03:59:23,codecarbon,7b39bea9-b149-4954-8f6f-093764bed48b,5b0fa12a-3dd7-45bb-9766-cc326314d9f1,7753.718302387002,0.002094014239978228,2.700658133702872e-07,5.015703344583937,0.0,10.0,0.01081969271266392,0.0,0.021534114967163905,0.03235380767982781,0.0,Canada,CAN,ontario,,,macOS-15.7.9-x86_64-i386-64bit,3.11.15,3.3.0,8,Intel(R) Core(TM) i7-1060NG7 CPU @ 1.20GHz,0,,-79.4057,43.709,16.0,machine,4.610231108802909,0,68.72076084134055,7.967411564777684,N,1.0,0.0
2026-09-26T03:59:38,codecarbon,7b39bea9-b149-4954-8f6f-093764bed48b,5b0fa12a-3dd7-45bb-9766-cc326314d9f1,7768.803445701,0.002099418390809388,2.702370327017524e-07,5.025328854472663,0.0,10.0,0.01086142451772145,0.0,0.02157588061562223,0.03243730513334367,0.0,Canada,CAN,ontario,,,macOS-15.7.9-x86_64-i386-64bit,3.11.15,3.3.0,8,Intel(R) Core(TM) i7-1060NG7 CPU @ 1.20GHz,0,,-79.4057,43.709,16.0,machine,4.627186730594791,0,68.7259297654535,7.967317952166819,N,1.0,0.0
2026-09-26T03:59:53,codecarbon,7b39bea9-b149-4954-8f6f-093764bed48b,5b0fa12a-3dd7-45bb-9766-cc326314d9f1,7783.8960346090025,0.0021048351705399366,2.704089521727105e-07,5.035944827457392,0.0,10.0,0.010903203059095964,0.0,0.021617794652025013,0.03252099771112097,0.0,Canada,CAN,ontario,,,macOS-15.7.9-x86_64-i386-64bit,3.11.15,3.3.0,8,Intel(R) Core(TM) i7-1060NG7 CPU @ 1.20GHz,0,,-79.4057,43.709,16.0,machine,4.65700982928091,0,68.73291515778645,7.9675329443215706,N,1.0,0.0
2026-09-26T04:00:08,codecarbon,7b39bea9-b149-4954-8f6f-093764bed48b,5b0fa12a-3dd7-45bb-9766-cc326314d9f1,7798.924190705002,0.0021098957794538817,2.705367724908162e-07,5.042649999915338,0.0,10.0,0.01093965351440885,0.0,0.021659533716352788,0.032599187230761634,0.0,Canada,CAN,ontario,,,macOS-15.7.9-x86_64-i386-64bit,3.11.15,3.3.0,8,Intel(R) Core(TM) i7-1060NG7 CPU @ 1.20GHz,0,,-79.4057,43.709,16.0,machine,4.660900993933136,0,68.73699496579383,7.967294097916148,N,1.0,0.0
2026-09-26T04:00:24,codecarbon,7b39bea9-b149-4954-8f6f-093764bed48b,5b0fa12a-3dd7-45bb-9766-cc326314d9f1,7813.959462747,0.0021158226614468407,2.7077471690683976e-07,5.055087467388775,0.0,10.0,0.010989468319798135,0.0,0.021701292882372224,0.03269076120217036,0.0,Canada,CAN,ontario,,,macOS-15.7.9-x86_64-i386-64bit,3.11.15,3.3.0,8,Intel(R) Core(TM) i7-1060NG7 CPU @ 1.20GHz,0,,-79.4057,43.709,16.0,machine,4.690543674310745,0,68.74243751610473,7.967311888618341,N,1.0,0.0
2026-09-26T04:00:39,codecarbon,7b39bea9-b149-4954-8f6f-093764bed48b,5b0fa12a-3dd7-45bb-9766-cc326314d9f1,7829.015215004001,0.002121370163987484,2.7096258031558825e-07,5.0652947822845205,0.0,10.0,0.011033391519740665,0.0,0.02174308200800834,0.03277647352774901,0.0,Canada,CAN,ontario,,,macOS-15.7.9-x86_64-i386-64bit,3.11.15,3.3.0,8,Intel(R) Core(TM) i7-1060NG7 CPU @ 1.20GHz,0,,-79.4057,43.709,16.0,machine,4.6814967211006815,0,68.74629034332068,7.967200487825272,N,1.0,0.0
2026-09-26T04:00:54,codecarbon,7b39bea9-b149-4954-8f6f-093764bed48b,5b0fa12a-3dd7-45bb-9766-cc326314d9f1,7844.060022670001,0.0021257106592366608,2.709962255634424e-07,5.069422828038464,0.0,10.0,0.011058672479318936,0.0,0.021784864369130564,0.032843536848449505,0.0,Canada,CAN,ontario,,,macOS-15.7.9-x86_64-i386-64bit,3.11.15,3.3.0,8,Intel(R) Core(TM) i7-1060NG7 CPU @ 1.20GHz,0,,-79.4057,43.709,16.0,machine,4.685318275154004,0,68.74813911704372,7.9667996665045955,N,1.0,0.0
2026-09-26T04:01:09,codecarbon,7b39bea9-b149-4954-8f6f-093764bed48b,5b0fa12a-3dd7-45bb-9766-cc326314d9f1,7859.082213251,0.002129391168678894,2.709465445072685e-07,5.066579110809584,0.0,10.0,0.011073815103845985,0.0,0.021826587878741668,0.03290040298258766,0.0,Canada,CAN,ontario,,,macOS-15.7.9-x86_64-i386-64bit,3.11.15,3.3.0,8,Intel(R) Core(TM) i7-1060NG7 CPU @ 1.20GHz,0,,-79.4057,43.709,16.0,machine,4.676316126553093,0,68.74954527987765,7.966335037170856,N,1.0,0.0
2026-09-26T04:01:24,codecarbon,7b39bea9-b149-4954-8f6f-093764bed48b,5b0fa12a-3dd7-45bb-9766-cc326314d9f1,7874.0974569009995,0.0021329646736800087,2.708837025900207e-07,5.063096394390881,0.0,10.0,0.011087324758474163,0.0,0.021868291073836116,0.032955615832310284,0.0,Canada,CAN,ontario,,,macOS-15.7.9-x86_64-i386-64bit,3.11.15,3.3.0,8,Intel(R) Core(TM) i7-1060NG7 CPU @ 1.20GHz,0,,-79.4057,43.709,16.0,machine,4.66734850421887,0,68.75072871388454,7.965850345803721,N,1.0,0.0
2026-09-26T04:01:39,codecarbon,7b39bea9-b149-4954-8f6f-093764bed48b,5b0fa12a-3dd7-45bb-9766-cc326314d9f1,7889.111625662004,0.0021365313044256684,2.708202654245476e-07,5.0595764040274345,0.0,10.0,0.011100731346672837,0.0,0.02190999112388611,0.03301072247055895,0.0,Canada,CAN,ontario,,,macOS-15.7.9-x86_64-i386-64bit,3.11.15,3.3.0,8,Intel(R) Core(TM) i7-1060NG7 CPU @ 1.20GHz,0,,-79.4057,43.709,16.0,machine,4.658415209901748,0,68.749840500192,7.965037817673307,N,1.0,0.0
2026-09-26T04:01:54,codecarbon,7b39bea9-b149-4954-8f6f-093764bed48b,5b0fa12a-3dd7-45bb-9766-cc326314d9f1,7904.124539749999,0.002140095481572729,2.707568018203846e-07,5.056058486040982,0.0,10.0,0.01111410330110601,0.0,0.02195168789809445,0.03306579119920047,0.0,Canada,CAN,ontario,,,macOS-15.7.9-x86_64-i386-64bit,3.11.15,3.3.0,8,Intel(R) Core(TM) i7-1060NG7 CPU @ 1.20GHz,0,,-79.4057,43.709,16.0,machine,4.64951604686704,0,68.7487901171681,7.96419930324467,N,1.0,0.0
2026-09-26T04:02:09,codecarbon,7b39bea9-b149-4954-8f6f-093764bed48b,5b0fa12a-3dd7-45bb-9766-cc326314d9f1,7919.140126608003,0.0021436597726700443,2.706935018699102e-07,5.052549041289435,0.0,10.0,0.0111274700842796,0.0,0.02199339160416388,0.0331208616884435,0.0,Canada,CAN,ontario,,,macOS-15.7.9-x86_64-i386-64bit,3.11.15,3.3.0,8,Intel(R) Core(TM) i7-1060NG7 CPU @ 1.20GHz,0,,-79.4057,43.709,16.0,machine,4.640650819880514,0,68.74764204906616,7.963348083185759,N,1.0,0.0
2026-09-26T04:02:24,codecarbon,7b39bea9-b149-4954-8f6f-093764bed48b,5b0fa12a-3dd7-45bb-9766-cc326314d9f1,7934.156367234002,0.002147371994306325,2.706490639854808e-07,5.049838748266295,0.0,10.0,0.011143121006669357,0.0,0.02203509678881109,0.03317821779548046,0.0,Canada,CAN,ontario,,,macOS-15.7.9-x86_64-i386-64bit,3.11.15,3.3.0,8,Intel(R) Core(TM) i7-1060NG7 CPU @ 1.20GHz,0,,-79.4057,43.709,16.0,machine,4.6318193351941135,0,68.75112915503722,7.963171068649854,N,1.0,0.0
2026-09-26T04:02:39,codecarbon,7b39bea9-b149-4954-8f6f-093764bed48b,5b0fa12a-3dd7-45bb-9766-cc326314d9f1,7949.174085520997,0.0021509489904165528,2.705877324204527e-07,5.046438260744433,0.0,10.0,0.011156677386460694,0.0,0.022076807198524968,0.03323348458498568,0.0,Canada,CAN,ontario,,,macOS-15.7.9-x86_64-i386-64bit,3.11.15,3.3.0,8,Intel(R) Core(TM) i7-1060NG7 CPU @ 1.20GHz,0,,-79.4057,43.709,16.0,machine,4.635684437128023,0,68.75337469925329,7.962743875330364,N,1.0,0.0
2026-09-26T04:02:54,codecarbon,7b39bea9-b149-4954-8f6f-093764bed48b,5b0fa12a-3dd7-45bb-9766-cc326314d9f1,7964.188754423998,0.002154627198962647,2.7053944417951935e-07,5.043632394938846,0.0,10.0,0.011171804542266382,0.0,0.022118510626597192,0.03329031516886359,0.0,Canada,CAN,ontario,,,macOS-15.7.9-x86_64-i386-64bit,3.11.15,3.3.0,8,Intel(R) Core(TM) i7-1060NG7 CPU @ 1.20GHz,0,,-79.4057,43.709,16.0,machine,4.6268958543983825,0,68.75553589484367,7.962311407673588,N,1.0,0.0
2026-09-26T04:03:09,codecarbon,7b39bea9-b149-4954-8f6f-093764bed48b,5b0fa12a-3dd7-45bb-9766-cc326314d9f1,7979.198800214999,0.0021582551874912764,2.704852005232809e-07,5.040604430309271,0.0,10.0,0.011186170194759336,0.0,0.02216019962783053,0.03334636982258988,0.0,Canada,CAN,ontario,,,macOS-15.7.9-x86_64-i386-64bit,3.11.15,3.3.0,8,Intel(R) Core(TM) i7-1060NG7 CPU @ 1.20GHz,0,,-79.4057,43.709,16.0,machine,4.6181405323577644,0,68.75838274252598,7.962014504003543,N,1.0,0.0
2026-09-26T04:03:24,codecarbon,7b39bea9-b149-4954-8f6f-093764bed48b,5b0fa12a-3dd7-45bb-9766-cc326314d9f1,7994.214664584,0.0021618686325971244,2.704291444880312e-07,5.037500560928183,0.0,10.0,0.011200298258296609,0.0,0.0222019015131944,0.03340219977149101,0.0,Canada,CAN,ontario,,,macOS-15.7.9-x86_64-i386-64bit,3.11.15,3.3.0,8,Intel(R) Core(TM) i7-1060NG7 CPU @ 1.20GHz,0,,-79.4057,43.709,16.0,machine,4.62200956937799,0,68.76123142785237,7.961743636024416,N,1.0,0.0
2026-09-26T04:03:39,codecarbon,7b39bea9-b149-4954-8f6f-093764bed48b,5b0fa12a-3dd7-45bb-9766-cc326314d9f1,8009.228642794998,0.0021658744559363537,2.704223530795e-07,5.036925910710544,0.0,10.0,0.011220487819605288,0.0,0.02224360438577774,0.033464092205383024,0.0,Canada,CAN,ontario,,,macOS-15.7.9-x86_64-i386-64bit,3.11.15,3.3.0,8,Intel(R) Core(TM) i7-1060NG7 CPU @ 1.20GHz,0,,-79.4057,43.709,16.0,machine,4.626445449974862,0,68.76410256410298,7.961528937741103,N,1.0,0.0
2026-09-26T04:03:54,codecarbon,7b39bea9-b149-4954-8f6f-093764bed48b,5b0fa12a-3dd7-45bb-9766-cc326314d9f1,8024.261484475999,0.0021700475593847595,2.70435798183173e-07,5.037379942305848,0.0,10.0,0.011243215136391302,0.0,0.02228535408343607,0.03352856921982737,0.0,Canada,CAN,ontario,,,macOS-15.7.9-x86_64-i386-64bit,3.11.15,3.3.0,8,Intel(R) Core(TM) i7-1060NG7 CPU @ 1.20GHz,0,,-79.4057,43.709,16.0,machine,4.617739304980555,0,68.76652866641615,7.9612062794249026,N,1.0,0.0
2026-09-26T04:04:09,codecarbon,7b39bea9-b149-4954-8f6f-093764bed48b,5b0fa12a-3dd7-45bb-9766-cc326314d9f1,8039.2997660650035,0.0021742058333769293,2.704471653805662e-07,5.038079092708713,0.0,10.0,0.011265696511787182,0.0,0.02232712059826662,0.033592817110053796,0.0,Canada,CAN,ontario,,,macOS-15.7.9-x86_64-i386-64bit,3.11.15,3.3.0,8,Intel(R) Core(TM) i7-1060NG7 CPU @ 1.20GHz,0,,-79.4057,43.709,16.0,machine,4.621587778612572,0,68.7682068620089,7.960778670832832,N,1.0,0.0
2026-09-26T04:04:24,codecarbon,7b39bea9-b149-4954-8f6f-093764bed48b,5b0fa12a-3dd7-45bb-9766-cc326314d9f1,8054.3130836470045,0.0021781587465884785,2.704338314102641e-07,5.036774462443683,0.0,10.0,0.011285072055792725,0.0,0.02236881999414441,0.03365389204993713,0.0,Canada,CAN,ontario,,,macOS-15.7.9-x86_64-i386-64bit,3.11.15,3.3.0,8,Intel(R) Core(TM) i7-1060NG7 CPU @ 1.20GHz,0,,-79.4057,43.709,16.0,machine,4.612923384576928,0,68.76974128234009,7.960339446437908,N,1.0,0.0
2026-09-26T04:04:39,codecarbon,7b39bea9-b149-4954-8f6f-093764bed48b,5b0fa12a-3dd7-45bb-9766-cc326314d9f1,8069.324788239999,0.0021821219104915333,2.70421871439813e-07,5.036271727420569,0.0,10.0,0.011304609088457722,0.0,0.02241051628084997,0.03371512536930768,0.0,Canada,CAN,ontario,,,macOS-15.7.9-x86_64-i386-64bit,3.11.15,3.3.0,8,Intel(R) Core(TM) i7-1060NG7 CPU @ 1.20GHz,0,,-79.4057,43.709,16.0,machine,4.604291417165669,0,68.77114520958122,7.959886474285773,N,1.0,0.0
2026-09-26T04:04:54,codecarbon,7b39bea9-b149-4954-8f6f-093764bed48b,5b0fa12a-3dd7-45bb-9766-cc326314d9f1,8084.339520060999,0.0021861965391233116,2.7042364236414654e-07,5.036406962815072,0.0,10.0,0.011325861395571743,0.0,0.022452219491708284,0.033778080887280015,0.0,Canada,CAN,ontario,,,macOS-15.7.9-x86_64-i386-64bit,3.11.15,3.3.0,8,Intel(R) Core(TM) i7-1060NG7 CPU @ 1.20GHz,0,,-79.4057,43.709,16.0,machine,4.608143444153904,0,68.77271821690987,7.9594495813927635,N,1.0,0.0
2026-09-26T04:05:09,codecarbon,7b39bea9-b149-4954-8f6f-093764bed48b,5b0fa12a-3dd7-45bb-9766-cc326314d9f1,8099.359276812003,0.0021903516158004615,2.7043517159083326e-07,5.036979286832541,0.0,10.0,0.011348342404845547,0.0,0.022493936972177726,0.033842279377023256,0.0,Canada,CAN,ontario,,,macOS-15.7.9-x86_64-i386-64bit,3.11.15,3.3.0,8,Intel(R) Core(TM) i7-1060NG7 CPU @ 1.20GHz,0,,-79.4057,43.709,16.0,machine,4.611981108625404,0,68.7739622172512,7.95896210221251,N,1.0,0.0
2026-09-26T04:05:24,codecarbon,7b39bea9-b149-4954-8f6f-093764bed48b,5b0fa12a-3dd7-45bb-9766-cc326314d9f1,8114.371660656001,0.0021947616611136265,2.704783257285743e-07,5.039790253915108,0.0,10.0,0.011374783728594759,0.0,0.022535633560386056,0.033910417288980796,0.0,Canada,CAN,ontario,,,macOS-15.7.9-x86_64-i386-64bit,3.11.15,3.3.0,8,Intel(R) Core(TM) i7-1060NG7 CPU @ 1.20GHz,0,,-79.4057,43.709,16.0,machine,4.6033990819997515,0,68.77548691229413,7.95854350606911,N,1.0,0.0
2026-09-26T04:05:39,codecarbon,7b39bea9-b149-4954-8f6f-093764bed48b,5b0fa12a-3dd7-45bb-9766-cc326314d9f1,8129.3928864060035,0.0021991165079255524,2.705142362602405e-07,5.041591479174434,0.0,10.0,0.011400347963264954,0.0,0.02257735438688604,0.033977702350150976,0.0,Canada,CAN,ontario,,,macOS-15.7.9-x86_64-i386-64bit,3.11.15,3.3.0,8,Intel(R) Core(TM) i7-1060NG7 CPU @ 1.20GHz,0,,-79.4057,43.709,16.0,machine,4.594848935116394,0,68.77841753343277,7.958259332646469,N,1.0,0.0
2026-09-26T04:05:54,codecarbon,7b39bea9-b149-4954-8f6f-093764bed48b,5b0fa12a-3dd7-45bb-9766-cc326314d9f1,8144.403386757,0.002203756941708639,2.7058543604212946e-07,5.044844186183514,0.0,10.0,0.011430355334319483,0.0,0.022619044571322126,0.034049399905641584,0.0,Canada,CAN,ontario,,,macOS-15.7.9-x86_64-i386-64bit,3.11.15,3.3.0,8,Intel(R) Core(TM) i7-1060NG7 CPU @ 1.20GHz,0,,-79.4057,43.709,16.0,machine,4.58689740420272,0,68.78217552534028,7.957987573857066,N,1.0,0.0
2026-09-26T04:06:09,codecarbon,7b39bea9-b149-4954-8f6f-093764bed48b,5b0fa12a-3dd7-45bb-9766-cc326314d9f1,8159.418808785002,0.002207948276736685,2.7060117006856584e-07,5.046064349243783,0.0,10.0,0.011453409702874865,0.0,0.022660748906327674,0.03411415860920252,0.0,Canada,CAN,ontario,,,macOS-15.7.9-x86_64-i386-64bit,3.11.15,3.3.0,8,Intel(R) Core(TM) i7-1060NG7 CPU @ 1.20GHz,0,,-79.4057,43.709,16.0,machine,4.5907464528069095,0,68.78502159161046,7.957517850524036,N,1.0,0.0
2026-09-26T04:06:24,codecarbon,7b39bea9-b149-4954-8f6f-093764bed48b,5b0fa12a-3dd7-45bb-9766-cc326314d9f1,8174.433225826,0.0022123148652975705,2.706383187898661e-07,5.047416445906917,0.0,10.0,0.011479173171967356,0.0,0.022702451915647136,0.03418162508761447,0.0,Canada,CAN,ontario,,,macOS-15.7.9-x86_64-i386-64bit,3.11.15,3.3.0,8,Intel(R) Core(TM) i7-1060NG7 CPU @ 1.20GHz,0,,-79.4057,43.709,16.0,machine,4.606896551724138,0,68.78836206896585,7.957140532620435,N,1.0,0.0
2026-09-26T04:06:39,codecarbon,7b39bea9-b149-4954-8f6f-093764bed48b,5b0fa12a-3dd7-45bb-9766-cc326314d9f1,8189.457020799,0.0022164057000211837,2.7064134952929285e-07,5.047551596249159,0.0,10.0,0.011500651619849147,0.0,0.02274417937982214,0.034244830999671266,0.0,Canada,CAN,ontario,,,macOS-15.7.9-x86_64-i386-64bit,3.11.15,3.3.0,8,Intel(R) Core(TM) i7-1060NG7 CPU @ 1.20GHz,0,,-79.4057,43.709,16.0,machine,4.610694529809465,0,68.79150583896775,7.956762262495588,N,1.0,0.0
2026-09-26T04:06:54,codecarbon,7b39bea9-b149-4954-8f6f-093764bed48b,5b0fa12a-3dd7-45bb-9766-cc326314d9f1,8204.469093714,0.0022206489751372687,2.706633360150821e-07,5.048995479782024,0.0,10.0,0.01152451547078481,0.0,0.02278587673874713,0.03431039220953192,0.0,Canada,CAN,ontario,,,macOS-15.7.9-x86_64-i386-64bit,3.11.15,3.3.0,8,Intel(R) Core(TM) i7-1060NG7 CPU @ 1.20GHz,0,,-79.4057,43.709,16.0,machine,4.602208588957056,0,68.79358282208622,7.956239895498825,N,1.0,0.0
2026-09-26T04:07:09,codecarbon,7b39bea9-b149-4954-8f6f-093764bed48b,5b0fa12a-3dd7-45bb-9766-cc326314d9f1,8219.483442867004,0.0022248318662151383,2.706778207754506e-07,5.049771766625016,0.0,10.0,0.01154744143424252,0.0,0.022827579014627692,0.03437502044887019,0.0,Canada,CAN,ontario,,,macOS-15.7.9-x86_64-i386-64bit,3.11.15,3.3.0,8,Intel(R) Core(TM) i7-1060NG7 CPU @ 1.20GHz,0,,-79.4057,43.709,16.0,machine,4.593753827311696,0,68.79576240049026,7.955733509145481,N,1.0,0.0
2026-09-26T04:07:24,codecarbon,7b39bea9-b149-4954-8f6f-093764bed48b,5b0fa12a-3dd7-45bb-9766-cc326314d9f1,8234.493995762004,0.0022290741288733245,2.7069958761528616e-07,5.050904469903511,0.0,10.0,0.011571296492011584,0.0,0.022869269523622154,0.03444056601563372,0.0,Canada,CAN,ontario,,,macOS-15.7.9-x86_64-i386-64bit,3.11.15,3.3.0,8,Intel(R) Core(TM) i7-1060NG7 CPU @ 1.20GHz,0,,-79.4057,43.709,16.0,machine,4.597555012224939,0,68.79788508557493,7.9551780789289035,N,1.0,0.0
2026-09-26T04:07:39,codecarbon,7b39bea9-b149-4954-8f6f-093764bed48b,5b0fa12a-3dd7-45bb-9766-cc326314d9f1,8249.504576597003,0.0022333746321710015,2.7072833422104593e-07,5.052562430530147,0.0,10.0,0.011596049086902479,0.0,0.02291096234918883,0.0345070114360913,0.0,Canada,CAN,ontario,,,macOS-15.7.9-x86_64-i386-64bit,3.11.15,3.3.0,8,Intel(R) Core(TM) i7-1060NG7 CPU @ 1.20GHz,0,,-79.4057,43.709,16.0,machine,4.589139719341062,0,68.79996339231276,7.954609938988677,N,1.0,0.0
2026-09-26T04:07:54,codecarbon,7b39bea9-b149-4954-8f6f-093764bed48b,5b0fa12a-3dd7-45bb-9766-cc326314d9f1,8264.517843177,0.0022375345929480776,2.707398828832266e-07,5.0531505059415,0.0,10.0,0.011618623627540197,0.0,0.0229526617606416,0.03457128538818178,0.0,Canada,CAN,ontario,,,macOS-15.7.9-x86_64-i386-64bit,3.11.15,3.3.0,8,Intel(R) Core(TM) i7-1060NG7 CPU @ 1.20GHz,0,,-79.4057,43.709,16.0,machine,4.580755176613885,0,68.80190012180303,7.954118835504976,N,1.0,0.0
2026-09-26T04:08:09,codecarbon,7b39bea9-b149-4954-8f6f-093764bed48b,5b0fa12a-3dd7-45bb-9766-cc326314d9f1,8279.535897931,0.002241716140792915,2.70753840363577e-07,5.054286929749838,0.0,10.0,0.011641517804843793,0.0,0.022994375068899935,0.03463589287374371,0.0,Canada,CAN,ontario,,,macOS-15.7.9-x86_64-i386-64bit,3.11.15,3.3.0,8,Intel(R) Core(TM) i7-1060NG7 CPU @ 1.20GHz,0,,-79.4057,43.709,16.0,machine,4.633191489361702,0,68.8035258358666,7.9536369193868435,N,1.0,0.0
2026-09-26T04:08:24,codecarbon,7b39bea9-b149-4954-8f6f-093764bed48b,5b0fa12a-3dd7-45bb-9766-cc326314d9f1,8294.546722315,0.002245820389322113,2.707586640364727e-07,5.054588063181604,0.0,10.0,0.01166323807263153,0.0,0.023036067964713823,0.03469930603734534,0.0,Canada,CAN,ontario,,,macOS-15.7.9-x86_64-i386-64bit,3.11.15,3.3.0,8,Intel(R) Core(TM) i7-1060NG7 CPU @ 1.20GHz,0,,-79.4057,43.709,16.0,machine,4.649029126213592,0,68.80552184466055,7.953182613965377,N,1.0,0.0
2026-09-26T04:08:39,codecarbon,7b39bea9-b149-4954-8f6f-093764bed48b,5b0fa12a-3dd7-45bb-9766-cc326314d9f1,8309.556350681003,0.00225003005974109,2.707761960789508e-07,5.055350589361222,0.0,10.0,0.011686590817740674,0.0,0.023077757216230482,0.034764348033971146,0.0,Canada,CAN,ontario,,,macOS-15.7.9-x86_64-i386-64bit,3.11.15,3.3.0,8,Intel(R) Core(TM) i7-1060NG7 CPU @ 1.20GHz,0,,-79.4057,43.709,16.0,machine,4.641143687908893,0,68.80741458686735,7.95274514969423,N,1.0,0.0
2026-09-26T04:08:54,codecarbon,7b39bea9-b149-4954-8f6f-093764bed48b,5b0fa12a-3dd7-45bb-9766-cc326314d9f1,8324.571801497,0.0022541607682682622,2.707839900981932e-07,5.05578735063415,0.0,10.0,0.011708706400937616,0.0,0.02311946361987492,0.034828170020812524,0.0,Canada,CAN,ontario,,,macOS-15.7.9-x86_64-i386-64bit,3.11.15,3.3.0,8,Intel(R) Core(TM) i7-1060NG7 CPU @ 1.20GHz,0,,-79.4057,43.709,16.0,machine,4.644817994920788,0,68.80944491474222,7.952271284683971,N,1.0,0.0
2026-09-26T04:09:09,codecarbon,7b39bea9-b149-4954-8f6f-093764bed48b,5b0fa12a-3dd7-45bb-9766-cc326314d9f1,8339.667521895,0.0022582875217527503,2.7078867542666803e-07,5.056117934266491,0.0,10.0,0.011730539012901327,0.0,0.023161391886911038,0.03489193089981236,0.0,Canada,CAN,ontario,,,macOS-15.7.9-x86_64-i386-64bit,3.11.15,3.3.0,8,Intel(R) Core(TM) i7-1060NG7 CPU @ 1.20GHz,0,,-79.4057,43.709,16.0,machine,4.63640753259295,0,68.81131096088889,7.951784425401158,N,1.0,0.0
2026-09-26T04:09:24,codecarbon,7b39bea9-b149-4954-8f6f-093764bed48b,5b0fa12a-3dd7-45bb-9766-cc326314d9f1,8354.685723024999,0.0022624394460234124,2.707988691649129e-07,5.057031545912805,0.0,10.0,0.0117529743087397,0.0,0.023203106374197174,0.03495608068293686,0.0,Canada,CAN,ontario,,,macOS-15.7.9-x86_64-i386-64bit,3.11.15,3.3.0,8,Intel(R) Core(TM) i7-1060NG7 CPU @ 1.20GHz,0,,-79.4057,43.709,16.0,machine,4.628027473189541,0,68.81326665863402,7.951281064331481,N,1.0,0.0
2026-09-26T04:09:39,codecarbon,7b39bea9-b149-4954-8f6f-093764bed48b,5b0fa12a-3dd7-45bb-9766-cc326314d9f1,8369.697121257002,0.0022665559957981323,2.7080501993813246e-07,5.05733582147845,0.0,10.0,0.011774882050407382,0.0,0.023244801857938844,0.035019683908346214,0.0,Canada,CAN,ontario,,,macOS-15.7.9-x86_64-i386-64bit,3.11.15,3.3.0,8,Intel(R) Core(TM) i7-1060NG7 CPU @ 1.20GHz,0,,-79.4057,43.709,16.0,machine,4.619677652152995,0,68.81526341111427,7.950766971543169,N,1.0,0.0
2026-09-26T04:09:54,codecarbon,7b39bea9-b149-4954-8f6f-093764bed48b,5b0fa12a-3dd7-45bb-9766-cc326314d9f1,8384.710802431004,0.0022706862643531033,2.7081271111876113e-07,5.058065806926976,0.0,10.0,0.011796997264277161,0.0,0.023286501833069385,0.03508349909734653,0.0,Canada,CAN,ontario,,,macOS-15.7.9-x86_64-i386-64bit,3.11.15,3.3.0,8,Intel(R) Core(TM) i7-1060NG7 CPU @ 1.20GHz,0,,-79.4057,43.709,16.0,machine,4.6353703926041545,0,68.81713290911325,7.950236058633058,N,1.0,0.0
2026-09-26T04:10:09,codecarbon,7b39bea9-b149-4954-8f6f-093764bed48b,5b0fa12a-3dd7-45bb-9766-cc326314d9f1,8399.723488232998,0.0022747843271013336,2.708165727464759e-07,5.058331139917348,0.0,10.0,0.011818621440992362,0.0,0.023328195245836042,0.03514681668682839,0.0,Canada,CAN,ontario,,,macOS-15.7.9-x86_64-i386-64bit,3.11.15,3.3.0,8,Intel(R) Core(TM) i7-1060NG7 CPU @ 1.20GHz,0,,-79.4057,43.709,16.0,machine,4.627037392138063,0,68.81916347075797,7.949736842030189,N,1.0,0.0
2026-09-26T04:10:24,codecarbon,7b39bea9-b149-4954-8f6f-093764bed48b,5b0fa12a-3dd7-45bb-9766-cc326314d9f1,8414.73582944,0.0022789192627101777,2.7082481362481933e-07,5.058930437356923,0.0,10.0,0.011840812681475502,0.0,0.02336989130320548,0.035210703984680965,0.0,Canada,CAN,ontario,,,macOS-15.7.9-x86_64-i386-64bit,3.11.15,3.3.0,8,Intel(R) Core(TM) i7-1060NG7 CPU @ 1.20GHz,0,,-79.4057,43.709,16.0,machine,4.630697451848307,0,68.82119870797999,7.949254117751894,N,1.0,0.0
2026-09-26T04:10:39,codecarbon,7b39bea9-b149-4954-8f6f-093764bed48b,5b0fa12a-3dd7-45bb-9766-cc326314d9f1,8429.74432509,0.002282748706541115,2.7079690895805946e-07,5.057399064292352,0.0,10.0,0.01185829373352282,0.0,0.023411577513186014,0.035269871246708814,0.0,Canada,CAN,ontario,,,macOS-15.7.9-x86_64-i386-64bit,3.11.15,3.3.0,8,Intel(R) Core(TM) i7-1060NG7 CPU @ 1.20GHz,0,,-79.4057,43.709,16.0,machine,4.622954735459214,0,68.82361160874297,7.94889897103095,N,1.0,0.0
2026-09-26T04:10:54,codecarbon,7b39bea9-b149-4954-8f6f-093764bed48b,5b0fa12a-3dd7-45bb-9766-cc326314d9f1,8444.755902339999,0.0022869385215481958,2.708116786317644e-07,5.057812532195547,0.0,10.0,0.011881337237708456,0.0,0.02345326922730269,0.03533460646501113,0.0,Canada,CAN,ontario,,,macOS-15.7.9-x86_64-i386-64bit,3.11.15,3.3.0,8,Intel(R) Core(TM) i7-1060NG7 CPU @ 1.20GHz,0,,-79.4057,43.709,16.0,machine,4.6385312350977586,0,68.82632331902778,7.948545367705236,N,1.0,0.0
2026-09-26T04:11:09,codecarbon,7b39bea9-b149-4954-8f6f-093764bed48b,5b0fa12a-3dd7-45bb-9766-cc326314d9f1,8459.773312036003,0.002291145308800994,2.7082821540162367e-07,5.058758156374083,0.0,10.0,0.011904629585004965,0.0,0.023494974329941572,0.03539960391494652,0.0,Canada,CAN,ontario,,,macOS-15.7.9-x86_64-i386-64bit,3.11.15,3.3.0,8,Intel(R) Core(TM) i7-1060NG7 CPU @ 1.20GHz,0,,-79.4057,43.709,16.0,machine,4.630251100797334,0,68.82820421278173,7.948065515218796,N,1.0,0.0
2026-09-26T04:11:24,codecarbon,7b39bea9-b149-4954-8f6f-093764bed48b,5b0fa12a-3dd7-45bb-9766-cc326314d9f1,8474.793590284,0.0022954075076843344,2.7085114029395646e-07,5.0601204146223475,0.0,10.0,0.011928763975084277,0.0,0.023536693533563805,0.03546545750864807,0.0,Canada,CAN,ontario,,,macOS-15.7.9-x86_64-i386-64bit,3.11.15,3.3.0,8,Intel(R) Core(TM) i7-1060NG7 CPU @ 1.20GHz,0,,-79.4057,43.709,16.0,machine,4.641803278688524,0,68.82997148966557,7.947583323392825,N,1.0,0.0
2026-09-26T04:11:39,codecarbon,7b39bea9-b149-4954-8f6f-093764bed48b,5b0fa12a-3dd7-45bb-9766-cc326314d9f1,8489.817696763002,0.002299637693629659,2.708700911806934e-07,5.061267711604165,0.0,10.0,0.011952395409416096,0.0,0.02357842107335547,0.03553081648277155,0.0,Canada,CAN,ontario,,,macOS-15.7.9-x86_64-i386-64bit,3.11.15,3.3.0,8,Intel(R) Core(TM) i7-1060NG7 CPU @ 1.20GHz,0,,-79.4057,43.709,16.0,machine,4.651334044823906,0,68.83147159966855,7.947075408533857,N,1.0,0.0
2026-09-26T04:11:54,codecarbon,7b39bea9-b149-4954-8f6f-093764bed48b,5b0fa12a-3dd7-45bb-9766-cc326314d9f1,8504.934788802002,0.002303827001141832,2.70881207011153e-07,5.0619319064336015,0.0,10.0,0.011975134486193355,0.0,0.02362040937377213,0.03559554385996547,0.0,Canada,CAN,ontario,,,macOS-15.7.9-x86_64-i386-64bit,3.11.15,3.3.0,8,Intel(R) Core(TM) i7-1060NG7 CPU @ 1.20GHz,0,,-79.4057,43.709,16.0,machine,4.65491240530303,0,68.83334517045512,7.946642206925334,N,1.0,0.0
2026-09-26T04:12:10,codecarbon,7b39bea9-b149-4954-8f6f-093764bed48b,5b0fa12a-3dd7-45bb-9766-cc326314d9f1,8520.038099649999,0.0023081141336224,2.709042033177313e-07,5.062973609238547,0.0,10.0,0.01199945056054061,0.0,0.02366233213253601,0.0356617826930766,0.0,Canada,CAN,ontario,,,macOS-15.7.9-x86_64-i386-64bit,3.11.15,3.3.0,8,Intel(R) Core(TM) i7-1060NG7 CPU @ 1.20GHz,0,,-79.4057,43.709,16.0,machine,4.678175587853007,0,68.8345031312779,7.946156800729958,N,1.0,0.0
2026-09-26T04:12:25,codecarbon,7b39bea9-b149-4954-8f6f-093764bed48b,5b0fa12a-3dd7-45bb-9766-cc326314d9f1,8535.084145609999,0.0023122738023004605,2.709140018835987e-07,5.063526189640076,0.0,10.0,0.012021929381460565,0.0,0.023704122750597117,0.035726052132057665,0.0,Canada,CAN,ontario,,,macOS-15.7.9-x86_64-i386-64bit,3.11.15,3.3.0,8,Intel(R) Core(TM) i7-1060NG7 CPU @ 1.20GHz,0,,-79.4057,43.709,16.0,machine,4.681693795706534,0,68.83478414720511,7.945669212890251,N,1.0,0.0
2026-09-26T04:12:40,codecarbon,7b39bea9-b149-4954-8f6f-093764bed48b,5b0fa12a-3dd7-45bb-9766-cc326314d9f1,8550.100712254,0.0023165040028051533,2.709329493025902e-07,5.064380084758206,0.0,10.0,0.0120455802907491,0.0,0.023745831040383258,0.03579141133113234,0.0,Canada,CAN,ontario,,,macOS-15.7.9-x86_64-i386-64bit,3.11.15,3.3.0,8,Intel(R) Core(TM) i7-1060NG7 CPU @ 1.20GHz,0,,-79.4057,43.709,16.0,machine,4.6734251736724355,0,68.83587660426292,7.945292677767606,N,1.0,0.0
2026-09-26T04:12:55,codecarbon,7b39bea9-b149-4954-8f6f-093764bed48b,5b0fa12a-3dd7-45bb-9766-cc326314d9f1,8565.229773055002,0.0023207921598850153,2.7095503814572475e-07,5.065361073819103,0.0,10.0,0.012069814834118809,0.0,0.023787851160813823,0.03585766599493261,0.0,Canada,CAN,ontario,,,macOS-15.7.9-x86_64-i386-64bit,3.11.15,3.3.0,8,Intel(R) Core(TM) i7-1060NG7 CPU @ 1.20GHz,0,,-79.4057,43.709,16.0,machine,4.665734101328317,0,68.83704008463678,7.9449669333592805,N,1.0,0.0
2026-09-26T04:13:10,codecarbon,7b39bea9-b149-4954-8f6f-093764bed48b,5b0fa12a-3dd7-45bb-9766-cc326314d9f1,8580.255622093999,0.0023249715580753844,2.7096763318899564e-07,5.066283560761012,0.0,10.0,0.01209265899846395,0.0,0.023829581268547183,0.03592224026701112,0.0,Canada,CAN,ontario,,,macOS-15.7.9-x86_64-i386-64bit,3.11.15,3.3.0,8,Intel(R) Core(TM) i7-1060NG7 CPU @ 1.20GHz,0,,-79.4057,43.709,16.0,machine,4.657521708519126,0,68.83825393100271,7.944589571448118,N,1.0,0.0
2026-09-26T04:13:25,codecarbon,7b39bea9-b149-4954-8f6f-093764bed48b,5b0fa12a-3dd7-45bb-9766-cc326314d9f1,8595.276396962003,0.0023291766694883012,2.709833357204834e-07,5.067089584013342,0.0,10.0,0.012115909322037086,0.0,0.023871302502152737,0.03598721182418982,0.0,Canada,CAN,ontario,,,macOS-15.7.9-x86_64-i386-64bit,3.11.15,3.3.0,8,Intel(R) Core(TM) i7-1060NG7 CPU @ 1.20GHz,0,,-79.4057,43.709,16.0,machine,4.649338175002928,0,68.83962750380756,7.9442185974657304,N,1.0,0.0
2026-09-26T04:13:40,codecarbon,7b39bea9-b149-4954-8f6f-093764bed48b,5b0fa12a-3dd7-45bb-9766-cc326314d9f1,8610.291983511004,0.0023334405450698226,2.710059716370175e-07,5.068230686260089,0.0,10.0,0.012140081912253789,0.0,0.023913009411655518,0.03605309132390931,0.0,Canada,CAN,ontario,,,macOS-15.7.9-x86_64-i386-64bit,3.11.15,3.3.0,8,Intel(R) Core(TM) i7-1060NG7 CPU @ 1.20GHz,0,,-79.4057,43.709,16.0,machine,4.652876520112254,0,68.84103133769938,7.9438390999446975,N,1.0,0.0
2026-09-26T04:13:55,codecarbon,7b39bea9-b149-4954-8f6f-093764bed48b,5b0fa12a-3dd7-45bb-9766-cc326314d9f1,8625.302185925004,0.0023375609589985523,2.7101206527152707e-07,5.068565335187213,0.0,10.0,0.012162052873377103,0.0,0.02395470137949719,0.0361167542528743,0.0,Canada,CAN,ontario,,,macOS-15.7.9-x86_64-i386-64bit,3.11.15,3.3.0,8,Intel(R) Core(TM) i7-1060NG7 CPU @ 1.20GHz,0,,-79.4057,43.709,16.0,machine,4.6447297770514755,0,68.8418816388473,7.943451223844295,N,1.0,0.0
2026-09-26T04:14:10,codecarbon,7b39bea9-b149-4954-8f6f-093764bed48b,5b0fa12a-3dd7-45bb-9766-cc326314d9f1,8640.317536580002,0.0023417382580509854,2.7102455993508416e-07,5.069197660162761,0.0,10.0,0.012184891066822578,0.0,0.023996405025158284,0.036181296091980876,0.0,Canada,CAN,ontario,,,macOS-15.7.9-x86_64-i386-64bit,3.11.15,3.3.0,8,Intel(R) Core(TM) i7-1060NG7 CPU @ 1.20GHz,0,,-79.4057,43.709,16.0,machine,4.648263807970169,0,68.8425075739926,7.943031783093941,N,1.0,0.0
2026-09-26T04:14:25,codecarbon,7b39bea9-b149-4954-8f6f-093764bed48b,5b0fa12a-3dd7-45bb-9766-cc326314d9f1,8655.335853665001,0.0023458495574775378,2.710292930440377e-07,5.069500939670545,0.0,10.0,0.012206698453499136,0.0,0.02403811974278329,0.03624481819628245,0.0,Canada,CAN,ontario,,,macOS-15.7.9-x86_64-i386-64bit,3.11.15,3.3.0,8,Intel(R) Core(TM) i7-1060NG7 CPU @ 1.20GHz,0,,-79.4057,43.709,16.0,machine,4.652326663564448,0,68.84341554211314,7.942702350199306,N,1.0,0.0
2026-09-26T04:14:40,codecarbon,7b39bea9-b149-4954-8f6f-093764bed48b,5b0fa12a-3dd7-45bb-9766-cc326314d9f1,8670.350705107001,0.002349979878166491,2.71036311920152e-07,5.069956943107998,0.0,10.0,0.012228810691987646,0.0,0.024079823498797174,0.036308634190784846,0.0,Canada,CAN,ontario,,,macOS-15.7.9-x86_64-i386-64bit,3.11.15,3.3.0,8,Intel(R) Core(TM) i7-1060NG7 CPU @ 1.20GHz,0,,-79.4057,43.709,16.0,machine,4.6442225060968525,0,68.84497735454705,7.942358229830628,N,1.0,0.0
2026-09-26T04:14:55,codecarbon,7b39bea9-b149-4954-8f6f-093764bed48b,5b0fa12a-3dd7-45bb-9766-cc326314d9f1,8685.373421378998,0.0023541492341321176,2.71047555461161e-07,5.071029029426461,0.0,10.0,0.01225150267270471,0.0,0.02412155063161108,0.03637305330431582,0.0,Canada,CAN,ontario,,,macOS-15.7.9-x86_64-i386-64bit,3.11.15,3.3.0,8,Intel(R) Core(TM) i7-1060NG7 CPU @ 1.20GHz,0,,-79.4057,43.709,16.0,machine,4.6477393925341985,0,68.84641780663164,7.94199524261878,N,1.0,0.0
2026-09-26T04:15:10,codecarbon,7b39bea9-b149-4954-8f6f-093764bed48b,5b0fa12a-3dd7-45bb-9766-cc326314d9f1,8700.385999592003,0.0023582681476484214,2.7105327829811347e-07,5.071509572637698,0.0,10.0,0.012273445758750067,0.0,0.024163247292236085,0.03643669305098618,0.0,Canada,CAN,ontario,,,macOS-15.7.9-x86_64-i386-64bit,3.11.15,3.3.0,8,Intel(R) Core(TM) i7-1060NG7 CPU @ 1.20GHz,0,,-79.4057,43.709,16.0,machine,4.639671334336303,0,68.84778382131746,7.941628335044004,N,1.0,0.0
2026-09-26T04:15:25,codecarbon,7b39bea9-b149-4954-8f6f-093764bed48b,5b0fa12a-3dd7-45bb-9766-cc326314d9f1,8715.404238877,0.002362456145563784,2.710667320542084e-07,5.072039087016564,0.0,10.0,0.0122964390082374,0.0,0.024204961185866635,0.03650140019410406,0.0,Canada,CAN,ontario,,,macOS-15.7.9-x86_64-i386-64bit,3.11.15,3.3.0,8,Intel(R) Core(TM) i7-1060NG7 CPU @ 1.20GHz,0,,-79.4057,43.709,16.0,machine,4.654736598890942,0,68.84912199630361,7.941244510978516,N,1.0,0.0
2026-09-26T04:15:40,codecarbon,7b39bea9-b149-4954-8f6f-093764bed48b,5b0fa12a-3dd7-45bb-9766-cc326314d9f1,8730.421869506,0.0023665654453757607,2.7107114418397166e-07,5.072483643260387,0.0,10.0,0.012318218032130845,0.0,0.02424667337099995,0.036564891403130816,0.0,Canada,CAN,ontario,,,macOS-15.7.9-x86_64-i386-64bit,3.11.15,3.3.0,8,Intel(R) Core(TM) i7-1060NG7 CPU @ 1.20GHz,0,,-79.4057,43.709,16.0,machine,4.647220299884659,0,68.85023068050796,7.9408501960552,N,1.0,0.0
2026-09-26T04:15:55,codecarbon,7b39bea9-b149-4954-8f6f-093764bed48b,5b0fa12a-3dd7-45bb-9766-cc326314d9f1,8745.445488538,0.0023707934172211946,2.710889251243308e-07,5.073785633601366,0.0,10.0,0.012341813775338386,0.0,0.024288402392711066,0.03663021616804947,0.0,Canada,CAN,ontario,,,macOS-15.7.9-x86_64-i386-64bit,3.11.15,3.3.0,8,Intel(R) Core(TM) i7-1060NG7 CPU @ 1.20GHz,0,,-79.4057,43.709,16.0,machine,4.639194012665515,0,68.85128382268327,7.940418778388199,N,1.0,0.0
2026-09-26T04:16:10,codecarbon,7b39bea9-b149-4954-8f6f-093764bed48b,5b0fa12a-3dd7-45bb-9766-cc326314d9f1,8760.461012426003,0.0023749299832706624,2.7109646169328494e-07,5.0743331635740105,0.0,10.0,0.012364020359134533,0.0,0.024330108298077736,0.036694128657212284,0.0,Canada,CAN,ontario,,,macOS-15.7.9-x86_64-i386-64bit,3.11.15,3.3.0,8,Intel(R) Core(TM) i7-1060NG7 CPU @ 1.20GHz,0,,-79.4057,43.709,16.0,machine,4.66567816091954,0,68.85256321839127,7.940035017167014,N,1.0,0.0
2026-09-26T04:16:25,codecarbon,7b39bea9-b149-4954-8f6f-093764bed48b,5b0fa12a-3dd7-45bb-9766-cc326314d9f1,8775.473345619004,0.00237909915630579,2.7110778673762505e-07,5.074875294054387,0.0,10.0,0.012386738504654578,0.0,0.024371806439699963,0.03675854494435456,0.0,Canada,CAN,ontario,,,macOS-15.7.9-x86_64-i386-64bit,3.11.15,3.3.0,8,Intel(R) Core(TM) i7-1060NG7 CPU @ 1.20GHz,0,,-79.4057,43.709,16.0,machine,4.657647733792311,0,68.85391853126835,7.939682391588536,N,1.0,0.0
2026-09-26T04:16:40,codecarbon,7b39bea9-b149-4954-8f6f-093764bed48b,5b0fa12a-3dd7-45bb-9766-cc326314d9f1,8790.492744542,0.0023842431242774866,2.712297471331011e-07,5.07928972369497,0.0,10.0,0.012424499755028063,0.0,0.02441352265766939,0.036838022412697465,0.0,Canada,CAN,ontario,,,macOS-15.7.9-x86_64-i386-64bit,3.11.15,3.3.0,8,Intel(R) Core(TM) i7-1060NG7 CPU @ 1.20GHz,0,,-79.4057,43.709,16.0,machine,4.649644902634592,0,68.8574799541814,7.939847652527066,N,1.0,0.0
2026-09-26T04:16:55,codecarbon,7b39bea9-b149-4954-8f6f-093764bed48b,5b0fa12a-3dd7-45bb-9766-cc326314d9f1,8805.508564887004,0.002389496673740035,2.713638464072856e-07,5.086140805686125,0.0,10.0,0.01246396431715346,0.0,0.024455228665305504,0.03691919298245898,0.0,Canada,CAN,ontario,,,macOS-15.7.9-x86_64-i386-64bit,3.11.15,3.3.0,8,Intel(R) Core(TM) i7-1060NG7 CPU @ 1.20GHz,0,,-79.4057,43.709,16.0,machine,4.656912521440823,0,68.86126929674143,7.940184376947262,N,1.0,0.0
2026-09-26T04:17:10,codecarbon,7b39bea9-b149-4954-8f6f-093764bed48b,5b0fa12a-3dd7-45bb-9766-cc326314d9f1,8820.543069737,0.002394907851738568,2.715147846117798e-07,5.095862967768021,0.0,10.0,0.012505817205248682,0.0,0.02449698180478327,0.037002799010031964,0.0,Canada,CAN,ontario,,,macOS-15.7.9-x86_64-i386-64bit,3.11.15,3.3.0,8,Intel(R) Core(TM) i7-1060NG7 CPU @ 1.20GHz,0,,-79.4057,43.709,16.0,machine,4.668500970430414,0,68.85728964493705,7.939749318669547,N,1.0,0.0
2026-09-26T04:17:25,codecarbon,7b39bea9-b149-4954-8f6f-093764bed48b,5b0fa12a-3dd7-45bb-9766-cc326314d9f1,8835.586698674004,0.0024001380837526264,2.7164444938476197e-07,5.102967582550811,0.0,10.0,0.01254484684641186,0.0,0.024538762464463834,0.037083609310875704,0.0,Canada,CAN,ontario,,,macOS-15.7.9-x86_64-i386-64bit,3.11.15,3.3.0,8,Intel(R) Core(TM) i7-1060NG7 CPU @ 1.20GHz,0,,-79.4057,43.709,16.0,machine,4.6719170275814905,0,68.84863232277225,7.938791382413316,N,1.0,0.0
2026-09-26T04:17:40,codecarbon,7b39bea9-b149-4954-8f6f-093764bed48b,5b0fa12a-3dd7-45bb-9766-cc326314d9f1,8850.622729334998,0.0024051716094654397,2.7175168155045235e-07,5.1090603796696055,0.0,10.0,0.012580857008101862,0.0,0.024580523370302736,0.03716138037840461,0.0,Canada,CAN,ontario,,,macOS-15.7.9-x86_64-i386-64bit,3.11.15,3.3.0,8,Intel(R) Core(TM) i7-1060NG7 CPU @ 1.20GHz,0,,-79.4057,43.709,16.0,machine,4.675321424507907,0,68.83879849812307,7.9377060513784485,N,1.0,0.0
2026-09-26T04:17:55,codecarbon,7b39bea9-b149-4954-8f6f-093764bed48b,5b0fa12a-3dd7-45bb-9766-cc326314d9f1,8865.646348357997,0.002410088516245224,2.7184577655656155e-07,5.113788711216572,0.0,10.0,0.01261511460870577,0.0,0.024622235002999954,0.03723734961170573,0.0,Canada,CAN,ontario,,,macOS-15.7.9-x86_64-i386-64bit,3.11.15,3.3.0,8,Intel(R) Core(TM) i7-1060NG7 CPU @ 1.20GHz,0,,-79.4057,43.709,16.0,machine,4.701431167651067,0,68.82933893684731,7.936699795322167,N,1.0,0.0
2026-09-26T04:18:10,codecarbon,7b39bea9-b149-4954-8f6f-093764bed48b,5b0fa12a-3dd7-45bb-9766-cc326314d9f1,8880.698242234004,0.0024142685438533775,2.7185571201730765e-07,5.115382661994203,0.0,10.0,0.012637898955670532,0.0,0.024664034653005523,0.037301933608676056,0.0,Canada,CAN,ontario,,,macOS-15.7.9-x86_64-i386-64bit,3.11.15,3.3.0,8,Intel(R) Core(TM) i7-1060NG7 CPU @ 1.20GHz,0,,-79.4057,43.709,16.0,machine,4.69910420682617,0,68.81907245719513,7.935609844539533,N,1.0,0.0
2026-09-26T04:18:25,codecarbon,7b39bea9-b149-4954-8f6f-093764bed48b,5b0fa12a-3dd7-45bb-9766-cc326314d9f1,8895.718941225005,0.0024186132523587706,2.7188507959152204e-07,5.115988176208143,0.0,10.0,0.012663310914145418,0.0,0.02470575111263054,0.03736906202677596,0.0,Canada,CAN,ontario,,,macOS-15.7.9-x86_64-i386-64bit,3.11.15,3.3.0,8,Intel(R) Core(TM) i7-1060NG7 CPU @ 1.20GHz,0,,-79.4057,43.709,16.0,machine,4.711501018791034,0,68.80931627801723,7.934610774459303,N,1.0,0.0
2026-09-26T04:18:40,codecarbon,7b39bea9-b149-4954-8f6f-093764bed48b,5b0fa12a-3dd7-45bb-9766-cc326314d9f1,8910.733451695003,0.0024230801239903707,2.719282466618336e-07,5.117201731834362,0.0,10.0,0.012690625830208637,0.0,0.024747452110088886,0.03743807794029753,0.0,Canada,CAN,ontario,,,macOS-15.7.9-x86_64-i386-64bit,3.11.15,3.3.0,8,Intel(R) Core(TM) i7-1060NG7 CPU @ 1.20GHz,0,,-79.4057,43.709,16.0,machine,4.712928014464911,0,68.80155949824888,7.93396286431484,N,1.0,0.0
2026-09-26T04:18:55,codecarbon,7b39bea9-b149-4954-8f6f-093764bed48b,5b0fa12a-3dd7-45bb-9766-cc326314d9f1,8925.745138670001,0.002427043088064186,2.719148990205015e-07,5.115896085857336,0.0,10.0,0.012710162229347347,0.0,0.024789145942836103,0.03749930817218345,0.0,Canada,CAN,ontario,,,macOS-15.7.9-x86_64-i386-64bit,3.11.15,3.3.0,8,Intel(R) Core(TM) i7-1060NG7 CPU @ 1.20GHz,0,,-79.4057,43.709,16.0,machine,4.716234205776173,0,68.79373871841209,7.933359265327454,N,1.0,0.0
2026-09-26T04:19:10,codecarbon,7b39bea9-b149-4954-8f6f-093764bed48b,5b0fa12a-3dd7-45bb-9766-cc326314d9f1,8940.760210582997,0.00243065765133112,2.718625255662264e-07,5.113074316711647,0.0,10.0,0.012724307790391524,0.0,0.02483084760696943,0.03755515539736095,0.0,Canada,CAN,ontario,,,macOS-15.7.9-x86_64-i386-64bit,3.11.15,3.3.0,8,Intel(R) Core(TM) i7-1060NG7 CPU @ 1.20GHz,0,,-79.4057,43.709,16.0,machine,4.708266696700078,0,68.78530239891931,7.9326769298953455,N,1.0,0.0
2026-09-26T04:19:25,codecarbon,7b39bea9-b149-4954-8f6f-093764bed48b,5b0fa12a-3dd7-45bb-9766-cc326314d9f1,8955.77501478,0.00243438486753274,2.718229146573242e-07,5.110912354341662,0.0,10.0,0.012740193374641936,0.0,0.02487254980501109,0.03761274317965302,0.0,Canada,CAN,ontario,,,macOS-15.7.9-x86_64-i386-64bit,3.11.15,3.3.0,8,Intel(R) Core(TM) i7-1060NG7 CPU @ 1.20GHz,0,,-79.4057,43.709,16.0,machine,4.700326062514054,0,68.7769732403873,7.932003246845222,N,1.0,0.0
2026-09-26T04:19:40,codecarbon,7b39bea9-b149-4954-8f6f-093764bed48b,5b0fa12a-3dd7-45bb-9766-cc326314d9f1,8970.806958228004,0.0024385548304784563,2.718322712586987e-07,5.112460086933559,0.0,10.0,0.0127628725815608,0.0,0.024914299089838842,0.037677171671399626,0.0,Canada,CAN,ontario,,,macOS-15.7.9-x86_64-i386-64bit,3.11.15,3.3.0,8,Intel(R) Core(TM) i7-1060NG7 CPU @ 1.20GHz,0,,-79.4057,43.709,16.0,machine,4.692412167471097,0,68.76989561118025,7.931539032191376,N,1.0,0.0
2026-09-26T04:19:55,codecarbon,7b39bea9-b149-4954-8f6f-093764bed48b,5b0fa12a-3dd7-45bb-9766-cc326314d9f1,8985.818548523002,0.002443334096205863,2.719100194391832e-07,5.1150908044482,0.0,10.0,0.012795023196443631,0.0,0.024955991069358283,0.0377510142658019,0.0,Canada,CAN,ontario,,,macOS-15.7.9-x86_64-i386-64bit,3.11.15,3.3.0,8,Intel(R) Core(TM) i7-1060NG7 CPU @ 1.20GHz,0,,-79.4057,43.709,16.0,machine,4.7069363514119225,0,68.7654975347383,7.931523077266732,N,1.0,0.0
2026-09-26T04:20:10,codecarbon,7b39bea9-b149-4954-8f6f-093764bed48b,5b0fa12a-3dd7-45bb-9766-cc326314d9f1,9000.841622133998,0.0024476957756096904,2.719407671378812e-07,5.1178334328703174,0.0,10.0,0.012820689074529707,0.0,0.02499771582018883,0.03781840489471853,0.0,Canada,CAN,ontario,,,macOS-15.7.9-x86_64-i386-64bit,3.11.15,3.3.0,8,Intel(R) Core(TM) i7-1060NG7 CPU @ 1.20GHz,0,,-79.4057,43.709,16.0,machine,4.710224857366596,0,68.76156169593966,7.931596070838089,N,1.0,0.0
2026-09-26T04:20:25,codecarbon,7b39bea9-b149-4954-8f6f-093764bed48b,5b0fa12a-3dd7-45bb-9766-cc326314d9f1,9015.864212529003,0.0024524469381917756,2.7201462670474826e-07,5.120953336899202,0.0,10.0,0.012852375611444188,0.0,0.02503943766679994,0.03789181327824412,0.0,Canada,CAN,ontario,,,macOS-15.7.9-x86_64-i386-64bit,3.11.15,3.3.0,8,Intel(R) Core(TM) i7-1060NG7 CPU @ 1.20GHz,0,,-79.4057,43.709,16.0,machine,4.71402881715626,0,68.75853903719474,7.9317780052312035,N,1.0,0.0
2026-09-26T04:20:40,codecarbon,7b39bea9-b149-4954-8f6f-093764bed48b,5b0fa12a-3dd7-45bb-9766-cc326314d9f1,9030.89481753,0.0024571165626675363,2.7207897028077354e-07,5.125009212265493,0.0,10.0,0.01288278639359517,0.0,0.02508117545429161,0.03796396184788677,0.0,Canada,CAN,ontario,,,macOS-15.7.9-x86_64-i386-64bit,3.11.15,3.3.0,8,Intel(R) Core(TM) i7-1060NG7 CPU @ 1.20GHz,0,,-79.4057,43.709,16.0,machine,4.717294826048171,0,68.75425958965259,7.931832562803052,N,1.0,0.0
2026-09-26T04:20:55,codecarbon,7b39bea9-b149-4954-8f6f-093764bed48b,5b0fa12a-3dd7-45bb-9766-cc326314d9f1,9045.922578246998,0.002461875241356952,2.721530302809685e-07,5.130957418213549,0.0,10.0,0.012914585625328684,0.0,0.025122900734563823,0.0380374863598925,0.0,Canada,CAN,ontario,,,macOS-15.7.9-x86_64-i386-64bit,3.11.15,3.3.0,8,Intel(R) Core(TM) i7-1060NG7 CPU @ 1.20GHz,0,,-79.4057,43.709,16.0,machine,4.709417789157297,0,68.75059556940938,7.932016191988948,N,1.0,0.0
2026-09-26T04:21:10,codecarbon,7b39bea9-b149-4954-8f6f-093764bed48b,5b0fa12a-3dd7-45bb-9766-cc326314d9f1,9060.944640573001,0.002466502616887269,2.722125247121354e-07,5.134333533269214,0.0,10.0,0.012944357557714652,0.0,0.02516462459963326,0.038108982157347905,0.0,Canada,CAN,ontario,,,macOS-15.7.9-x86_64-i386-64bit,3.11.15,3.3.0,8,Intel(R) Core(TM) i7-1060NG7 CPU @ 1.20GHz,0,,-79.4057,43.709,16.0,machine,4.7015670148921975,0,68.7461547010452,7.932080765516659,N,1.0,0.0
2026-09-26T04:21:25,codecarbon,7b39bea9-b149-4954-8f6f-093764bed48b,5b0fa12a-3dd7-45bb-9766-cc326314d9f1,9075.963357279998,0.002470657105249157,2.7221981931729565e-07,5.135845185789351,0.0,10.0,0.012966839341258654,0.0,0.02520633221599993,0.03817317155725858,0.0,Canada,CAN,ontario,,,macOS-15.7.9-x86_64-i386-64bit,3.11.15,3.3.0,8,Intel(R) Core(TM) i7-1060NG7 CPU @ 1.20GHz,0,,-79.4057,43.709,16.0,machine,4.704837457006546,0,68.74076334184006,7.9320222640241225,N,1.0,0.0
2026-09-26T04:21:40,codecarbon,7b39bea9-b149-4954-8f6f-093764bed48b,5b0fa12a-3dd7-45bb-9766-cc326314d9f1,9090.973919378,0.0024748839472892737,2.7223529285612603e-07,5.135690616744205,0.0,10.0,0.012990455592940426,0.0,0.02524802327304992,0.038238478865990334,0.0,Canada,CAN,ontario,,,macOS-15.7.9-x86_64-i386-64bit,3.11.15,3.3.0,8,Intel(R) Core(TM) i7-1060NG7 CPU @ 1.20GHz,0,,-79.4057,43.709,16.0,machine,4.708097031457687,0,68.73522374833901,7.931954817799377,N,1.0,0.0
2026-09-26T04:21:56,codecarbon,7b39bea9-b149-4954-8f6f-093764bed48b,5b0fa12a-3dd7-45bb-9766-cc326314d9f1,9105.98615665,0.0024785853784570423,2.7219296579393093e-07,5.133374458980178,0.0,10.0,0.013005950735892375,0.0,0.02528971751776105,0.03829566825365341,0.0,Canada,CAN,ontario,,,macOS-15.7.9-x86_64-i386-64bit,3.11.15,3.3.0,8,Intel(R) Core(TM) i7-1060NG7 CPU @ 1.20GHz,0,,-79.4057,43.709,16.0,machine,4.70028751520513,0,68.72930443436957,7.931826557639056,N,1.0,0.0
2026-09-26T04:22:11,codecarbon,7b39bea9-b149-4954-8f6f-093764bed48b,5b0fa12a-3dd7-45bb-9766-cc326314d9f1,9120.998657273998,0.002482643225178756,2.7218984657988604e-07,5.132534285142338,0.0,10.0,0.013026953432181724,0.0,0.025331411048613826,0.03835836448079554,0.0,Canada,CAN,ontario,,,macOS-15.7.9-x86_64-i386-64bit,3.11.15,3.3.0,8,Intel(R) Core(TM) i7-1060NG7 CPU @ 1.20GHz,0,,-79.4057,43.709,16.0,machine,4.703543828659748,0,68.72374696401016,7.931760467054249,N,1.0,0.0
2026-09-26T04:22:26,codecarbon,7b39bea9-b149-4954-8f6f-093764bed48b,5b0fa12a-3dd7-45bb-9766-cc326314d9f1,9136.024812729,0.0024866197854058816,2.7217743344362805e-07,5.133037822106164,0.0,10.0,0.013046660547146982,0.0,0.025373144234463813,0.03841980478161079,0.0,Canada,CAN,ontario,,,macOS-15.7.9-x86_64-i386-64bit,3.11.15,3.3.0,8,Intel(R) Core(TM) i7-1060NG7 CPU @ 1.20GHz,0,,-79.4057,43.709,16.0,machine,4.706789375068885,0,68.71853852088661,7.93175913960934,N,1.0,0.0
2026-09-26T04:22:41,codecarbon,7b39bea9-b149-4954-8f6f-093764bed48b,5b0fa12a-3dd7-45bb-9766-cc326314d9f1,9151.063941468,0.002491306652918712,2.7224229541544e-07,5.136303264226618,0.0,10.0,0.01307730919232951,0.0,0.025414910574449927,0.03849221976677943,0.0,Canada,CAN,ontario,,,macOS-15.7.9-x86_64-i386-64bit,3.11.15,3.3.0,8,Intel(R) Core(TM) i7-1060NG7 CPU @ 1.20GHz,0,,-79.4057,43.709,16.0,machine,4.721027728873239,0,68.71399647887371,7.9318796887364185,N,1.0,0.0
2026-09-26T04:22:56,codecarbon,7b39bea9-b149-4954-8f6f-093764bed48b,5b0fa12a-3dd7-45bb-9766-cc326314d9f1,9166.083323335999,0.002497223032297679,2.7244166829031333e-07,5.1444577963584965,0.0,10.0,0.013127006468099228,0.0,0.02545662499824438,0.03858363146634361,0.0,Canada,CAN,ontario,,,macOS-15.7.9-x86_64-i386-64bit,3.11.15,3.3.0,8,Intel(R) Core(TM) i7-1060NG7 CPU @ 1.20GHz,0,,-79.4057,43.709,16.0,machine,4.7462045479512245,0,68.7089860485559,7.931938422822329,N,1.0,0.0
2026-09-26T04:23:11,codecarbon,7b39bea9-b149-4954-8f6f-093764bed48b,5b0fa12a-3dd7-45bb-9766-cc326314d9f1,9181.104105807,0.002501857316988023,2.725007023289946e-07,5.148501007797121,0.0,10.0,0.013156892238197923,0.0,0.02549834177637216,0.038655234014570085,0.0,Canada,CAN,ontario,,,macOS-15.7.9-x86_64-i386-64bit,3.11.15,3.3.0,8,Intel(R) Core(TM) i7-1060NG7 CPU @ 1.20GHz,0,,-79.4057,43.709,16.0,machine,4.738396578196973,0,68.7033450318057,7.9318965419025425,N,1.0,0.0
2026-09-26T04:23:26,codecarbon,7b39bea9-b149-4954-8f6f-093764bed48b,5b0fa12a-3dd7-45bb-9766-cc326314d9f1,9196.125184300003,0.002506409656809225,2.725506239397729e-07,5.151260120340447,0.0,10.0,0.013185513838730789,0.0,0.025540056625447165,0.038725570464177954,0.0,Canada,CAN,ontario,,,macOS-15.7.9-x86_64-i386-64bit,3.11.15,3.3.0,8,Intel(R) Core(TM) i7-1060NG7 CPU @ 1.20GHz,0,,-79.4057,43.709,16.0,machine,4.742056279426256,0,68.69771159531417,7.931853263150767,N,1.0,0.0
2026-09-26T04:23:41,codecarbon,7b39bea9-b149-4954-8f6f-093764bed48b,5b0fa12a-3dd7-45bb-9766-cc326314d9f1,9211.143701775003,0.002510488539899607,2.725490580953407e-07,5.152400540368028,0.0,10.0,0.0132068216460631,0.0,0.02558177007008882,0.03878859171615191,0.0,Canada,CAN,ontario,,,macOS-15.7.9-x86_64-i386-64bit,3.11.15,3.3.0,8,Intel(R) Core(TM) i7-1060NG7 CPU @ 1.20GHz,0,,-79.4057,43.709,16.0,machine,4.740264567617798,0,68.69201924128176,7.931741590824129,N,1.0,0.0
2026-09-26T04:23:56,codecarbon,7b39bea9-b149-4954-8f6f-093764bed48b,5b0fa12a-3dd7-45bb-9766-cc326314d9f1,9226.165500890002,0.002514509614711368,2.725411347182972e-07,5.1514635114594745,0.0,10.0,0.013227230759831543,0.0,0.025623489034841587,0.038850719794673125,0.0,Canada,CAN,ontario,,,macOS-15.7.9-x86_64-i386-64bit,3.11.15,3.3.0,8,Intel(R) Core(TM) i7-1060NG7 CPU @ 1.20GHz,0,,-79.4057,43.709,16.0,machine,4.7434184675834965,0,68.68661864221832,7.931734591794051,N,1.0,0.0
2026-09-26T04:24:11,codecarbon,7b39bea9-b149-4954-8f6f-093764bed48b,5b0fa12a-3dd7-45bb-9766-cc326314d9f1,9241.173555324003,0.0025183462946163204,2.725136888231535e-07,5.149977836104981,0.0,10.0,0.013244834621972037,0.0,0.02566516423652215,0.03890999885849419,0.0,Canada,CAN,ontario,,,macOS-15.7.9-x86_64-i386-64bit,3.11.15,3.3.0,8,Intel(R) Core(TM) i7-1060NG7 CPU @ 1.20GHz,0,,-79.4057,43.709,16.0,machine,4.746562057317206,0,68.68194399041128,7.931849541299884,N,1.0,0.0
2026-09-26T04:24:26,codecarbon,7b39bea9-b149-4954-8f6f-093764bed48b,5b0fa12a-3dd7-45bb-9766-cc326314d9f1,9256.185862727998,0.0025221234492230167,2.724797758630673e-07,5.1480851387810596,0.0,10.0,0.01326149687460894,0.0,0.025706861345244362,0.038968358219853304,0.0,Canada,CAN,ontario,,,macOS-15.7.9-x86_64-i386-64bit,3.11.15,3.3.0,8,Intel(R) Core(TM) i7-1060NG7 CPU @ 1.20GHz,0,,-79.4057,43.709,16.0,machine,4.749695387293298,0,68.67734986945217,7.9319807700845235,N,1.0,0.0
2026-09-26T04:24:41,codecarbon,7b39bea9-b149-4954-8f6f-093764bed48b,5b0fa12a-3dd7-45bb-9766-cc326314d9f1,9271.199813756004,0.002525948424140836,2.724510823715608e-07,5.146340217946908,0.0,10.0,0.013278893962853266,0.0,0.02574856247157215,0.039027456434425414,0.0,Canada,CAN,ontario,,,macOS-15.7.9-x86_64-i386-64bit,3.11.15,3.3.0,8,Intel(R) Core(TM) i7-1060NG7 CPU @ 1.20GHz,0,,-79.4057,43.709,16.0,machine,4.7419572064733355,0,68.67317258607628,7.932178904596674,N,1.0,0.0
2026-09-26T04:24:56,codecarbon,7b39bea9-b149-4954-8f6f-093764bed48b,5b0fa12a-3dd7-45bb-9766-cc326314d9f1,9286.210835688002,0.0025297074503527308,2.724154658034219e-07,5.144547888857609,0.0,10.0,0.013295279234023346,0.0,0.025790256466913814,0.03908553570093716,0.0,Canada,CAN,ontario,,,macOS-15.7.9-x86_64-i386-64bit,3.11.15,3.3.0,8,Intel(R) Core(TM) i7-1060NG7 CPU @ 1.20GHz,0,,-79.4057,43.709,16.0,machine,4.734244198655389,0,68.66873780091133,7.932336401458522,N,1.0,0.0
2026-09-26T04:25:11,codecarbon,7b39bea9-b149-4954-8f6f-093764bed48b,5b0fa12a-3dd7-45bb-9766-cc326314d9f1,9301.226197747,0.0025335880029346888,2.7239290272807147e-07,5.142953613684486,0.0,10.0,0.013313531184793875,0.0,0.02583196143980271,0.03914549262459659,0.0,Canada,CAN,ontario,,,macOS-15.7.9-x86_64-i386-64bit,3.11.15,3.3.0,8,Intel(R) Core(TM) i7-1060NG7 CPU @ 1.20GHz,0,,-79.4057,43.709,16.0,machine,4.726556241203854,0,68.66492367651882,7.932587227445022,N,1.0,0.0
2026-09-26T04:25:26,codecarbon,7b39bea9-b149-4954-8f6f-093764bed48b,5b0fa12a-3dd7-45bb-9766-cc326314d9f1,9316.241356504,0.00253739543911872,2.723625700559243e-07,5.141174198475671,0.0,10.0,0.013330654146541094,0.0,0.025873665708405484,0.03920431985494658,0.0,Canada,CAN,ontario,,,macOS-15.7.9-x86_64-i386-64bit,3.11.15,3.3.0,8,Intel(R) Core(TM) i7-1060NG7 CPU @ 1.20GHz,0,,-79.4057,43.709,16.0,machine,4.72970168612192,0,68.66138132295765,7.932880144741851,N,1.0,0.0
2026-09-26T04:25:41,codecarbon,7b39bea9-b149-4954-8f6f-093764bed48b,5b0fa12a-3dd7-45bb-9766-cc326314d9f1,9331.251831188001,0.0025413314832030873,2.723462541980865e-07,5.139887616827923,0.0,10.0,0.013349776196188923,0.0,0.0259153579602527,0.03926513415644162,0.0,Canada,CAN,ontario,,,macOS-15.7.9-x86_64-i386-64bit,3.11.15,3.3.0,8,Intel(R) Core(TM) i7-1060NG7 CPU @ 1.20GHz,0,,-79.4057,43.709,16.0,machine,4.7220459695694394,0,68.65742958886418,7.933104564781597,N,1.0,0.0
2026-09-26T04:25:56,codecarbon,7b39bea9-b149-4954-8f6f-093764bed48b,5b0fa12a-3dd7-45bb-9766-cc326314d9f1,9346.271987148004,0.0025454578698105674,2.7235007426606134e-07,5.140403063779203,0.0,10.0,0.013371826571002284,0.0,0.025957062795963805,0.039328889366966074,0.0,Canada,CAN,ontario,,,macOS-15.7.9-x86_64-i386-64bit,3.11.15,3.3.0,8,Intel(R) Core(TM) i7-1060NG7 CPU @ 1.20GHz,0,,-79.4057,43.709,16.0,machine,4.725188536953243,0,68.6570028011209,7.933894660652159,N,1.0,0.0
2026-09-26T04:26:11,codecarbon,7b39bea9-b149-4954-8f6f-093764bed48b,5b0fa12a-3dd7-45bb-9766-cc326314d9f1,9361.293215415,0.002550064402345411,2.7240514143348117e-07,5.143900648825712,0.0,10.0,0.013401288275591174,0.0,0.02599877485173326,0.03940006312732443,0.0,Canada,CAN,ontario,,,macOS-15.7.9-x86_64-i386-64bit,3.11.15,3.3.0,8,Intel(R) Core(TM) i7-1060NG7 CPU @ 1.20GHz,0,,-79.4057,43.709,16.0,machine,4.728320963751748,0,68.65669570829346,7.93469812065552,N,1.0,0.0
2026-09-26T04:26:26,codecarbon,7b39bea9-b149-4954-8f6f-093764bed48b,5b0fa12a-3dd7-45bb-9766-cc326314d9f1,9376.381659206,0.002554717192767751,2.724630124520856e-07,5.147705309249247,0.0,10.0,0.013431275717628938,0.0,0.02604067588286104,0.039471951600489975,0.0,Canada,CAN,ontario,,,macOS-15.7.9-x86_64-i386-64bit,3.11.15,3.3.0,8,Intel(R) Core(TM) i7-1060NG7 CPU @ 1.20GHz,0,,-79.4057,43.709,16.0,machine,4.7319514552679625,0,68.6564064010315,7.935447295873816,N,1.0,0.0
2026-09-26T04:26:41,codecarbon,7b39bea9-b149-4954-8f6f-093764bed48b,5b0fa12a-3dd7-45bb-9766-cc326314d9f1,9391.432124488998,0.002560210999942962,2.726113510704063e-07,5.155336984897547,0.0,10.0,0.013474358550312196,0.0,0.026082475749341607,0.039556834299653794,0.0,Canada,CAN,ontario,,,macOS-15.7.9-x86_64-i386-64bit,3.11.15,3.3.0,8,Intel(R) Core(TM) i7-1060NG7 CPU @ 1.20GHz,0,,-79.4057,43.709,16.0,machine,4.753441990135106,0,68.6561762813644,7.936262061200683,N,1.0,0.0
2026-09-26T04:26:56,codecarbon,7b39bea9-b149-4954-8f6f-093764bed48b,5b0fa12a-3dd7-45bb-9766-cc326314d9f1,9406.465839303,0.002565208461850157,2.7270693432297986e-07,5.158151449418087,0.0,10.0,0.013509853225562005,0.0,0.026124194933647184,0.03963404815920918,0.0,Canada,CAN,ontario,,,macOS-15.7.9-x86_64-i386-64bit,3.11.15,3.3.0,8,Intel(R) Core(TM) i7-1060NG7 CPU @ 1.20GHz,0,,-79.4057,43.709,16.0,machine,4.753837918852371,0,68.65543303714851,7.936994913417896,N,1.0,0.0
2026-09-26T04:27:11,codecarbon,7b39bea9-b149-4954-8f6f-093764bed48b,5b0fa12a-3dd7-45bb-9766-cc326314d9f1,9421.517421156004,0.002572056912372135,2.7299815914966994e-07,5.171713233981637,0.0,10.0,0.013573866754885871,0.0,0.02616599417620551,0.03973986093109138,0.0,Canada,CAN,ontario,,,macOS-15.7.9-x86_64-i386-64bit,3.11.15,3.3.0,8,Intel(R) Core(TM) i7-1060NG7 CPU @ 1.20GHz,0,,-79.4057,43.709,16.0,machine,4.778281316802052,0,68.65525865754641,7.937818576556691,N,1.0,0.0
2026-09-26T04:27:26,codecarbon,7b39bea9-b149-4954-8f6f-093764bed48b,5b0fa12a-3dd7-45bb-9766-cc326314d9f1,9436.564418835002,0.0025800473819204725,2.7340960834970853e-07,5.197028278927557,0.0,10.0,0.013655543932220418,0.0,0.02620777466697217,0.039863318599192586,0.0,Canada,CAN,ontario,,,macOS-15.7.9-x86_64-i386-64bit,3.11.15,3.3.0,8,Intel(R) Core(TM) i7-1060NG7 CPU @ 1.20GHz,0,,-79.4057,43.709,16.0,machine,4.802646462490663,0,68.65398570056603,7.938462996327652,N,1.0,0.0
2026-09-26T04:27:41,codecarbon,7b39bea9-b149-4954-8f6f-093764bed48b,5b0fa12a-3dd7-45bb-9766-cc326314d9f1,9451.626792336003,0.0025868321858552616,2.736917403417615e-07,5.214989468216729,0.0,10.0,0.0137185556004757,0.0,0.02624959239168882,0.03996814799216452,0.0,Canada,CAN,ontario,,,macOS-15.7.9-x86_64-i386-64bit,3.11.15,3.3.0,8,Intel(R) Core(TM) i7-1060NG7 CPU @ 1.20GHz,0,,-79.4057,43.709,16.0,machine,4.848242062646495,0,68.65185382484596,7.9389717671857465,N,1.0,0.0
2026-09-26T04:27:56,codecarbon,7b39bea9-b149-4954-8f6f-093764bed48b,5b0fa12a-3dd7-45bb-9766-cc326314d9f1,9466.738443749,0.002593060013547305,2.7391271333365437e-07,5.226254772645984,0.0,10.0,0.013772821708181924,0.0,0.026291550051502712,0.040064371759684636,0.0,Canada,CAN,ontario,,,macOS-15.7.9-x86_64-i386-64bit,3.11.15,3.3.0,8,Intel(R) Core(TM) i7-1060NG7 CPU @ 1.20GHz,0,,-79.4057,43.709,16.0,machine,4.87241782789065,0,68.64977130092586,7.939485942514739,N,1.0,0.0
2026-09-26T04:28:11,codecarbon,7b39bea9-b149-4954-8f6f-093764bed48b,5b0fa12a-3dd7-45bb-9766-cc326314d9f1,9481.787995569004,0.0025993376617981364,2.741400317126738e-07,5.237884609542868,0.0,10.0,0.01382813870667704,0.0,0.026333226578797147,0.04016136528547418,0.0,Canada,CAN,ontario,,,macOS-15.7.9-x86_64-i386-64bit,3.11.15,3.3.0,8,Intel(R) Core(TM) i7-1060NG7 CPU @ 1.20GHz,0,,-79.4057,43.709,16.0,machine,4.880586236193713,0,68.64902293967758,7.940212169945392,N,1.0,0.0
2026-09-26T04:28:26,codecarbon,7b39bea9-b149-4954-8f6f-093764bed48b,5b0fa12a-3dd7-45bb-9766-cc326314d9f1,9496.867090089003,0.0026060407209535933,2.744105710053872e-07,5.254119107289969,0.0,10.0,0.013890142750196514,0.0,0.0263747889211416,0.040264931671338114,0.0,Canada,CAN,ontario,,,macOS-15.7.9-x86_64-i386-64bit,3.11.15,3.3.0,8,Intel(R) Core(TM) i7-1060NG7 CPU @ 1.20GHz,0,,-79.4057,43.709,16.0,machine,4.898080593849417,0,68.64930010604499,7.94104527648408,N,1.0,0.0
2026-09-26T04:28:41,codecarbon,7b39bea9-b149-4954-8f6f-093764bed48b,5b0fa12a-3dd7-45bb-9766-cc326314d9f1,9511.918220456999,0.0026130969917051894,2.7471819365365016e-07,5.270573653823492,0.0,10.0,0.013957374257151763,0.0,0.02641658113641104,0.0403739553935628,0.0,Canada,CAN,ontario,,,macOS-15.7.9-x86_64-i386-64bit,3.11.15,3.3.0,8,Intel(R) Core(TM) i7-1060NG7 CPU @ 1.20GHz,0,,-79.4057,43.709,16.0,machine,4.932652196929593,0,68.64737956590837,7.941579429985923,N,1.0,0.0
2026-09-26T04:28:56,codecarbon,7b39bea9-b149-4954-8f6f-093764bed48b,5b0fa12a-3dd7-45bb-9766-cc326314d9f1,9526.975964979003,0.0026196093629397865,2.749675629044751e-07,5.284961986221661,0.0,10.0,0.014016192431775907,0.0,0.026458383102013823,0.04047457553378973,0.0,Canada,CAN,ontario,,,macOS-15.7.9-x86_64-i386-64bit,3.11.15,3.3.0,8,Intel(R) Core(TM) i7-1060NG7 CPU @ 1.20GHz,0,,-79.4057,43.709,16.0,machine,4.967114164904863,0,68.64506342494761,7.942043308475809,N,1.0,0.0
2026-09-26T04:29:12,codecarbon,7b39bea9-b149-4954-8f6f-093764bed48b,5b0fa12a-3dd7-45bb-9766-cc326314d9f1,9542.048123158998,0.002625947113299547,2.7519742925276704e-07,5.298464247813129,0.0,10.0,0.014072267473429212,0.0,0.026500230200691605,0.04057249767412082,0.0,Canada,CAN,ontario,,,macOS-15.7.9-x86_64-i386-64bit,3.11.15,3.3.0,8,Intel(R) Core(TM) i7-1060NG7 CPU @ 1.20GHz,0,,-79.4057,43.709,16.0,machine,4.990912928759895,0,68.64199472295559,7.942387277406879,N,1.0,0.0
2026-09-26T04:29:27,codecarbon,7b39bea9-b149-4954-8f6f-093764bed48b,5b0fa12a-3dd7-45bb-9766-cc326314d9f1,9557.112297916003,0.002633934265567766,2.755993843602857e-07,5.316911251781014,0.0,10.0,0.014153841517679353,0.0,0.02654206257052494,0.0406959040882043,0.0,Canada,CAN,ontario,,,macOS-15.7.9-x86_64-i386-64bit,3.11.15,3.3.0,8,Intel(R) Core(TM) i7-1060NG7 CPU @ 1.20GHz,0,,-79.4057,43.709,16.0,machine,5.046248682824025,0,68.63932560590139,7.942796053549763,N,1.0,0.0
2026-09-26T04:29:42,codecarbon,7b39bea9-b149-4954-8f6f-093764bed48b,5b0fa12a-3dd7-45bb-9766-cc326314d9f1,9572.154535420003,0.0026410209243118146,2.759066325704627e-07,5.3327099859119125,0.0,10.0,0.014221563312846141,0.0,0.02658383401075273,0.04080539732359888,0.0,Canada,CAN,ontario,,,macOS-15.7.9-x86_64-i386-64bit,3.11.15,3.3.0,8,Intel(R) Core(TM) i7-1060NG7 CPU @ 1.20GHz,0,,-79.4057,43.709,16.0,machine,5.069847448711204,0,68.6368227248821,7.943228740983107,N,1.0,0.0
2026-09-26T04:29:57,codecarbon,7b39bea9-b149-4954-8f6f-093764bed48b,5b0fa12a-3dd7-45bb-9766-cc326314d9f1,9587.201809736001,0.0026485279471126686,2.7625661790315436e-07,5.351796027574786,0.0,10.0,0.014295775659757272,0.0,0.026625609782408285,0.04092138544216556,0.0,Canada,CAN,ontario,,,macOS-15.7.9-x86_64-i386-64bit,3.11.15,3.3.0,8,Intel(R) Core(TM) i7-1060NG7 CPU @ 1.20GHz,0,,-79.4057,43.709,16.0,machine,5.085903361344538,0,68.63532563025255,7.943817398327739,N,1.0,0.0
2026-09-26T04:30:12,codecarbon,7b39bea9-b149-4954-8f6f-093764bed48b,5b0fa12a-3dd7-45bb-9766-cc326314d9f1,9602.265364649003,0.002655998241936193,2.766012124299669e-07,5.372435054541341,0.0,10.0,0.014369371968366853,0.0,0.02666743412253051,0.04103680609089736,0.0,Canada,CAN,ontario,,,macOS-15.7.9-x86_64-i386-64bit,3.11.15,3.3.0,8,Intel(R) Core(TM) i7-1060NG7 CPU @ 1.20GHz,0,,-79.4057,43.709,16.0,machine,5.098877818563189,0,68.63319349764076,7.944305282296719,N,1.0,0.0
2026-09-26T04:30:27,codecarbon,7b39bea9-b149-4954-8f6f-093764bed48b,5b0fa12a-3dd7-45bb-9766-cc326314d9f1,9617.391263462003,0.002663178801733261,2.7691280605907136e-07,5.3896895975563535,0.0,10.0,0.014438331812631482,0.0,0.026709418342672174,0.041147750155303656,0.0,Canada,CAN,ontario,,,macOS-15.7.9-x86_64-i386-64bit,3.11.15,3.3.0,8,Intel(R) Core(TM) i7-1060NG7 CPU @ 1.20GHz,0,,-79.4057,43.709,16.0,machine,5.132753926701571,0,68.63126701570732,7.944823730628528,N,1.0,0.0
2026-09-26T04:30:42,codecarbon,7b39bea9-b149-4954-8f6f-093764bed48b,5b0fa12a-3dd7-45bb-9766-cc326314d9f1,9632.516237052001,0.002670817894971909,2.7727105039267536e-07,5.4090347382783905,0.0,10.0,0.014514392170723363,0.0,0.026751386672624954,0.041265778843348325,0.0,Canada,CAN,ontario,,,macOS-15.7.9-x86_64-i386-64bit,3.11.15,3.3.0,8,Intel(R) Core(TM) i7-1060NG7 CPU @ 1.20GHz,0,,-79.4057,43.709,16.0,machine,5.180115002613696,0,68.6302352326194,7.945483440313424,N,1.0,0.0
2026-09-26T04:30:57,codecarbon,7b39bea9-b149-4954-8f6f-093764bed48b,5b0fa12a-3dd7-45bb-9766-cc326314d9f1,9647.606172935,0.0026797108381714876,2.777591446144473e-07,5.434341279268018,0.0,10.0,0.014609903663974912,0.0,0.026793276620344406,0.04140318028431932,0.0,Canada,CAN,ontario,,,macOS-15.7.9-x86_64-i386-64bit,3.11.15,3.3.0,8,Intel(R) Core(TM) i7-1060NG7 CPU @ 1.20GHz,0,,-79.4057,43.709,16.0,machine,5.223851774530272,0,68.62915448851822,7.946135543632109,N,1.0,0.0
2026-09-26T04:31:12,codecarbon,7b39bea9-b149-4954-8f6f-093764bed48b,5b0fa12a-3dd7-45bb-9766-cc326314d9f1,9662.802142429999,0.002687444041007937,2.7812263993352337e-07,5.457252123778495,0.0,10.0,0.014687200476326422,0.0,0.026835462547194412,0.04152266302352084,0.0,Canada,CAN,ontario,,,macOS-15.7.9-x86_64-i386-64bit,3.11.15,3.3.0,8,Intel(R) Core(TM) i7-1060NG7 CPU @ 1.20GHz,0,,-79.4057,43.709,16.0,machine,5.288639916623241,0,68.62577384054245,7.9464293725916715,N,1.0,0.0
2026-09-26T04:31:27,codecarbon,7b39bea9-b149-4954-8f6f-093764bed48b,5b0fa12a-3dd7-45bb-9766-cc326314d9f1,9677.888448579,0.002694004153536329,2.7836693591274944e-07,5.471775780613151,0.0,10.0,0.014746702261027813,0.0,0.02687731853506663,0.04162402079609445,0.0,Canada,CAN,ontario,,,macOS-15.7.9-x86_64-i386-64bit,3.11.15,3.3.0,8,Intel(R) Core(TM) i7-1060NG7 CPU @ 1.20GHz,0,,-79.4057,43.709,16.0,machine,5.327765636382558,0,68.6234988032058,7.946841615582991,N,1.0,0.0
2026-09-26T04:31:43,codecarbon,7b39bea9-b149-4954-8f6f-093764bed48b,5b0fa12a-3dd7-45bb-9766-cc326314d9f1,9693.054672617003,0.002700556586322029,2.786073820414048e-07,5.485719983539721,0.0,10.0,0.014805836806365446,0.0,0.026919423105555517,0.04172525991192097,0.0,Canada,CAN,ontario,,,macOS-15.7.9-x86_64-i386-64bit,3.11.15,3.3.0,8,Intel(R) Core(TM) i7-1060NG7 CPU @ 1.20GHz,0,,-79.4057,43.709,16.0,machine,5.3585827098919365,0,68.62052161263554,7.9471993010339395,N,1.0,0.0
2026-09-26T04:31:58,codecarbon,7b39bea9-b149-4954-8f6f-093764bed48b,5b0fa12a-3dd7-45bb-9766-cc326314d9f1,9708.191011378,0.002706477508470785,2.787828860493982e-07,5.495661333502558,0.0,10.0,0.014855299873555246,0.0,0.026961441926516626,0.041816741800071874,0.0,Canada,CAN,ontario,,,macOS-15.7.9-x86_64-i386-64bit,3.11.15,3.3.0,8,Intel(R) Core(TM) i7-1060NG7 CPU @ 1.20GHz,0,,-79.4057,43.709,16.0,machine,5.409036207075422,0,68.61811391223202,7.947649144745427,N,1.0,0.0
2026-09-26T04:32:13,codecarbon,7b39bea9-b149-4954-8f6f-093764bed48b,5b0fa12a-3dd7-45bb-9766-cc326314d9f1,9723.266583677,0.0027128271173850996,2.7900367577489617e-07,5.50717718736847,0.0,10.0,0.014911572144493611,0.0,0.02700327501786939,0.041914847162363,0.0,Canada,CAN,ontario,,,macOS-15.7.9-x86_64-i386-64bit,3.11.15,3.3.0,8,Intel(R) Core(TM) i7-1060NG7 CPU @ 1.20GHz,0,,-79.4057,43.709,16.0,machine,5.442065465092189,0,68.6162834058426,7.94819271853431,N,1.0,0.0
2026-09-26T04:32:28,codecarbon,7b39bea9-b149-4954-8f6f-093764bed48b,5b0fa12a-3dd7-45bb-9766-cc326314d9f1,9738.395562539004,0.002719259028670048,2.792307019372173e-07,5.519523904663137,0.0,10.0,0.014968983291921227,0.0,0.027045240854969385,0.04201422414689062,0.0,Canada,CAN,ontario,,,macOS-15.7.9-x86_64-i386-64bit,3.11.15,3.3.0,8,Intel(R) Core(TM) i7-1060NG7 CPU @ 1.20GHz,0,,-79.4057,43.709,16.0,machine,5.511190402316682,0,68.61399317406189,7.948663363376341,N,1.0,0.0
2026-09-26T04:32:43,codecarbon,7b39bea9-b149-4954-8f6f-093764bed48b,5b0fa12a-3dd7-45bb-9766-cc326314d9f1,9753.465629729999,0.0027254261318071563,2.7943156158767364e-07,5.530755020772108,0.0,10.0,0.015022435068065134,0.0,0.027087074614630495,0.04210950968269564,0.0,Canada,CAN,ontario,,,macOS-15.7.9-x86_64-i386-64bit,3.11.15,3.3.0,8,Intel(R) Core(TM) i7-1060NG7 CPU @ 1.20GHz,0,,-79.4057,43.709,16.0,machine,5.543959107806691,0,68.61193721602689,7.949163421526865,N,1.0,0.0
2026-09-26T04:32:58,codecarbon,7b39bea9-b149-4954-8f6f-093764bed48b,5b0fa12a-3dd7-45bb-9766-cc326314d9f1,9768.528239094001,0.0027323208445687265,2.797065000676233e-07,5.543704939323911,0.0,10.0,0.015087142899958175,0.0,0.0271288943346694,0.04221603723462758,0.0,Canada,CAN,ontario,,,macOS-15.7.9-x86_64-i386-64bit,3.11.15,3.3.0,8,Intel(R) Core(TM) i7-1060NG7 CPU @ 1.20GHz,0,,-79.4057,43.709,16.0,machine,5.6178678214248885,0,68.6096092380662,7.949627944422402,N,1.0,0.0
2026-09-26T04:33:13,codecarbon,7b39bea9-b149-4954-8f6f-093764bed48b,5b0fa12a-3dd7-45bb-9766-cc326314d9f1,9783.652737017004,0.002739176928305051,2.7997487256893533e-07,5.560257326137412,0.0,10.0,0.015151092972245922,0.0,0.02717087497211939,0.042321967944365324,0.0,Canada,CAN,ontario,,,macOS-15.7.9-x86_64-i386-64bit,3.11.15,3.3.0,8,Intel(R) Core(TM) i7-1060NG7 CPU @ 1.20GHz,0,,-79.4057,43.709,16.0,machine,5.6452233889232035,0,68.60643401276548,7.949960656781635,N,1.0,0.0
2026-09-26T04:33:28,codecarbon,7b39bea9-b149-4954-8f6f-093764bed48b,5b0fa12a-3dd7-45bb-9766-cc326314d9f1,9798.885300585,0.002746438387391827,2.802806955223634e-07,5.576736608498581,0.0,10.0,0.01522107963375892,0.0,0.02721308231878606,0.042434161952545,0.0,Canada,CAN,ontario,,,macOS-15.7.9-x86_64-i386-64bit,3.11.15,3.3.0,8,Intel(R) Core(TM) i7-1060NG7 CPU @ 1.20GHz,0,,-79.4057,43.709,16.0,machine,5.708469524103196,0,68.60411141946798,7.950423158027491,N,1.0,0.0
2026-09-26T04:33:43,codecarbon,7b39bea9-b149-4954-8f6f-093764bed48b,5b0fa12a-3dd7-45bb-9766-cc326314d9f1,9813.965971833004,0.0027548474746666137,2.8070685007195686e-07,5.5972423589371445,0.0,10.0,0.015309130974698801,0.0,0.027254956547241627,0.04256408752194044,0.0,Canada,CAN,ontario,,,macOS-15.7.9-x86_64-i386-64bit,3.11.15,3.3.0,8,Intel(R) Core(TM) i7-1060NG7 CPU @ 1.20GHz,0,,-79.4057,43.709,16.0,machine,5.752709359605911,0,68.60142651888381,7.950839078680831,N,1.0,0.0
2026-09-26T04:33:59,codecarbon,7b39bea9-b149-4954-8f6f-093764bed48b,5b0fa12a-3dd7-45bb-9766-cc326314d9f1,9829.035648194,0.0027616669499318847,2.8097028526285966e-07,5.616206302602144,0.0,10.0,0.01537268242665268,0.0,0.027296770181636072,0.04266945260828876,0.0,Canada,CAN,ontario,,,macOS-15.7.9-x86_64-i386-64bit,3.11.15,3.3.0,8,Intel(R) Core(TM) i7-1060NG7 CPU @ 1.20GHz,0,,-79.4057,43.709,16.0,machine,5.764951834392293,0,68.59931338389056,7.951305709967093,N,1.0,0.0
2026-09-26T04:34:14,codecarbon,7b39bea9-b149-4954-8f6f-093764bed48b,5b0fa12a-3dd7-45bb-9766-cc326314d9f1,9844.125896064,0.002767923293995683,2.8117512140944764e-07,5.628461935397809,0.0,10.0,0.015427453002290873,0.0,0.027338663968997177,0.042766116971288064,0.0,Canada,CAN,ontario,,,macOS-15.7.9-x86_64-i386-64bit,3.11.15,3.3.0,8,Intel(R) Core(TM) i7-1060NG7 CPU @ 1.20GHz,0,,-79.4057,43.709,16.0,machine,5.776568095774071,0,68.59811726184428,7.951977490817685,N,1.0,0.0
2026-09-26T04:34:29,codecarbon,7b39bea9-b149-4954-8f6f-093764bed48b,5b0fa12a-3dd7-45bb-9766-cc326314d9f1,9859.145503445001,0.0027722776564103515,2.8118843113144614e-07,5.6335980710585885,0.0,10.0,0.015453013617828356,0.0,0.027380380930394382,0.04283339454822275,0.0,Canada,CAN,ontario,,,macOS-15.7.9-x86_64-i386-64bit,3.11.15,3.3.0,8,Intel(R) Core(TM) i7-1060NG7 CPU @ 1.20GHz,0,,-79.4057,43.709,16.0,machine,5.7677155700858185,0,68.59827339599552,7.952878228293958,N,1.0,0.0
2026-09-26T04:34:44,codecarbon,7b39bea9-b149-4954-8f6f-093764bed48b,5b0fa12a-3dd7-45bb-9766-cc326314d9f1,9874.155064749004,0.0027765620779189202,2.8119490323089217e-07,5.633549131001313,0.0,10.0,0.015477522238585575,0.0,0.027422069256563847,0.04289959149514943,0.0,Canada,CAN,ontario,,,macOS-15.7.9-x86_64-i386-64bit,3.11.15,3.3.0,8,Intel(R) Core(TM) i7-1060NG7 CPU @ 1.20GHz,0,,-79.4057,43.709,16.0,machine,5.758890135672752,0,68.59686830562117,7.953528925969529,N,1.0,0.0
2026-09-26T04:34:59,codecarbon,7b39bea9-b149-4954-8f6f-093764bed48b,5b0fa12a-3dd7-45bb-9766-cc326314d9f1,9889.166969528003,0.002781023755096618,2.812192132730622e-07,5.6340480045590935,0.0,10.0,0.01550476367813903,0.0,0.027463763473024934,0.042968527151163984,0.0,Canada,CAN,ontario,,,macOS-15.7.9-x86_64-i386-64bit,3.11.15,3.3.0,8,Intel(R) Core(TM) i7-1060NG7 CPU @ 1.20GHz,0,,-79.4057,43.709,16.0,machine,5.780647789773884,0,68.59428600529682,7.953984489215564,N,1.0,0.0
2026-09-26T04:35:14,codecarbon,7b39bea9-b149-4954-8f6f-093764bed48b,5b0fa12a-3dd7-45bb-9766-cc326314d9f1,9904.174651359,0.002785178468053223,2.8121257612021763e-07,5.6340516543779575,0.0,10.0,0.015527273925581753,0.0,0.027505446095619366,0.04303272002120114,0.0,Canada,CAN,ontario,,,macOS-15.7.9-x86_64-i386-64bit,3.11.15,3.3.0,8,Intel(R) Core(TM) i7-1060NG7 CPU @ 1.20GHz,0,,-79.4057,43.709,16.0,machine,5.781999389809823,0,68.59160988508128,7.954409180028895,N,1.0,0.0
2026-09-26T04:35:29,codecarbon,7b39bea9-b149-4954-8f6f-093764bed48b,5b0fa12a-3dd7-45bb-9766-cc326314d9f1,9919.186761933004,0.0027887750485304594,2.811495655302085e-07,5.631706787617809,0.0,10.0,0.015541149041030823,0.0,0.027547140360188804,0.04308828940121966,0.0,Canada,CAN,ontario,,,macOS-15.7.9-x86_64-i386-64bit,3.11.15,3.3.0,8,Intel(R) Core(TM) i7-1060NG7 CPU @ 1.20GHz,0,,-79.4057,43.709,16.0,machine,5.78842404549147,0,68.58843419983796,7.954755025797022,N,1.0,0.0
2026-09-26T04:35:44,codecarbon,7b39bea9-b149-4954-8f6f-093764bed48b,5b0fa12a-3dd7-45bb-9766-cc326314d9f1,9934.197094806,0.0027923477852179537,2.8108439550468614e-07,5.628130283876739,0.0,10.0,0.015554659996904998,0.0,0.027588830383119364,0.043143490380024394,0.0,Canada,CAN,ontario,,,macOS-15.7.9-x86_64-i386-64bit,3.11.15,3.3.0,8,Intel(R) Core(TM) i7-1060NG7 CPU @ 1.20GHz,0,,-79.4057,43.709,16.0,machine,5.789759707999594,0,68.58470039541764,7.955009747431412,N,1.0,0.0
2026-09-26T04:35:59,codecarbon,7b39bea9-b149-4954-8f6f-093764bed48b,5b0fa12a-3dd7-45bb-9766-cc326314d9f1,9949.205774924001,0.002795924546906948,2.8101987336052515e-07,5.62452842209851,0.0,10.0,0.015568238647005241,0.0,0.027630514900572136,0.0431987535475774,0.0,Canada,CAN,ontario,,,macOS-15.7.9-x86_64-i386-64bit,3.11.15,3.3.0,8,Intel(R) Core(TM) i7-1060NG7 CPU @ 1.20GHz,0,,-79.4057,43.709,16.0,machine,5.7910913140311795,0,68.5809880542624,7.955264521118213,N,1.0,0.0
2026-09-26T04:36:14,codecarbon,7b39bea9-b149-4954-8f6f-093764bed48b,5b0fa12a-3dd7-45bb-9766-cc326314d9f1,9964.216226667002,0.0027998410821512246,2.809895950128094e-07,5.62188917162647,0.0,10.0,0.015587060933746512,0.0,0.027672205491749934,0.04325926642549647,0.0,Canada,CAN,ontario,,,macOS-15.7.9-x86_64-i386-64bit,3.11.15,3.3.0,8,Intel(R) Core(TM) i7-1060NG7 CPU @ 1.20GHz,0,,-79.4057,43.709,16.0,machine,5.782310724754876,0,68.58128980086973,7.956111501541223,N,1.0,0.0
2026-09-26T04:36:29,codecarbon,7b39bea9-b149-4954-8f6f-093764bed48b,5b0fa12a-3dd7-45bb-9766-cc326314d9f1,9979.232880158004,0.0028034327634027297,2.809266801436086e-07,5.619119086439824,0.0,10.0,0.015600847192200893,0.0,0.027713912917263835,0.04331476010946475,0.0,Canada,CAN,ontario,,,macOS-15.7.9-x86_64-i386-64bit,3.11.15,3.3.0,8,Intel(R) Core(TM) i7-1060NG7 CPU @ 1.20GHz,0,,-79.4057,43.709,16.0,machine,5.773556721840936,0,68.57986475575335,7.95654816679479,N,1.0,0.0
2026-09-26T04:36:44,codecarbon,7b39bea9-b149-4954-8f6f-093764bed48b,5b0fa12a-3dd7-45bb-9766-cc326314d9f1,9994.244587408004,0.002807039839972874,2.8086563375780627e-07,5.615653153145849,0.0,10.0,0.015614885582678647,0.0,0.027755606077894384,0.04337049166057306,0.0,Canada,CAN,ontario,,,macOS-15.7.9-x86_64-i386-64bit,3.11.15,3.3.0,8,Intel(R) Core(TM) i7-1060NG7 CPU @ 1.20GHz,0,,-79.4057,43.709,16.0,machine,5.764829184722362,0,68.57860526050636,7.9570125720919735,N,1.0,0.0
2026-09-26T04:36:59,codecarbon,7b39bea9-b149-4954-8f6f-093764bed48b,5b0fa12a-3dd7-45bb-9766-cc326314d9f1,10009.257509462,0.002810713588300543,2.808113974131953e-07,5.612438153916973,0.0,10.0,0.01562994981838919,0.0,0.027797303512944366,0.043427253331333585,0.0,Canada,CAN,ontario,,,macOS-15.7.9-x86_64-i386-64bit,3.11.15,3.3.0,8,Intel(R) Core(TM) i7-1060NG7 CPU @ 1.20GHz,0,,-79.4057,43.709,16.0,machine,5.776252767156369,0,68.57883880056396,7.957717677097394,N,1.0,0.0
2026-09-26T04:37:14,codecarbon,7b39bea9-b149-4954-8f6f-093764bed48b,5b0fa12a-3dd7-45bb-9766-cc326314d9f1,10024.271680353999,0.0028144220664283923,2.807607531172782e-07,5.6095092461361835,0.0,10.0,0.015645547615505007,0.0,0.027839003983358254,0.04348455159886329,0.0,Canada,CAN,ontario,,,macOS-15.7.9-x86_64-i386-64bit,3.11.15,3.3.0,8,Intel(R) Core(TM) i7-1060NG7 CPU @ 1.20GHz,0,,-79.4057,43.709,16.0,machine,5.768127009646301,0,68.57863745980752,7.9583079044458565,N,1.0,0.0
2026-09-26T04:37:29,codecarbon,7b39bea9-b149-4954-8f6f-093764bed48b,5b0fa12a-3dd7-45bb-9766-cc326314d9f1,10039.289868048003,0.0028181124515655595,2.807083457700282e-07,5.606573033810475,0.0,10.0,0.015660858220699958,0.0,0.027880712097861037,0.043541570318561026,0.0,Canada,CAN,ontario,,,macOS-15.7.9-x86_64-i386-64bit,3.11.15,3.3.0,8,Intel(R) Core(TM) i7-1060NG7 CPU @ 1.20GHz,0,,-79.4057,43.709,16.0,machine,5.759446172368817,0,68.58238186013894,7.958887261541578,N,1.0,0.0
2026-09-26T04:37:44,codecarbon,7b39bea9-b149-4954-8f6f-093764bed48b,5b0fa12a-3dd7-45bb-9766-cc326314d9f1,10054.303186656001,0.0028217482847395278,2.8065080516813257e-07,5.603496921325471,0.0,10.0,0.015675333599901174,0.0,0.02792241257698051,0.04359774617688171,0.0,Canada,CAN,ontario,,,macOS-15.7.9-x86_64-i386-64bit,3.11.15,3.3.0,8,Intel(R) Core(TM) i7-1060NG7 CPU @ 1.20GHz,0,,-79.4057,43.709,16.0,machine,5.750791424564215,0,68.58528351031907,7.9592738762047075,N,1.0,0.0
2026-09-26T04:37:59,codecarbon,7b39bea9-b149-4954-8f6f-093764bed48b,5b0fa12a-3dd7-45bb-9766-cc326314d9f1,10069.315422928998,0.0028253795812929736,2.805930157733719e-07,5.60029906072439,0.0,10.0,0.015689743417964547,0.0,0.027964108523661046,0.04365385194162562,0.0,Canada,CAN,ontario,,,macOS-15.7.9-x86_64-i386-64bit,3.11.15,3.3.0,8,Intel(R) Core(TM) i7-1060NG7 CPU @ 1.20GHz,0,,-79.4057,43.709,16.0,machine,5.752165649694908,0,68.58690607182201,7.95946265950708,N,1.0,0.0
2026-09-26T04:38:14,codecarbon,7b39bea9-b149-4954-8f6f-093764bed48b,5b0fa12a-3dd7-45bb-9766-cc326314d9f1,10084.332609742003,0.0028290009615197817,2.805342773786354e-07,5.597072032602834,0.0,10.0,0.015703987771380712,0.0,0.028005816721644386,0.043709804493025126,0.0,Canada,CAN,ontario,,,macOS-15.7.9-x86_64-i386-64bit,3.11.15,3.3.0,8,Intel(R) Core(TM) i7-1060NG7 CPU @ 1.20GHz,0,,-79.4057,43.709,16.0,machine,5.7635237714742305,0,68.58862365161852,7.95966567109215,N,1.0,0.0
2026-09-26T04:38:29,codecarbon,7b39bea9-b149-4954-8f6f-093764bed48b,5b0fa12a-3dd7-45bb-9766-cc326314d9f1,10099.346996229,0.002836258436760775,2.808358241200948e-07,5.592262024549336,0.0,10.0,0.01573275228395715,0.0,0.028089184664380512,0.04382193694833768,0.0,Canada,CAN,ontario,,,macOS-15.7.9-x86_64-i386-64bit,3.11.15,3.3.0,8,Intel(R) Core(TM) i7-1060NG7 CPU @ 1.20GHz,0,,-79.4057,43.709,16.0,machine,5.754901765233868,0,68.59011668495106,7.959837231284614,N,1.0,0.0
2026-09-26T04:38:44,codecarbon,7b39bea9-b149-4954-8f6f-093764bed48b,5b0fa12a-3dd7-45bb-9766-cc326314d9f1,10114.362192832003,0.002839900333746679,2.8077898335095235e-07,5.590712127807577,0.0,10.0,0.015747355082309396,0.0,0.028130851413972178,0.04387820649628159,0.0,Canada,CAN,ontario,,,macOS-15.7.9-x86_64-i386-64bit,3.11.15,3.3.0,8,Intel(R) Core(TM) i7-1060NG7 CPU @ 1.20GHz,0,,-79.4057,43.709,16.0,machine,5.746305516829317,0,68.59203345947064,7.9600737487574165,N,1.0,0.0
2026-09-26T04:38:59,codecarbon,7b39bea9-b149-4954-8f6f-093764bed48b,5b0fa12a-3dd7-45bb-9766-cc326314d9f1,10129.381414216,0.0028435331349885144,2.807213015987117e-07,5.589137021982349,0.0,10.0,0.015761806825147537,0.0,0.028172528684238838,0.04393433550938639,0.0,Canada,CAN,ontario,,,macOS-15.7.9-x86_64-i386-64bit,3.11.15,3.3.0,8,Intel(R) Core(TM) i7-1060NG7 CPU @ 1.20GHz,0,,-79.4057,43.709,16.0,machine,5.737734911007258,0,68.5934274634587,7.960230415877545,N,1.0,0.0
2026-09-26T04:39:14,codecarbon,7b39bea9-b149-4954-8f6f-093764bed48b,5b0fa12a-3dd7-45bb-9766-cc326314d9f1,10144.394426816998,0.002847551678077333,2.8070198754789625e-07,5.588623720008604,0.0,10.0,0.01578221666093968,0.0,0.028214207810291624,0.04399642447123132,0.0,Canada,CAN,ontario,,,macOS-15.7.9-x86_64-i386-64bit,3.11.15,3.3.0,8,Intel(R) Core(TM) i7-1060NG7 CPU @ 1.20GHz,0,,-79.4057,43.709,16.0,machine,5.7291898332009525,0,68.59546266878516,7.960455233942809,N,1.0,0.0
2026-09-26T04:39:29,codecarbon,7b39bea9-b149-4954-8f6f-093764bed48b,5b0fa12a-3dd7-45bb-9766-cc326314d9f1,10159.431278246,0.0028527104953005086,2.8079430995403335e-07,5.590235282782981,0.0,10.0,0.01582006599188808,0.0,0.028256065377752736,0.04407613136964083,0.0,Canada,CAN,ontario,,,macOS-15.7.9-x86_64-i386-64bit,3.11.15,3.3.0,8,Intel(R) Core(TM) i7-1060NG7 CPU @ 1.20GHz,0,,-79.4057,43.709,16.0,machine,5.720670169525131,0,68.5960741548532,7.960866072469321,N,1.0,0.0
2026-09-26T04:39:44,codecarbon,7b39bea9-b149-4954-8f6f-093764bed48b,5b0fa12a-3dd7-45bb-9766-cc326314d9f1,10174.452302738002,0.0028569926781287264,2.808006360558488e-07,5.590556737201335,0.0,10.0,0.015844512886746147,0.0,0.02829778084083329,0.044142293727579454,0.0,Canada,CAN,ontario,,,macOS-15.7.9-x86_64-i386-64bit,3.11.15,3.3.0,8,Intel(R) Core(TM) i7-1060NG7 CPU @ 1.20GHz,0,,-79.4057,43.709,16.0,machine,5.722074836666006,0,68.59611958028154,7.9612176196925875,N,1.0,0.0
2026-09-26T04:39:59,codecarbon,7b39bea9-b149-4954-8f6f-093764bed48b,5b0fa12a-3dd7-45bb-9766-cc326314d9f1,10189.468930306004,0.002860988019250508,2.8077891387854583e-07,5.5893500173415545,0.0,10.0,0.01586454329038831,0.0,0.028339480914377747,0.044204024204766074,0.0,Canada,CAN,ontario,,,macOS-15.7.9-x86_64-i386-64bit,3.11.15,3.3.0,8,Intel(R) Core(TM) i7-1060NG7 CPU @ 1.20GHz,0,,-79.4057,43.709,16.0,machine,5.723475338539092,0,68.5953345853518,7.96144031834977,N,1.0,0.0
2026-09-26T04:40:14,codecarbon,7b39bea9-b149-4954-8f6f-093764bed48b,5b0fa12a-3dd7-45bb-9766-cc326314d9f1,10204.488691855,0.0028649590950037356,2.8075479149587213e-07,5.5880504847047945,0.0,10.0,0.01588418616068984,0.0,0.028381193606397175,0.04426537976708703,0.0,Canada,CAN,ontario,,,macOS-15.7.9-x86_64-i386-64bit,3.11.15,3.3.0,8,Intel(R) Core(TM) i7-1060NG7 CPU @ 1.20GHz,0,,-79.4057,43.709,16.0,machine,5.71500197394394,0,68.59461113304418,7.961681387050793,N,1.0,0.0
2026-09-26T04:40:29,codecarbon,7b39bea9-b149-4954-8f6f-093764bed48b,5b0fa12a-3dd7-45bb-9766-cc326314d9f1,10219.509958138999,0.0028697216379923486,2.808081453755864e-07,5.590963683059165,0.0,10.0,0.015916072888119432,0.0,0.028422891096772183,0.044338963984891636,0.0,Canada,CAN,ontario,,,macOS-15.7.9-x86_64-i386-64bit,3.11.15,3.3.0,8,Intel(R) Core(TM) i7-1060NG7 CPU @ 1.20GHz,0,,-79.4057,43.709,16.0,machine,5.716408790775598,0,68.59435301074247,7.962022421406304,N,1.0,0.0
2026-09-26T04:40:44,codecarbon,7b39bea9-b149-4954-8f6f-093764bed48b,5b0fa12a-3dd7-45bb-9766-cc326314d9f1,10234.534186654,0.0028750993671410687,2.809213702065938e-07,5.597304676792803,0.0,10.0,0.015957437675146888,0.0,0.02846461553201941,0.044422053207166315,0.0,Canada,CAN,ontario,,,macOS-15.7.9-x86_64-i386-64bit,3.11.15,3.3.0,8,Intel(R) Core(TM) i7-1060NG7 CPU @ 1.20GHz,0,,-79.4057,43.709,16.0,machine,5.707970871875615,0,68.59372170832552,7.962436820925326,N,1.0,0.0
2026-09-26T04:40:59,codecarbon,7b39bea9-b149-4954-8f6f-093764bed48b,5b0fa12a-3dd7-45bb-9766-cc326314d9f1,10249.5557094,0.0028798338673702135,2.809715805270545e-07,5.599430337458405,0.0,10.0,0.015988872060278925,0.0,0.02850633208681385,0.0444952041470928,0.0,Canada,CAN,ontario,,,macOS-15.7.9-x86_64-i386-64bit,3.11.15,3.3.0,8,Intel(R) Core(TM) i7-1060NG7 CPU @ 1.20GHz,0,,-79.4057,43.709,16.0,machine,5.719209983295666,0,68.59281713668113,7.9628332636030015,N,1.0,0.0
2026-09-26T04:41:14,codecarbon,7b39bea9-b149-4954-8f6f-093764bed48b,5b0fa12a-3dd7-45bb-9766-cc326314d9f1,10264.574004682003,0.0028837072551187847,2.809378405575753e-07,5.597501286410553,0.0,10.0,0.01600700841777889,0.0,0.02854804195189162,0.04455505036967053,0.0,Canada,CAN,ontario,,,macOS-15.7.9-x86_64-i386-64bit,3.11.15,3.3.0,8,Intel(R) Core(TM) i7-1060NG7 CPU @ 1.20GHz,0,,-79.4057,43.709,16.0,machine,5.7304160125588695,0,68.59118916797527,7.963109529561113,N,1.0,0.0
2026-09-26T04:41:29,codecarbon,7b39bea9-b149-4954-8f6f-093764bed48b,5b0fa12a-3dd7-45bb-9766-cc326314d9f1,10279.592345102003,0.0028876865589607787,2.8091450147210336e-07,5.59595876598552,0.0,10.0,0.01602677890106155,0.0,0.028589754159961053,0.044616533061022624,0.0,Canada,CAN,ontario,,,macOS-15.7.9-x86_64-i386-64bit,3.11.15,3.3.0,8,Intel(R) Core(TM) i7-1060NG7 CPU @ 1.20GHz,0,,-79.4057,43.709,16.0,machine,5.751386303517194,0,68.58976192808899,7.963414260312628,N,1.0,0.0
2026-09-26T04:41:44,codecarbon,7b39bea9-b149-4954-8f6f-093764bed48b,5b0fa12a-3dd7-45bb-9766-cc326314d9f1,10294.611731465,0.002891381262364569,2.8086355637164997e-07,5.593125119593606,0.0,10.0,0.01604214978183126,0.0,0.02863146871876385,0.044673618500595126,0.0,Canada,CAN,ontario,,,macOS-15.7.9-x86_64-i386-64bit,3.11.15,3.3.0,8,Intel(R) Core(TM) i7-1060NG7 CPU @ 1.20GHz,0,,-79.4057,43.709,16.0,machine,5.742946585795343,0,68.58835844257523,7.963724759944706,N,1.0,0.0
2026-09-26T04:41:59,codecarbon,7b39bea9-b149-4954-8f6f-093764bed48b,5b0fa12a-3dd7-45bb-9766-cc326314d9f1,10309.631430634003,0.0028950468041860754,2.8080992261117537e-07,5.590195090576197,0.0,10.0,0.016057068784586275,0.0,0.028673184591202716,0.04473025337578901,0.0,Canada,CAN,ontario,,,macOS-15.7.9-x86_64-i386-64bit,3.11.15,3.3.0,8,Intel(R) Core(TM) i7-1060NG7 CPU @ 1.20GHz,0,,-79.4057,43.709,16.0,machine,5.744300087916381,0,68.58660740451346,7.963976276588123,N,1.0,0.0
2026-09-26T04:42:14,codecarbon,7b39bea9-b149-4954-8f6f-093764bed48b,5b0fa12a-3dd7-45bb-9766-cc326314d9f1,10324.646552209004,0.002898772928087271,2.807624370896325e-07,5.587542444337921,0.0,10.0,0.016072942915028983,0.0,0.02871488136633882,0.04478782428136783,0.0,Canada,CAN,ontario,,,macOS-15.7.9-x86_64-i386-64bit,3.11.15,3.3.0,8,Intel(R) Core(TM) i7-1060NG7 CPU @ 1.20GHz,0,,-79.4057,43.709,16.0,machine,5.735895435037065,0,68.58501755755016,7.964255258156087,N,1.0,0.0
2026-09-26T04:42:29,codecarbon,7b39bea9-b149-4954-8f6f-093764bed48b,5b0fa12a-3dd7-45bb-9766-cc326314d9f1,10339.662015781,0.0029024776373609076,2.807130090839503e-07,5.584777604659524,0.0,10.0,0.016088482282968525,0.0,0.028756582034813818,0.04484506431778237,0.0,Canada,CAN,ontario,,,macOS-15.7.9-x86_64-i386-64bit,3.11.15,3.3.0,8,Intel(R) Core(TM) i7-1060NG7 CPU @ 1.20GHz,0,,-79.4057,43.709,16.0,machine,5.737255283919353,0,68.58340313626223,7.964526382569644,N,1.0,0.0
2026-09-26T04:42:44,codecarbon,7b39bea9-b149-4954-8f6f-093764bed48b,5b0fa12a-3dd7-45bb-9766-cc326314d9f1,10354.677507645003,0.0029062784247065585,2.806730023760578e-07,5.582387309183534,0.0,10.0,0.016105504209829744,0.0,0.02879828460966103,0.04490378881949081,0.0,Canada,CAN,ontario,,,macOS-15.7.9-x86_64-i386-64bit,3.11.15,3.3.0,8,Intel(R) Core(TM) i7-1060NG7 CPU @ 1.20GHz,0,,-79.4057,43.709,16.0,machine,5.738611165142967,0,68.58157945924961,7.964761305495334,N,1.0,0.0
2026-09-26T04:42:59,codecarbon,7b39bea9-b149-4954-8f6f-093764bed48b,5b0fa12a-3dd7-45bb-9766-cc326314d9f1,10369.693902479998,0.0029099575617609935,2.8062135576297517e-07,5.579547521937727,0.0,10.0,0.016120644712621358,0.0,0.028839989036772158,0.044960633749393554,0.0,Canada,CAN,ontario,,,macOS-15.7.9-x86_64-i386-64bit,3.11.15,3.3.0,8,Intel(R) Core(TM) i7-1060NG7 CPU @ 1.20GHz,0,,-79.4057,43.709,16.0,machine,5.74052059052059,0,68.57951631701677,7.96492449887149,N,1.0,0.0
2026-09-26T04:43:14,codecarbon,7b39bea9-b149-4954-8f6f-093764bed48b,5b0fa12a-3dd7-45bb-9766-cc326314d9f1,10384.718987668999,0.0029136167057322144,2.805676984800354e-07,5.576608758860048,0.0,10.0,0.01613545853540799,0.0,0.028881711238458264,0.04501716977386629,0.0,Canada,CAN,ontario,,,macOS-15.7.9-x86_64-i386-64bit,3.11.15,3.3.0,8,Intel(R) Core(TM) i7-1060NG7 CPU @ 1.20GHz,0,,-79.4057,43.709,16.0,machine,5.7321695276888756,0,68.57729609155314,7.965095359825184,N,1.0,0.0
2026-09-26T04:43:29,codecarbon,7b39bea9-b149-4954-8f6f-093764bed48b,5b0fa12a-3dd7-45bb-9766-cc326314d9f1,10399.739659903,0.002917281514297972,2.8051485995805997e-07,5.573712116540655,0.0,10.0,0.016150366446905227,0.0,0.028923426872902704,0.04507379331980796,0.0,Canada,CAN,ontario,,,macOS-15.7.9-x86_64-i386-64bit,3.11.15,3.3.0,8,Intel(R) Core(TM) i7-1060NG7 CPU @ 1.20GHz,0,,-79.4057,43.709,16.0,machine,5.723842727096649,0,68.57504357931477,7.9652650649524945,N,1.0,0.0
2026-09-26T04:43:44,codecarbon,7b39bea9-b149-4954-8f6f-093764bed48b,5b0fa12a-3dd7-45bb-9766-cc326314d9f1,10414.756689014004,0.002920978843418394,2.804653945012067e-07,5.570996382775398,0.0,10.0,0.01616578715024489,0.0,0.02896513217807213,0.04513091932831705,0.0,Canada,CAN,ontario,,,macOS-15.7.9-x86_64-i386-64bit,3.11.15,3.3.0,8,Intel(R) Core(TM) i7-1060NG7 CPU @ 1.20GHz,0,,-79.4057,43.709,16.0,machine,5.734880572478483,0,68.57318441156609,7.965497806609202,N,1.0,0.0
2026-09-26T04:43:59,codecarbon,7b39bea9-b149-4954-8f6f-093764bed48b,5b0fa12a-3dd7-45bb-9766-cc326314d9f1,10429.774343458997,0.002924804506152107,2.8042835921818283e-07,5.568928753873342,0.0,10.0,0.016183190200153835,0.0,0.02900683796991381,0.045190028170067675,0.0,Canada,CAN,ontario,,,macOS-15.7.9-x86_64-i386-64bit,3.11.15,3.3.0,8,Intel(R) Core(TM) i7-1060NG7 CPU @ 1.20GHz,0,,-79.4057,43.709,16.0,machine,5.7362302047122435,0,68.57125337968377,7.965716076891779,N,1.0,0.0
2026-09-26T04:44:14,codecarbon,7b39bea9-b149-4954-8f6f-093764bed48b,5b0fa12a-3dd7-45bb-9766-cc326314d9f1,10444.791783360004,0.002929441861645232,2.8046914887400984e-07,5.571026095407002,0.0,10.0,0.016213133488460475,0.0,0.029048544675624923,0.04526167816408544,0.0,Canada,CAN,ontario,,,macOS-15.7.9-x86_64-i386-64bit,3.11.15,3.3.0,8,Intel(R) Core(TM) i7-1060NG7 CPU @ 1.20GHz,0,,-79.4057,43.709,16.0,machine,5.737575932889788,0,68.56994503905167,7.966023358047186,N,1.0,0.0
2026-09-26T04:44:29,codecarbon,7b39bea9-b149-4954-8f6f-093764bed48b,5b0fa12a-3dd7-45bb-9766-cc326314d9f1,10459.811435106003,0.0029332169700274015,2.8042732779892367e-07,5.568604219953073,0.0,10.0,0.016229747571659046,0.0,0.029090258338358252,0.045320005910017336,0.0,Canada,CAN,ontario,,,macOS-15.7.9-x86_64-i386-64bit,3.11.15,3.3.0,8,Intel(R) Core(TM) i7-1060NG7 CPU @ 1.20GHz,0,,-79.4057,43.709,16.0,machine,5.729289428076256,0,68.56866936260394,7.966333887697804,N,1.0,0.0
2026-09-26T04:44:44,codecarbon,7b39bea9-b149-4954-8f6f-093764bed48b,5b0fa12a-3dd7-45bb-9766-cc326314d9f1,10474.833965519003,0.0029369911094950262,2.8038545710251796e-07,5.566308458812006,0.0,10.0,0.016246339507920975,0.0,0.029131979177702685,0.0453783186856237,0.0,Canada,CAN,ontario,,,macOS-15.7.9-x86_64-i386-64bit,3.11.15,3.3.0,8,Intel(R) Core(TM) i7-1060NG7 CPU @ 1.20GHz,0,,-79.4057,43.709,16.0,machine,5.735448514565906,0,68.56713777521435,7.966600809976604,N,1.0,0.0
2026-09-26T04:44:59,codecarbon,7b39bea9-b149-4954-8f6f-093764bed48b,5b0fa12a-3dd7-45bb-9766-cc326314d9f1,10489.858377177003,0.0029406880229527403,2.8033629408675855e-07,5.563593860769552,0.0,10.0,0.016261734684427303,0.0,0.029173703587461016,0.045435438271888354,0.0,Canada,CAN,ontario,,,macOS-15.7.9-x86_64-i386-64bit,3.11.15,3.3.0,8,Intel(R) Core(TM) i7-1060NG7 CPU @ 1.20GHz,0,,-79.4057,43.709,16.0,machine,5.727188940092165,0,68.56545698924778,7.966847089029128,N,1.0,0.0
2026-09-26T04:45:14,codecarbon,7b39bea9-b149-4954-8f6f-093764bed48b,5b0fa12a-3dd7-45bb-9766-cc326314d9f1,10504.876197939,0.0029444234782070606,2.8029111649928257e-07,5.561168053248049,0.0,10.0,0.016277742120286147,0.0,0.02921541123232491,0.04549315335261108,0.0,Canada,CAN,ontario,,,macOS-15.7.9-x86_64-i386-64bit,3.11.15,3.3.0,8,Intel(R) Core(TM) i7-1060NG7 CPU @ 1.20GHz,0,,-79.4057,43.709,16.0,machine,5.728539929057616,0,68.56379062410173,7.967095033581448,N,1.0,0.0
2026-09-26T04:45:29,codecarbon,7b39bea9-b149-4954-8f6f-093764bed48b,5b0fa12a-3dd7-45bb-9766-cc326314d9f1,10519.895222732,0.0029487508633994942,2.803023034894551e-07,5.561610768646551,0.0,10.0,0.016302890675012095,0.0,0.02925712343986102,0.045560014114873135,0.0,Canada,CAN,ontario,,,macOS-15.7.9-x86_64-i386-64bit,3.11.15,3.3.0,8,Intel(R) Core(TM) i7-1060NG7 CPU @ 1.20GHz,0,,-79.4057,43.709,16.0,machine,5.739460080413555,0,68.56254068543035,7.967406308128303,N,1.0,0.0
2026-09-26T04:45:44,codecarbon,7b39bea9-b149-4954-8f6f-093764bed48b,5b0fa12a-3dd7-45bb-9766-cc326314d9f1,10534.915313218004,0.002952471527425898,2.802558387651655e-07,5.55908071688617,0.0,10.0,0.016318661161567945,0.0,0.02929883950046102,0.04561750066202898,0.0,Canada,CAN,ontario,,,macOS-15.7.9-x86_64-i386-64bit,3.11.15,3.3.0,8,Intel(R) Core(TM) i7-1060NG7 CPU @ 1.20GHz,0,,-79.4057,43.709,16.0,machine,5.731230283911671,0,68.56101711117536,7.967673883054307,N,1.0,0.0
2026-09-26T04:45:59,codecarbon,7b39bea9-b149-4954-8f6f-093764bed48b,5b0fa12a-3dd7-45bb-9766-cc326314d9f1,10549.936829299,0.002956145725989587,2.802050641459633e-07,5.556212244053403,0.0,10.0,0.016333712031460182,0.0,0.029340557257752673,0.04567426928921287,0.0,Canada,CAN,ontario,,,macOS-15.7.9-x86_64-i386-64bit,3.11.15,3.3.0,8,Intel(R) Core(TM) i7-1060NG7 CPU @ 1.20GHz,0,,-79.4057,43.709,16.0,machine,5.723024054982817,0,68.55951699121853,7.96793749715682,N,1.0,0.0
2026-09-26T04:46:14,codecarbon,7b39bea9-b149-4954-8f6f-093764bed48b,5b0fa12a-3dd7-45bb-9766-cc326314d9f1,10564.949236147,0.002959836076630193,2.8015620430085804e-07,5.55340779147448,0.0,10.0,0.016349033679373178,0.0,0.029382253796544335,0.04573128747591754,0.0,Canada,CAN,ontario,,,macOS-15.7.9-x86_64-i386-64bit,3.11.15,3.3.0,8,Intel(R) Core(TM) i7-1060NG7 CPU @ 1.20GHz,0,,-79.4057,43.709,16.0,machine,5.714841292536459,0,68.55764941378376,7.968161248692611,N,1.0,0.0
2026-09-26T04:46:29,codecarbon,7b39bea9-b149-4954-8f6f-093764bed48b,5b0fa12a-3dd7-45bb-9766-cc326314d9f1,10579.961312415999,0.002963472828169225,2.801024257708271e-07,5.55044111802738,0.0,10.0,0.016363528499187707,0.0,0.02942394902435545,0.04578747752354318,0.0,Canada,CAN,ontario,,,macOS-15.7.9-x86_64-i386-64bit,3.11.15,3.3.0,8,Intel(R) Core(TM) i7-1060NG7 CPU @ 1.20GHz,0,,-79.4057,43.709,16.0,machine,5.706681896059394,0,68.55575861412576,7.968381971398831,N,1.0,0.0
2026-09-26T04:46:44,codecarbon,7b39bea9-b149-4954-8f6f-093764bed48b,5b0fa12a-3dd7-45bb-9766-cc326314d9f1,10594.975883307005,0.0029671562017889027,2.800531340957395e-07,5.547754803776326,0.0,10.0,0.01637873770976476,0.0,0.02946565020121933,0.04584438791098412,0.0,Canada,CAN,ontario,,,macOS-15.7.9-x86_64-i386-64bit,3.11.15,3.3.0,8,Intel(R) Core(TM) i7-1060NG7 CPU @ 1.20GHz,0,,-79.4057,43.709,16.0,machine,5.698545765611633,0,68.553683109971,7.9685779934475125,N,1.0,0.0
2026-09-26T04:46:59,codecarbon,7b39bea9-b149-4954-8f6f-093764bed48b,5b0fa12a-3dd7-45bb-9766-cc326314d9f1,10609.990350520002,0.0029708836327370517,2.8000813710367296e-07,5.545108366233228,0.0,10.0,0.016394625038275545,0.0,0.029507353972966544,0.045901979011242114,0.0,Canada,CAN,ontario,,,macOS-15.7.9-x86_64-i386-64bit,3.11.15,3.3.0,8,Intel(R) Core(TM) i7-1060NG7 CPU @ 1.20GHz,0,,-79.4057,43.709,16.0,machine,5.699924069855732,0,68.55138572513337,7.968752391427054,N,1.0,0.0
2026-09-26T04:47:15,codecarbon,7b39bea9-b149-4954-8f6f-093764bed48b,5b0fa12a-3dd7-45bb-9766-cc326314d9f1,10625.005120832004,0.0029745087420890034,2.799536290346824e-07,5.542146341257157,0.0,10.0,0.016408931120898893,0.0,0.02954905805901932,0.04595798917991824,0.0,Canada,CAN,ontario,,,macOS-15.7.9-x86_64-i386-64bit,3.11.15,3.3.0,8,Intel(R) Core(TM) i7-1060NG7 CPU @ 1.20GHz,0,,-79.4057,43.709,16.0,machine,5.691820680504217,0,68.54911382807367,7.968929629180796,N,1.0,0.0
2026-09-26T04:47:30,codecarbon,7b39bea9-b149-4954-8f6f-093764bed48b,5b0fa12a-3dd7-45bb-9766-cc326314d9f1,10640.024196841001,0.0029781371868840955,2.798994750188912e-07,5.539158338131367,0.0,10.0,0.01642328014451981,0.0,0.029590770738722107,0.046014050883241946,0.0,Canada,CAN,ontario,,,macOS-15.7.9-x86_64-i386-64bit,3.11.15,3.3.0,8,Intel(R) Core(TM) i7-1060NG7 CPU @ 1.20GHz,0,,-79.4057,43.709,16.0,machine,5.683740299072496,0,68.5467915956848,7.9691010279658165,N,1.0,0.0
2026-09-26T04:47:45,codecarbon,7b39bea9-b149-4954-8f6f-093764bed48b,5b0fa12a-3dd7-45bb-9766-cc326314d9f1,10655.039096185003,0.002981776813617269,2.798466328185396e-07,5.536227214699368,0.0,10.0,0.01643781200870465,0.0,0.029632473345680446,0.04607028535438512,0.0,Canada,CAN,ontario,,,macOS-15.7.9-x86_64-i386-64bit,3.11.15,3.3.0,8,Intel(R) Core(TM) i7-1060NG7 CPU @ 1.20GHz,0,,-79.4057,43.709,16.0,machine,5.6756828277100455,0,68.54466496550472,7.969301850164154,N,1.0,0.0
2026-09-26T04:48:00,codecarbon,7b39bea9-b149-4954-8f6f-093764bed48b,5b0fa12a-3dd7-45bb-9766-cc326314d9f1,10670.050114669004,0.0029854015801520895,2.797926484007615e-07,5.533186699265542,0.0,10.0,0.016452125414203624,0.0,0.029674164812122112,0.046126290226325764,0.0,Canada,CAN,ontario,,,macOS-15.7.9-x86_64-i386-64bit,3.11.15,3.3.0,8,Intel(R) Core(TM) i7-1060NG7 CPU @ 1.20GHz,0,,-79.4057,43.709,16.0,machine,5.667648169120422,0,68.54337485843763,7.969643793721701,N,1.0,0.0
2026-09-26T04:48:15,codecarbon,7b39bea9-b149-4954-8f6f-093764bed48b,5b0fa12a-3dd7-45bb-9766-cc326314d9f1,10685.065799768,0.0029890275013710207,2.7973880155571156e-07,5.530141842378863,0.0,10.0,0.01646644226160437,0.0,0.029715870677241556,0.04618231293884596,0.0,Canada,CAN,ontario,,,macOS-15.7.9-x86_64-i386-64bit,3.11.15,3.3.0,8,Intel(R) Core(TM) i7-1060NG7 CPU @ 1.20GHz,0,,-79.4057,43.709,16.0,machine,5.659636226557345,0,68.54250306285975,7.97005095736671,N,1.0,0.0
2026-09-26T04:48:30,codecarbon,7b39bea9-b149-4954-8f6f-093764bed48b,5b0fa12a-3dd7-45bb-9766-cc326314d9f1,10700.078521524,0.0029925975464625528,2.796799612678282e-07,5.5269470707754635,0.0,10.0,0.016479906795349112,0.0,0.029757565535488795,0.04623747233083794,0.0,Canada,CAN,ontario,,,macOS-15.7.9-x86_64-i386-64bit,3.11.15,3.3.0,8,Intel(R) Core(TM) i7-1060NG7 CPU @ 1.20GHz,0,,-79.4057,43.709,16.0,machine,5.661057782796913,0,68.54040090344488,7.970262283348171,N,1.0,0.0
2026-09-26T04:48:45,codecarbon,7b39bea9-b149-4954-8f6f-093764bed48b,5b0fa12a-3dd7-45bb-9766-cc326314d9f1,10715.091869289,0.002996341050080091,2.7963745776814445e-07,5.524595953093309,0.0,10.0,0.01649604507782996,0.0,0.029799266685891574,0.046295311763721564,0.0,Canada,CAN,ontario,,,macOS-15.7.9-x86_64-i386-64bit,3.11.15,3.3.0,8,Intel(R) Core(TM) i7-1060NG7 CPU @ 1.20GHz,0,,-79.4057,43.709,16.0,machine,5.653609022556391,0,68.54052631578999,7.970796725624486,N,1.0,0.0
2026-09-26T04:49:00,codecarbon,7b39bea9-b149-4954-8f6f-093764bed48b,5b0fa12a-3dd7-45bb-9766-cc326314d9f1,10730.104801409001,0.0030000544916955413,2.795922823886674e-07,5.522070245489674,0.0,10.0,0.016511719867561992,0.0,0.02984096685262488,0.0463526867201869,0.0,Canada,CAN,ontario,,,macOS-15.7.9-x86_64-i386-64bit,3.11.15,3.3.0,8,Intel(R) Core(TM) i7-1060NG7 CPU @ 1.20GHz,0,,-79.4057,43.709,16.0,machine,5.645649929610511,0,68.53961520413002,7.9712041449401365,N,1.0,0.0
2026-09-26T04:49:15,codecarbon,7b39bea9-b149-4954-8f6f-093764bed48b,5b0fa12a-3dd7-45bb-9766-cc326314d9f1,10745.113566395998,0.0030038471345708363,2.795547125686036e-07,5.519982195798156,0.0,10.0,0.016528632688797947,0.0,0.029882652696022097,0.04641128538482007,0.0,Canada,CAN,ontario,,,macOS-15.7.9-x86_64-i386-64bit,3.11.15,3.3.0,8,Intel(R) Core(TM) i7-1060NG7 CPU @ 1.20GHz,0,,-79.4057,43.709,16.0,machine,5.6470852858481715,0,68.53911902530511,7.971676685436932,N,1.0,0.0
2026-09-26T04:49:30,codecarbon,7b39bea9-b149-4954-8f6f-093764bed48b,5b0fa12a-3dd7-45bb-9766-cc326314d9f1,10760.125795493,0.0030082822683827446,2.7957686792498257e-07,5.520793251641765,0.0,10.0,0.01655546251488874,0.0,0.029924348414622097,0.04647981092951086,0.0,Canada,CAN,ontario,,,macOS-15.7.9-x86_64-i386-64bit,3.11.15,3.3.0,8,Intel(R) Core(TM) i7-1060NG7 CPU @ 1.20GHz,0,,-79.4057,43.709,16.0,machine,5.639157697707065,0,68.53865231633182,7.972169541754787,N,1.0,0.0
2026-09-26T04:49:45,codecarbon,7b39bea9-b149-4954-8f6f-093764bed48b,5b0fa12a-3dd7-45bb-9766-cc326314d9f1,10775.140027573998,0.003012021729590031,2.7953434682817593e-07,5.518475898496277,0.0,10.0,0.016571537749437076,0.0,0.029966050155233195,0.04653758790467029,0.0,Canada,CAN,ontario,,,macOS-15.7.9-x86_64-i386-64bit,3.11.15,3.3.0,8,Intel(R) Core(TM) i7-1060NG7 CPU @ 1.20GHz,0,,-79.4057,43.709,16.0,machine,5.631252336448598,0,68.53708411215003,7.972488896735361,N,1.0,0.0
2026-09-26T04:50:00,codecarbon,7b39bea9-b149-4954-8f6f-093764bed48b,5b0fa12a-3dd7-45bb-9766-cc326314d9f1,10790.150464205999,0.0030161016843960413,2.795235983410342e-07,5.517685408404436,0.0,10.0,0.016592884767607074,0.0,0.030007740947702644,0.046600625715309735,0.0,Canada,CAN,ontario,,,macOS-15.7.9-x86_64-i386-64bit,3.11.15,3.3.0,8,Intel(R) Core(TM) i7-1060NG7 CPU @ 1.20GHz,0,,-79.4057,43.709,16.0,machine,5.623369108726084,0,68.53589360709337,7.972870169963116,N,1.0,0.0
2026-09-26T04:50:15,codecarbon,7b39bea9-b149-4954-8f6f-093764bed48b,5b0fa12a-3dd7-45bb-9766-cc326314d9f1,10805.161394160004,0.0030199733771674345,2.7949359264542553e-07,5.515973406433323,0.0,10.0,0.016611014830181216,0.0,0.03004943091926654,0.04666044574944777,0.0,Canada,CAN,ontario,,,macOS-15.7.9-x86_64-i386-64bit,3.11.15,3.3.0,8,Intel(R) Core(TM) i7-1060NG7 CPU @ 1.20GHz,0,,-79.4057,43.709,16.0,machine,5.634147250698974,0,68.53522833178057,7.973337765753214,N,1.0,0.0
2026-09-26T04:50:30,codecarbon,7b39bea9-b149-4954-8f6f-093764bed48b,5b0fa12a-3dd7-45bb-9766-cc326314d9f1,10820.177906005,0.0030245135513399268,2.795253070341272e-07,5.516681095530928,0.0,10.0,0.01663945726028827,0.0,0.030091136972013773,0.04673059423230205,0.0,Canada,CAN,ontario,,,macOS-15.7.9-x86_64-i386-64bit,3.11.15,3.3.0,8,Intel(R) Core(TM) i7-1060NG7 CPU @ 1.20GHz,0,,-79.4057,43.709,16.0,machine,5.635588645881805,0,68.53431363424902,7.973767025229985,N,1.0,0.0
2026-09-26T04:50:45,codecarbon,7b39bea9-b149-4954-8f6f-093764bed48b,5b0fa12a-3dd7-45bb-9766-cc326314d9f1,10835.190835061,0.0030283068500119035,2.794880954207813e-07,5.514801058383599,0.0,10.0,0.016656368053486213,0.0,0.030132834975910995,0.04678920302939722,0.0,Canada,CAN,ontario,,,macOS-15.7.9-x86_64-i386-64bit,3.11.15,3.3.0,8,Intel(R) Core(TM) i7-1060NG7 CPU @ 1.20GHz,0,,-79.4057,43.709,16.0,machine,5.627732342007435,0,68.53331784386668,7.974187219896281,N,1.0,0.0
2026-09-26T04:51:00,codecarbon,7b39bea9-b149-4954-8f6f-093764bed48b,5b0fa12a-3dd7-45bb-9766-cc326314d9f1,10850.211009875002,0.0030321754554414946,2.794577407464103e-07,5.512961668732062,0.0,10.0,0.01667442174358935,0.0,0.03017455361861656,0.04684897536220592,0.0,Canada,CAN,ontario,,,macOS-15.7.9-x86_64-i386-64bit,3.11.15,3.3.0,8,Intel(R) Core(TM) i7-1060NG7 CPU @ 1.20GHz,0,,-79.4057,43.709,16.0,machine,5.619897911832946,0,68.53257540603302,7.9746446153680575,N,1.0,0.0
2026-09-26T04:51:15,codecarbon,7b39bea9-b149-4954-8f6f-093764bed48b,5b0fa12a-3dd7-45bb-9766-cc326314d9f1,10865.222447837,0.003035898622331159,2.794143089942472e-07,5.510647143770938,0.0,10.0,0.01669025303122996,0.0,0.030216247548908257,0.046906500580138226,0.0,Canada,CAN,ontario,,,macOS-15.7.9-x86_64-i386-64bit,3.11.15,3.3.0,8,Intel(R) Core(TM) i7-1060NG7 CPU @ 1.20GHz,0,,-79.4057,43.709,16.0,machine,5.612085264133456,0,68.53209453197462,7.975143949139218,N,1.0,0.0
2026-09-26T04:51:30,codecarbon,7b39bea9-b149-4954-8f6f-093764bed48b,5b0fa12a-3dd7-45bb-9766-cc326314d9f1,10880.23798712,0.0030395553410293443,2.7936478454125387e-07,5.507952251999147,0.0,10.0,0.01670505050212074,0.0,0.030257948630530457,0.0469629991326512,0.0,Canada,CAN,ontario,,,macOS-15.7.9-x86_64-i386-64bit,3.11.15,3.3.0,8,Intel(R) Core(TM) i7-1060NG7 CPU @ 1.20GHz,0,,-79.4057,43.709,16.0,machine,5.613549282739472,0,68.53064322073172,7.975489419480818,N,1.0,0.0
2026-09-26T04:51:45,codecarbon,7b39bea9-b149-4954-8f6f-093764bed48b,5b0fa12a-3dd7-45bb-9766-cc326314d9f1,10895.249778068002,0.0030432067333259053,2.7931500381495075e-07,5.505189912758513,0.0,10.0,0.01671977172968936,0.0,0.030299643659294353,0.04701941538898371,0.0,Canada,CAN,ontario,,,macOS-15.7.9-x86_64-i386-64bit,3.11.15,3.3.0,8,Intel(R) Core(TM) i7-1060NG7 CPU @ 1.20GHz,0,,-79.4057,43.709,16.0,machine,5.605767097966727,0,68.52913123844789,7.9758226634394,N,1.0,0.0
2026-09-26T04:52:00,codecarbon,7b39bea9-b149-4954-8f6f-093764bed48b,5b0fa12a-3dd7-45bb-9766-cc326314d9f1,10910.260831695003,0.0030468460434011995,2.792642715332632e-07,5.502384811343933,0.0,10.0,0.016734306769459695,0.0,0.030341338198108237,0.04707564496756793,0.0,Canada,CAN,ontario,,,macOS-15.7.9-x86_64-i386-64bit,3.11.15,3.3.0,8,Intel(R) Core(TM) i7-1060NG7 CPU @ 1.20GHz,0,,-79.4057,43.709,16.0,machine,5.598006460544531,0,68.52718043377996,7.9760796976903645,N,1.0,0.0
2026-09-26T04:52:15,codecarbon,7b39bea9-b149-4954-8f6f-093764bed48b,5b0fa12a-3dd7-45bb-9766-cc326314d9f1,10925.275273264004,0.0030504684804246837,2.7921204767166794e-07,5.499513031359702,0.0,10.0,0.016748574695253825,0.0,0.030383039151872113,0.047131613847125935,0.0,Canada,CAN,ontario,,,macOS-15.7.9-x86_64-i386-64bit,3.11.15,3.3.0,8,Intel(R) Core(TM) i7-1060NG7 CPU @ 1.20GHz,0,,-79.4057,43.709,16.0,machine,5.6,0,68.52507143515588,7.976278976467152,N,1.0,0.0
2026-09-26T04:52:30,codecarbon,7b39bea9-b149-4954-8f6f-093764bed48b,5b0fa12a-3dd7-45bb-9766-cc326314d9f1,10940.286368183999,0.0030541010964019164,2.791609829596145e-07,5.496718065030685,0.0,10.0,0.01676300979638993,0.0,0.030424730201388774,0.0471877399977787,0.0,Canada,CAN,ontario,,,macOS-15.7.9-x86_64-i386-64bit,3.11.15,3.3.0,8,Intel(R) Core(TM) i7-1060NG7 CPU @ 1.20GHz,0,,-79.4057,43.709,16.0,machine,5.601472754050073,0,68.5228737113408,7.976497780065298,N,1.0,0.0
2026-09-26T04:52:45,codecarbon,7b39bea9-b149-4954-8f6f-093764bed48b,5b0fa12a-3dd7-45bb-9766-cc326314d9f1,10955.299983073,0.003057729751220654,2.791096324103532e-07,5.493886087506003,0.0,10.0,0.016777378365730355,0.0,0.03046642658036653,0.04724380494609688,0.0,Canada,CAN,ontario,,,macOS-15.7.9-x86_64-i386-64bit,3.11.15,3.3.0,8,Intel(R) Core(TM) i7-1060NG7 CPU @ 1.20GHz,0,,-79.4057,43.709,16.0,machine,5.593749425498666,0,68.52064527989766,7.976714477062181,N,1.0,0.0
2026-09-26T04:53:00,codecarbon,7b39bea9-b149-4954-8f6f-093764bed48b,5b0fa12a-3dd7-45bb-9766-cc326314d9f1,10970.311434516003,0.00306142797048335,2.790648186022457e-07,5.491441804955755,0.0,10.0,0.016792823883412716,0.0,0.03050812082443877,0.04730094470785148,0.0,Canada,CAN,ontario,,,macOS-15.7.9-x86_64-i386-64bit,3.11.15,3.3.0,8,Intel(R) Core(TM) i7-1060NG7 CPU @ 1.20GHz,0,,-79.4057,43.709,16.0,machine,5.5906370479162835,0,68.51888195336946,7.977006944446623,N,1.0,0.0
2026-09-26T04:53:15,codecarbon,7b39bea9-b149-4954-8f6f-093764bed48b,5b0fa12a-3dd7-45bb-9766-cc326314d9f1,10985.319619509002,0.0030651013079130932,2.790179452284421e-07,5.488840520300785,0.0,10.0,0.016807895549997617,0.0,0.030549804479988757,0.04735770002998638,0.0,Canada,CAN,ontario,,,macOS-15.7.9-x86_64-i386-64bit,3.11.15,3.3.0,8,Intel(R) Core(TM) i7-1060NG7 CPU @ 1.20GHz,0,,-79.4057,43.709,16.0,machine,5.582949857915482,0,68.51782014850185,7.9774045770246325,N,1.0,0.0
2026-09-26T04:53:30,codecarbon,7b39bea9-b149-4954-8f6f-093764bed48b,5b0fa12a-3dd7-45bb-9766-cc326314d9f1,11000.332033191004,0.0030687330454443646,2.7896731082163334e-07,5.486037203064557,0.0,10.0,0.01682231299809509,0.0,0.03059149961001377,0.047413812608108855,0.0,Canada,CAN,ontario,,,macOS-15.7.9-x86_64-i386-64bit,3.11.15,3.3.0,8,Intel(R) Core(TM) i7-1060NG7 CPU @ 1.20GHz,0,,-79.4057,43.709,16.0,machine,5.5752837788355905,0,68.5172098132558,7.977869420032368,N,1.0,0.0
2026-09-26T04:53:45,codecarbon,7b39bea9-b149-4954-8f6f-093764bed48b,5b0fa12a-3dd7-45bb-9766-cc326314d9f1,11015.344214932,0.0030723323559954437,2.78913876502443e-07,5.4831216393499025,0.0,10.0,0.01683622811213329,0.0,0.030633196057313763,0.04746942416944704,0.0,Canada,CAN,ontario,,,macOS-15.7.9-x86_64-i386-64bit,3.11.15,3.3.0,8,Intel(R) Core(TM) i7-1060NG7 CPU @ 1.20GHz,0,,-79.4057,43.709,16.0,machine,5.576780327269402,0,68.51586982356763,7.978215957670894,N,1.0,0.0
2026-09-26T04:54:00,codecarbon,7b39bea9-b149-4954-8f6f-093764bed48b,5b0fa12a-3dd7-45bb-9766-cc326314d9f1,11030.355720142998,0.003075945211267136,2.7886183268324e-07,5.480208339740045,0.0,10.0,0.016850356171595107,0.0,0.03067488883345266,0.047525245005047755,0.0,Canada,CAN,ontario,,,macOS-15.7.9-x86_64-i386-64bit,3.11.15,3.3.0,8,Intel(R) Core(TM) i7-1060NG7 CPU @ 1.20GHz,0,,-79.4057,43.709,16.0,machine,5.569143691802081,0,68.5142505021003,7.97852011181391,N,1.0,0.0
2026-09-26T04:54:15,codecarbon,7b39bea9-b149-4954-8f6f-093764bed48b,5b0fa12a-3dd7-45bb-9766-cc326314d9f1,11045.365956007005,0.0030795244214630213,2.788069162876606e-07,5.477186802247791,0.0,10.0,0.016863966671940796,0.0,0.03071657933159711,0.047580546003537894,0.0,Canada,CAN,ontario,,,macOS-15.7.9-x86_64-i386-64bit,3.11.15,3.3.0,8,Intel(R) Core(TM) i7-1060NG7 CPU @ 1.20GHz,0,,-79.4057,43.709,16.0,machine,5.570644543714103,0,68.5122344789868,7.978757404609435,N,1.0,0.0
2026-09-26T04:54:30,codecarbon,7b39bea9-b149-4954-8f6f-093764bed48b,5b0fa12a-3dd7-45bb-9766-cc326314d9f1,11060.378285433999,0.003083165825582077,2.7875771931259007e-07,5.474568476420779,0.0,10.0,0.016878533170291598,0.0,0.030758274766094332,0.047636807936385916,0.0,Canada,CAN,ontario,,,macOS-15.7.9-x86_64-i386-64bit,3.11.15,3.3.0,8,Intel(R) Core(TM) i7-1060NG7 CPU @ 1.20GHz,0,,-79.4057,43.709,16.0,machine,5.563037144938091,0,68.51127093954904,7.979161846663773,N,1.0,0.0
2026-09-26T04:54:45,codecarbon,7b39bea9-b149-4954-8f6f-093764bed48b,5b0fa12a-3dd7-45bb-9766-cc326314d9f1,11075.390864104,0.003086756244334542,2.787040459528072e-07,5.471639959868518,0.0,10.0,0.016892310956303908,0.0,0.03079997115766378,0.047692282113967685,0.0,Canada,CAN,ontario,,,macOS-15.7.9-x86_64-i386-64bit,3.11.15,3.3.0,8,Intel(R) Core(TM) i7-1060NG7 CPU @ 1.20GHz,0,,-79.4057,43.709,16.0,machine,5.564542231111918,0,68.51125556868865,7.9797183471285695,N,1.0,0.0
2026-09-26T04:55:00,codecarbon,7b39bea9-b149-4954-8f6f-093764bed48b,5b0fa12a-3dd7-45bb-9766-cc326314d9f1,11090.402718563,0.003090424757727382,2.7865757774103745e-07,5.4691831058583364,0.0,10.0,0.01690729833887722,0.0,0.03084166456288876,0.04774896290176598,0.0,Canada,CAN,ontario,,,macOS-15.7.9-x86_64-i386-64bit,3.11.15,3.3.0,8,Intel(R) Core(TM) i7-1060NG7 CPU @ 1.20GHz,0,,-79.4057,43.709,16.0,machine,5.556963864172871,0,68.5096241147636,7.979998508382021,N,1.0,0.0
2026-09-26T04:55:15,codecarbon,7b39bea9-b149-4954-8f6f-093764bed48b,5b0fa12a-3dd7-45bb-9766-cc326314d9f1,11105.416394919,0.003094020261933452,2.7860461525324187e-07,5.466463274964879,0.0,10.0,0.016921154277319377,0.0,0.03088336137541377,0.047804515652733144,0.0,Canada,CAN,ontario,,,macOS-15.7.9-x86_64-i386-64bit,3.11.15,3.3.0,8,Intel(R) Core(TM) i7-1060NG7 CPU @ 1.20GHz,0,,-79.4057,43.709,16.0,machine,5.558473116329676,0,68.50781575845558,7.980204858657985,N,1.0,0.0
2026-09-26T04:55:30,codecarbon,7b39bea9-b149-4954-8f6f-093764bed48b,5b0fa12a-3dd7-45bb-9766-cc326314d9f1,11120.429134189002,0.003097631506163787,2.7855323466253027e-07,5.463913007980045,0.0,10.0,0.016935256178757113,0.0,0.030925055417997095,0.04786031159675421,0.0,Canada,CAN,ontario,,,macOS-15.7.9-x86_64-i386-64bit,3.11.15,3.3.0,8,Intel(R) Core(TM) i7-1060NG7 CPU @ 1.20GHz,0,,-79.4057,43.709,16.0,machine,5.559978268743208,0,68.50606664252139,7.9804003610856205,N,1.0,0.0
2026-09-26T04:55:45,codecarbon,7b39bea9-b149-4954-8f6f-093764bed48b,5b0fa12a-3dd7-45bb-9766-cc326314d9f1,11135.443809654,0.0031015150570301094,2.7852639823311e-07,5.462221791698316,0.0,10.0,0.016953555919320386,0.0,0.030966758926430415,0.0479203148457508,0.0,Canada,CAN,ontario,,,macOS-15.7.9-x86_64-i386-64bit,3.11.15,3.3.0,8,Intel(R) Core(TM) i7-1060NG7 CPU @ 1.20GHz,0,,-79.4057,43.709,16.0,machine,5.552436929197937,0,68.50589565060189,7.980754650159774,N,1.0,0.0
2026-09-26T04:56:00,codecarbon,7b39bea9-b149-4954-8f6f-093764bed48b,5b0fa12a-3dd7-45bb-9766-cc326314d9f1,11150.455064717,0.003105191258231396,2.784811238831898e-07,5.459630401443295,0.0,10.0,0.016968664732067207,0.0,0.03100844968284986,0.04797711441491707,0.0,Canada,CAN,ontario,,,macOS-15.7.9-x86_64-i386-64bit,3.11.15,3.3.0,8,Intel(R) Core(TM) i7-1060NG7 CPU @ 1.20GHz,0,,-79.4057,43.709,16.0,machine,5.553946180242008,0,68.50560772981815,7.981054530282388,N,1.0,0.0
2026-09-26T04:56:15,codecarbon,7b39bea9-b149-4954-8f6f-093764bed48b,5b0fa12a-3dd7-45bb-9766-cc326314d9f1,11165.467948253998,0.00310880759907035,2.784305694555767e-07,5.45687315923863,0.0,10.0,0.01698284161043382,0.0,0.031050147494241533,0.04803298910467536,0.0,Canada,CAN,ontario,,,macOS-15.7.9-x86_64-i386-64bit,3.11.15,3.3.0,8,Intel(R) Core(TM) i7-1060NG7 CPU @ 1.20GHz,0,,-79.4057,43.709,16.0,machine,5.5464334024709165,0,68.50515826494778,7.981326051007337,N,1.0,0.0
2026-09-26T04:56:30,codecarbon,7b39bea9-b149-4954-8f6f-093764bed48b,5b0fa12a-3dd7-45bb-9766-cc326314d9f1,11180.478598657002,0.0031124614059970675,2.7838355742400296e-07,5.4543249530985385,0.0,10.0,0.016997603908559297,0.0,0.03109183875996932,0.04808944266852861,0.0,Canada,CAN,ontario,,,macOS-15.7.9-x86_64-i386-64bit,3.11.15,3.3.0,8,Intel(R) Core(TM) i7-1060NG7 CPU @ 1.20GHz,0,,-79.4057,43.709,16.0,machine,5.538940922190201,0,68.50513328530313,7.981644091757299,N,1.0,0.0
2026-09-26T04:56:45,codecarbon,7b39bea9-b149-4954-8f6f-093764bed48b,5b0fa12a-3dd7-45bb-9766-cc326314d9f1,11195.48857713,0.00311606258515554,2.783319873614978e-07,5.4514685535380565,0.0,10.0,0.017011552767766894,0.0,0.0311335303332332,0.04814508310100009,0.0,Canada,CAN,ontario,,,macOS-15.7.9-x86_64-i386-64bit,3.11.15,3.3.0,8,Intel(R) Core(TM) i7-1060NG7 CPU @ 1.20GHz,0,,-79.4057,43.709,16.0,machine,5.53146865725335,0,68.50480259016152,7.9819161584666976,N,1.0,0.0
2026-09-26T04:57:00,codecarbon,7b39bea9-b149-4954-8f6f-093764bed48b,5b0fa12a-3dd7-45bb-9766-cc326314d9f1,11210.498872157998,0.0031197114682109577,2.7828480282523056e-07,5.4494473552915945,0.0,10.0,0.0170262387912974,0.0,0.031175221796716522,0.048201460588013924,0.0,Canada,CAN,ontario,,,macOS-15.7.9-x86_64-i386-64bit,3.11.15,3.3.0,8,Intel(R) Core(TM) i7-1060NG7 CPU @ 1.20GHz,0,,-79.4057,43.709,16.0,machine,5.528507275013472,0,68.5051014909292,7.982277354711002,N,1.0,0.0
2026-09-26T04:57:15,codecarbon,7b39bea9-b149-4954-8f6f-093764bed48b,5b0fa12a-3dd7-45bb-9766-cc326314d9f1,11225.507300663001,0.0031233948008974467,2.782408596102354e-07,5.446798743338732,0.0,10.0,0.017041464721784284,0.0,0.031216905621227645,0.048258370343011926,0.0,Canada,CAN,ontario,,,macOS-15.7.9-x86_64-i386-64bit,3.11.15,3.3.0,8,Intel(R) Core(TM) i7-1060NG7 CPU @ 1.20GHz,0,,-79.4057,43.709,16.0,machine,5.530038568481477,0,68.50522019912148,7.982574829339703,N,1.0,0.0
2026-09-26T04:57:30,codecarbon,7b39bea9-b149-4954-8f6f-093764bed48b,5b0fa12a-3dd7-45bb-9766-cc326314d9f1,11240.532072757003,0.0031269954722108213,2.78189275380436e-07,5.443938554551603,0.0,10.0,0.01705537113219227,0.0,0.03125863179677209,0.04831400292896435,0.0,Canada,CAN,ontario,,,macOS-15.7.9-x86_64-i386-64bit,3.11.15,3.3.0,8,Intel(R) Core(TM) i7-1060NG7 CPU @ 1.20GHz,0,,-79.4057,43.709,16.0,machine,5.523103108483382,0,68.50431783570772,7.982682707616636,N,1.0,0.0
2026-09-26T04:57:45,codecarbon,7b39bea9-b149-4954-8f6f-093764bed48b,5b0fa12a-3dd7-45bb-9766-cc326314d9f1,11255.538869474,0.003130622208737372,2.7814058882848265e-07,5.441237448446658,0.0,10.0,0.017069726833263764,0.0,0.031300311405224865,0.04837003823848863,0.0,Canada,CAN,ontario,,,macOS-15.7.9-x86_64-i386-64bit,3.11.15,3.3.0,8,Intel(R) Core(TM) i7-1060NG7 CPU @ 1.20GHz,0,,-79.4057,43.709,16.0,machine,5.515691536947575,0,68.50247808194715,7.982660821862459,N,1.0,0.0
2026-09-26T04:58:00,codecarbon,7b39bea9-b149-4954-8f6f-093764bed48b,5b0fa12a-3dd7-45bb-9766-cc326314d9f1,11270.553975220002,0.003134228587295676,2.780900206136048e-07,5.438481306361792,0.0,10.0,0.017083745044815444,0.0,0.03134201396006932,0.048425759004884765,0.0,Canada,CAN,ontario,,,macOS-15.7.9-x86_64-i386-64bit,3.11.15,3.3.0,8,Intel(R) Core(TM) i7-1060NG7 CPU @ 1.20GHz,0,,-79.4057,43.709,16.0,machine,5.508299830251049,0,68.50035736621152,7.982598884382805,N,1.0,0.0
2026-09-26T04:58:15,codecarbon,7b39bea9-b149-4954-8f6f-093764bed48b,5b0fa12a-3dd7-45bb-9766-cc326314d9f1,11285.567525319002,0.0031381491529083026,2.780674650050086e-07,5.436903100462843,0.0,10.0,0.017102619516976142,0.0,0.03138371463749709,0.04848633415447324,0.0,Canada,CAN,ontario,,,macOS-15.7.9-x86_64-i386-64bit,3.11.15,3.3.0,8,Intel(R) Core(TM) i7-1060NG7 CPU @ 1.20GHz,0,,-79.4057,43.709,16.0,machine,5.500927908636688,0,68.500446109922,7.982898036894162,N,1.0,0.0
